NroID Tarea;Fecha Tarea;Hora Tarea;Set Tarea;Tiempo Tarea;NroID Operario;Nombre Operario;Turno Operario;NroID Formula;Codigo de Formula;Nombre Formula;NroID Captura;NroID Producto;Set Captura;Valor Captura;NroID Materia Prima;Descripcion Materia Prima
29608;1/8/2026;03:48:50;12000.0;00:00:00;7;Aranda Marcelo Edgardo;0;1290;FP0041;TERNERO DESTETE  COMAGRO;201427;2;560.0;569.0;2;PELLET AFRECHILLO DE TRIGO
29608;1/8/2026;03:48:50;12000.0;00:00:00;7;Aranda Marcelo Edgardo;0;1290;FP0041;TERNERO DESTETE  COMAGRO;201426;5;680.0;699.0;5;MAIZ
29608;1/8/2026;03:48:50;12000.0;00:00:00;7;Aranda Marcelo Edgardo;0;1290;FP0041;TERNERO DESTETE  COMAGRO;201428;19;690.0;688.0;19;EXP SOJA
29608;1/8/2026;03:48:50;12000.0;00:00:00;7;Aranda Marcelo Edgardo;0;1290;FP0041;TERNERO DESTETE  COMAGRO;201425;184;70.0;70.9;184;PREMIX TERNERO PROFEED
29609;3/8/2026;00:00:04;10000.0;01:53:11;24;Barca, Fabian;1;1290;FP0041;TERNERO DESTETE  COMAGRO;201431;2;2800.0;2816.0;2;PELLET AFRECHILLO DE TRIGO
29614;3/8/2026;04:12:14;9990.0;00:56:59;24;Barca, Fabian;1;1210;CP-001;CRECIMIENTO POWER;201454;2;2868.0;2874.0;2;PELLET AFRECHILLO DE TRIGO
29615;3/8/2026;05:09:36;3996.0;00:22:01;24;Barca, Fabian;1;1210;CP-001;CRECIMIENTO POWER;201465;2;1912.0;1906.0;2;PELLET AFRECHILLO DE TRIGO
29616;3/8/2026;05:32:18;45000.0;01:34:35;24;Barca, Fabian;1;1259;09-142;CREC. MELAZA 12 % A.A...;201472;2;3900.0;3913.0;2;PELLET AFRECHILLO DE TRIGO
29617;3/8/2026;07:09:08;32000.0;04:41:15;7;Aranda Marcelo Edgardo;0;1259;09-142;CREC. MELAZA 12 % A.A...;201485;2;9600.0;9647.0;2;PELLET AFRECHILLO DE TRIGO
29618;3/8/2026;11:55:11;30000.0;04:03:40;7;Aranda Marcelo Edgardo;0;1120;05-113;RECRIA 16  AL 15%  A.A....;201498;2;8190.0;8207.0;2;PELLET AFRECHILLO DE TRIGO
29619;3/8/2026;15:59:47;34000.0;01:39:35;23;Pucheta Javier;1;1120;05-113;RECRIA 16  AL 15%  A.A....;201508;2;2835.0;2825.0;2;PELLET AFRECHILLO DE TRIGO
29620;3/8/2026;17:39:53;25000.0;03:48:30;23;Pucheta Javier;1;1120;05-113;RECRIA 16  AL 15%  A.A....;201522;2;7875.0;7886.0;2;PELLET AFRECHILLO DE TRIGO
29621;3/8/2026;21:32:55;30000.0;01:36:21;23;Pucheta Javier;1;1259;09-142;CREC. MELAZA 12 % A.A...;201534;2;3780.0;3783.0;2;PELLET AFRECHILLO DE TRIGO
29622;3/8/2026;23:13:00;18000.0;00:45:41;24;Barca, Fabian;1;1259;09-142;CREC. MELAZA 12 % A.A...;201546;2;1575.0;1592.0;2;PELLET AFRECHILLO DE TRIGO
29623;3/8/2026;23:59:32;4000.0;00:53:23;24;Barca, Fabian;1;1212;TPW-001;TORO POWER;201553;2;1984.0;1986.0;2;PELLET AFRECHILLO DE TRIGO
29609;3/8/2026;00:00:04;10000.0;01:53:11;24;Barca, Fabian;1;1290;FP0041;TERNERO DESTETE  COMAGRO;201429;5;3400.0;3403.0;5;MAIZ
29610;3/8/2026;01:56:44;270.0;00:02:41;24;Barca, Fabian;1;139;Limpieza;LIMPIEZA CIRCUITO;201433;5;250.0;240.0;5;MAIZ
29611;3/8/2026;02:03:01;12000.0;00:50:36;24;Barca, Fabian;1;1088;FC713;TERMINACIÓN CERDOS SANCHEZ;201436;5;8904.0;8896.0;5;MAIZ
29612;3/8/2026;02:57:45;2002.0;00:10:32;24;Barca, Fabian;1;1293;FC824;CERDAS GESTACION  (Sanchez) ;201439;5;1540.0;1553.0;5;MAIZ
29614;3/8/2026;04:12:14;9990.0;00:56:59;24;Barca, Fabian;1;1210;CP-001;CRECIMIENTO POWER;201447;5;1260.0;1260.0;5;MAIZ
29615;3/8/2026;05:09:36;3996.0;00:22:01;24;Barca, Fabian;1;1210;CP-001;CRECIMIENTO POWER;201457;5;840.0;849.0;5;MAIZ
29616;3/8/2026;05:32:18;45000.0;01:34:35;24;Barca, Fabian;1;1259;09-142;CREC. MELAZA 12 % A.A...;201468;5;3458.0;3454.0;5;MAIZ
29617;3/8/2026;07:09:08;32000.0;04:41:15;7;Aranda Marcelo Edgardo;0;1259;09-142;CREC. MELAZA 12 % A.A...;201483;5;8512.0;8511.0;5;MAIZ
29618;3/8/2026;11:55:11;30000.0;04:03:40;7;Aranda Marcelo Edgardo;0;1120;05-113;RECRIA 16  AL 15%  A.A....;201495;5;6916.0;6950.0;5;MAIZ
29619;3/8/2026;15:59:47;34000.0;01:39:35;23;Pucheta Javier;1;1120;05-113;RECRIA 16  AL 15%  A.A....;201506;5;2394.0;2398.0;5;MAIZ
29620;3/8/2026;17:39:53;25000.0;03:48:30;23;Pucheta Javier;1;1120;05-113;RECRIA 16  AL 15%  A.A....;201518;5;7350.0;7336.0;5;MAIZ
29621;3/8/2026;21:32:55;30000.0;01:36:21;23;Pucheta Javier;1;1259;09-142;CREC. MELAZA 12 % A.A...;201530;5;3528.0;3539.0;5;MAIZ
29622;3/8/2026;23:13:00;18000.0;00:45:41;24;Barca, Fabian;1;1259;09-142;CREC. MELAZA 12 % A.A...;201542;5;1470.0;1474.0;5;MAIZ
29623;3/8/2026;23:59:32;4000.0;00:53:23;24;Barca, Fabian;1;1212;TPW-001;TORO POWER;201556;5;1056.0;1066.0;5;MAIZ
29616;3/8/2026;05:32:18;45000.0;01:34:35;24;Barca, Fabian;1;1259;09-142;CREC. MELAZA 12 % A.A...;201476;7;1300.0;1321.0;7;CASCARA ARROZ
29617;3/8/2026;07:09:08;32000.0;04:41:15;7;Aranda Marcelo Edgardo;0;1259;09-142;CREC. MELAZA 12 % A.A...;201488;7;3200.0;3220.0;7;CASCARA ARROZ
29618;3/8/2026;11:55:11;30000.0;04:03:40;7;Aranda Marcelo Edgardo;0;1120;05-113;RECRIA 16  AL 15%  A.A....;201499;7;2600.0;2603.0;7;CASCARA ARROZ
29619;3/8/2026;15:59:47;34000.0;01:39:35;23;Pucheta Javier;1;1120;05-113;RECRIA 16  AL 15%  A.A....;201509;7;900.0;910.0;7;CASCARA ARROZ
29620;3/8/2026;17:39:53;25000.0;03:48:30;23;Pucheta Javier;1;1120;05-113;RECRIA 16  AL 15%  A.A....;201523;7;2500.0;2519.0;7;CASCARA ARROZ
29621;3/8/2026;21:32:55;30000.0;01:36:21;23;Pucheta Javier;1;1259;09-142;CREC. MELAZA 12 % A.A...;201536;7;1200.0;1217.0;7;CASCARA ARROZ
29622;3/8/2026;23:13:00;18000.0;00:45:41;24;Barca, Fabian;1;1259;09-142;CREC. MELAZA 12 % A.A...;201548;7;500.0;514.0;7;CASCARA ARROZ
29623;3/8/2026;23:59:32;4000.0;00:53:23;24;Barca, Fabian;1;1212;TPW-001;TORO POWER;201554;7;100.0;98.0;7;CASCARA ARROZ
29613;3/8/2026;03:14:07;5000.0;00:57:33;24;Barca, Fabian;1;1284;P.A. MEL;PELLETS DE ALFALFA MELAZADO;201442;8;750.0;751.5;8;AFRECHO ARROZ
29614;3/8/2026;04:12:14;9990.0;00:56:59;24;Barca, Fabian;1;1210;CP-001;CRECIMIENTO POWER;201446;8;510.0;534.2;8;AFRECHO ARROZ
29615;3/8/2026;05:09:36;3996.0;00:22:01;24;Barca, Fabian;1;1210;CP-001;CRECIMIENTO POWER;201463;8;340.0;347.3;8;AFRECHO ARROZ
29616;3/8/2026;05:32:18;45000.0;01:34:35;24;Barca, Fabian;1;1259;09-142;CREC. MELAZA 12 % A.A...;201473;8;1300.0;1300.2;8;AFRECHO ARROZ
29617;3/8/2026;07:09:08;32000.0;04:41:15;7;Aranda Marcelo Edgardo;0;1259;09-142;CREC. MELAZA 12 % A.A...;201479;8;3200.0;3178.7;8;AFRECHO ARROZ
29618;3/8/2026;11:55:11;30000.0;04:03:40;7;Aranda Marcelo Edgardo;0;1120;05-113;RECRIA 16  AL 15%  A.A....;201492;8;2600.0;2611.7;8;AFRECHO ARROZ
29619;3/8/2026;15:59:47;34000.0;01:39:35;23;Pucheta Javier;1;1120;05-113;RECRIA 16  AL 15%  A.A....;201504;8;765.0;768.3;8;AFRECHO ARROZ
29620;3/8/2026;17:39:53;25000.0;03:48:30;23;Pucheta Javier;1;1120;05-113;RECRIA 16  AL 15%  A.A....;201515;8;1250.0;1244.0;8;AFRECHO ARROZ
29621;3/8/2026;21:32:55;30000.0;01:36:21;23;Pucheta Javier;1;1259;09-142;CREC. MELAZA 12 % A.A...;201532;8;600.0;594.2;8;AFRECHO ARROZ
29622;3/8/2026;23:13:00;18000.0;00:45:41;24;Barca, Fabian;1;1259;09-142;CREC. MELAZA 12 % A.A...;201539;8;250.0;258.7;8;AFRECHO ARROZ
29614;3/8/2026;04:12:14;9990.0;00:56:59;24;Barca, Fabian;1;1210;CP-001;CRECIMIENTO POWER;201450;10;54.0;53.8;10;UREA
29615;3/8/2026;05:09:36;3996.0;00:22:01;24;Barca, Fabian;1;1210;CP-001;CRECIMIENTO POWER;201460;10;36.0;32.2;10;UREA
29616;3/8/2026;05:32:18;45000.0;01:34:35;24;Barca, Fabian;1;1259;09-142;CREC. MELAZA 12 % A.A...;201471;10;91.0;90.1;10;UREA
29617;3/8/2026;07:09:08;32000.0;04:41:15;7;Aranda Marcelo Edgardo;0;1259;09-142;CREC. MELAZA 12 % A.A...;201484;10;224.0;228.1;10;UREA
29618;3/8/2026;11:55:11;30000.0;04:03:40;7;Aranda Marcelo Edgardo;0;1120;05-113;RECRIA 16  AL 15%  A.A....;201496;10;182.0;187.6;10;UREA
29619;3/8/2026;15:59:47;34000.0;01:39:35;23;Pucheta Javier;1;1120;05-113;RECRIA 16  AL 15%  A.A....;201512;10;63.0;66.8;10;UREA
29620;3/8/2026;17:39:53;25000.0;03:48:30;23;Pucheta Javier;1;1120;05-113;RECRIA 16  AL 15%  A.A....;201520;10;175.0;189.0;10;UREA
29621;3/8/2026;21:32:55;30000.0;01:36:21;23;Pucheta Javier;1;1259;09-142;CREC. MELAZA 12 % A.A...;201531;10;84.0;83.6;10;UREA
29622;3/8/2026;23:13:00;18000.0;00:45:41;24;Barca, Fabian;1;1259;09-142;CREC. MELAZA 12 % A.A...;201544;10;35.0;36.5;10;UREA
29614;3/8/2026;04:12:14;9990.0;00:56:59;24;Barca, Fabian;1;1210;CP-001;CRECIMIENTO POWER;201453;11;93.6;95.6;11;SAL
29615;3/8/2026;05:09:36;3996.0;00:22:01;24;Barca, Fabian;1;1210;CP-001;CRECIMIENTO POWER;201464;11;62.4;64.9;11;SAL
29616;3/8/2026;05:32:18;45000.0;01:34:35;24;Barca, Fabian;1;1259;09-142;CREC. MELAZA 12 % A.A...;201475;11;208.0;209.8;11;SAL
29617;3/8/2026;07:09:08;32000.0;04:41:15;7;Aranda Marcelo Edgardo;0;1259;09-142;CREC. MELAZA 12 % A.A...;201486;11;512.0;526.4;11;SAL
29618;3/8/2026;11:55:11;30000.0;04:03:40;7;Aranda Marcelo Edgardo;0;1120;05-113;RECRIA 16  AL 15%  A.A....;201494;11;416.0;423.9;11;SAL
29619;3/8/2026;15:59:47;34000.0;01:39:35;23;Pucheta Javier;1;1120;05-113;RECRIA 16  AL 15%  A.A....;201507;11;144.0;149.7;11;SAL
29620;3/8/2026;17:39:53;25000.0;03:48:30;23;Pucheta Javier;1;1120;05-113;RECRIA 16  AL 15%  A.A....;201519;11;400.0;418.5;11;SAL
29621;3/8/2026;21:32:55;30000.0;01:36:21;23;Pucheta Javier;1;1259;09-142;CREC. MELAZA 12 % A.A...;201533;11;192.0;197.4;11;SAL
29622;3/8/2026;23:13:00;18000.0;00:45:41;24;Barca, Fabian;1;1259;09-142;CREC. MELAZA 12 % A.A...;201545;11;80.0;81.7;11;SAL
29623;3/8/2026;23:59:32;4000.0;00:53:23;24;Barca, Fabian;1;1212;TPW-001;TORO POWER;201552;11;32.0;32.9;11;SAL
29609;3/8/2026;00:00:04;10000.0;01:53:11;24;Barca, Fabian;1;1290;FP0041;TERNERO DESTETE  COMAGRO;201432;19;3450.0;3473.0;19;EXP SOJA
29611;3/8/2026;02:03:01;12000.0;00:50:36;24;Barca, Fabian;1;1088;FC713;TERMINACIÓN CERDOS SANCHEZ;201437;19;2796.0;2784.0;19;EXP SOJA
29612;3/8/2026;02:57:45;2002.0;00:10:32;24;Barca, Fabian;1;1293;FC824;CERDAS GESTACION  (Sanchez) ;201441;19;360.0;351.0;19;EXP SOJA
29614;3/8/2026;04:12:14;9990.0;00:56:59;24;Barca, Fabian;1;1210;CP-001;CRECIMIENTO POWER;201452;19;300.0;302.0;19;EXP SOJA
29615;3/8/2026;05:09:36;3996.0;00:22:01;24;Barca, Fabian;1;1210;CP-001;CRECIMIENTO POWER;201462;19;200.0;205.0;19;EXP SOJA
29616;3/8/2026;05:32:18;45000.0;01:34:35;24;Barca, Fabian;1;1259;09-142;CREC. MELAZA 12 % A.A...;201474;19;650.0;649.0;19;EXP SOJA
29617;3/8/2026;07:09:08;32000.0;04:41:15;7;Aranda Marcelo Edgardo;0;1259;09-142;CREC. MELAZA 12 % A.A...;201487;19;1600.0;1600.0;19;EXP SOJA
29618;3/8/2026;11:55:11;30000.0;04:03:40;7;Aranda Marcelo Edgardo;0;1120;05-113;RECRIA 16  AL 15%  A.A....;201500;19;1300.0;1302.0;19;EXP SOJA
29619;3/8/2026;15:59:47;34000.0;01:39:35;23;Pucheta Javier;1;1120;05-113;RECRIA 16  AL 15%  A.A....;201510;19;450.0;462.0;19;EXP SOJA
29620;3/8/2026;17:39:53;25000.0;03:48:30;23;Pucheta Javier;1;1120;05-113;RECRIA 16  AL 15%  A.A....;201524;19;1425.0;1438.0;19;EXP SOJA
29621;3/8/2026;21:32:55;30000.0;01:36:21;23;Pucheta Javier;1;1259;09-142;CREC. MELAZA 12 % A.A...;201535;19;684.0;667.0;19;EXP SOJA
29622;3/8/2026;23:13:00;18000.0;00:45:41;24;Barca, Fabian;1;1259;09-142;CREC. MELAZA 12 % A.A...;201547;19;285.0;291.0;19;EXP SOJA
29623;3/8/2026;23:59:32;4000.0;00:53:23;24;Barca, Fabian;1;1212;TPW-001;TORO POWER;201555;19;280.0;290.0;19;EXP SOJA
29616;3/8/2026;05:32:18;45000.0;01:34:35;24;Barca, Fabian;1;1259;09-142;CREC. MELAZA 12 % A.A...;201477;71;1300.0;1298.0;71;TRIGO (para balanceado)
29617;3/8/2026;07:09:08;32000.0;04:41:15;7;Aranda Marcelo Edgardo;0;1259;09-142;CREC. MELAZA 12 % A.A...;201489;71;3200.0;3235.0;71;TRIGO (para balanceado)
29618;3/8/2026;11:55:11;30000.0;04:03:40;7;Aranda Marcelo Edgardo;0;1120;05-113;RECRIA 16  AL 15%  A.A....;201501;71;2600.0;2638.0;71;TRIGO (para balanceado)
29619;3/8/2026;15:59:47;34000.0;01:39:35;23;Pucheta Javier;1;1120;05-113;RECRIA 16  AL 15%  A.A....;201511;71;900.0;897.0;71;TRIGO (para balanceado)
29620;3/8/2026;17:39:53;25000.0;03:48:30;23;Pucheta Javier;1;1120;05-113;RECRIA 16  AL 15%  A.A....;201525;71;2500.0;2511.0;71;TRIGO (para balanceado)
29621;3/8/2026;21:32:55;30000.0;01:36:21;23;Pucheta Javier;1;1259;09-142;CREC. MELAZA 12 % A.A...;201537;71;1200.0;1203.0;71;TRIGO (para balanceado)
29622;3/8/2026;23:13:00;18000.0;00:45:41;24;Barca, Fabian;1;1259;09-142;CREC. MELAZA 12 % A.A...;201549;71;500.0;493.0;71;TRIGO (para balanceado)
29616;3/8/2026;05:32:18;45000.0;01:34:35;24;Barca, Fabian;1;1259;09-142;CREC. MELAZA 12 % A.A...;201469;84;390.0;389.2;84;BENTONITA
29617;3/8/2026;07:09:08;32000.0;04:41:15;7;Aranda Marcelo Edgardo;0;1259;09-142;CREC. MELAZA 12 % A.A...;201480;84;960.0;962.3;84;BENTONITA
29618;3/8/2026;11:55:11;30000.0;04:03:40;7;Aranda Marcelo Edgardo;0;1120;05-113;RECRIA 16  AL 15%  A.A....;201497;84;390.0;385.5;84;BENTONITA
29619;3/8/2026;15:59:47;34000.0;01:39:35;23;Pucheta Javier;1;1120;05-113;RECRIA 16  AL 15%  A.A....;201513;84;270.0;273.5;84;BENTONITA
29620;3/8/2026;17:39:53;25000.0;03:48:30;23;Pucheta Javier;1;1120;05-113;RECRIA 16  AL 15%  A.A....;201521;84;750.0;753.9;84;BENTONITA
29621;3/8/2026;21:32:55;30000.0;01:36:21;23;Pucheta Javier;1;1259;09-142;CREC. MELAZA 12 % A.A...;201527;84;360.0;361.0;84;BENTONITA
29622;3/8/2026;23:13:00;18000.0;00:45:41;24;Barca, Fabian;1;1259;09-142;CREC. MELAZA 12 % A.A...;201540;84;150.0;156.0;84;BENTONITA
29610;3/8/2026;01:56:44;270.0;00:02:41;24;Barca, Fabian;1;139;Limpieza;LIMPIEZA CIRCUITO;201434;154;20.0;19.3;154;CARBONATO DE CALCIO
29614;3/8/2026;04:12:14;9990.0;00:56:59;24;Barca, Fabian;1;1210;CP-001;CRECIMIENTO POWER;201444;154;84.0;85.7;154;CARBONATO DE CALCIO
29615;3/8/2026;05:09:36;3996.0;00:22:01;24;Barca, Fabian;1;1210;CP-001;CRECIMIENTO POWER;201455;154;56.0;56.2;154;CARBONATO DE CALCIO
29616;3/8/2026;05:32:18;45000.0;01:34:35;24;Barca, Fabian;1;1259;09-142;CREC. MELAZA 12 % A.A...;201470;154;299.0;299.1;154;CARBONATO DE CALCIO
29617;3/8/2026;07:09:08;32000.0;04:41:15;7;Aranda Marcelo Edgardo;0;1259;09-142;CREC. MELAZA 12 % A.A...;201482;154;736.0;738.6;154;CARBONATO DE CALCIO
29618;3/8/2026;11:55:11;30000.0;04:03:40;7;Aranda Marcelo Edgardo;0;1120;05-113;RECRIA 16  AL 15%  A.A....;201490;154;598.0;604.5;154;CARBONATO DE CALCIO
29619;3/8/2026;15:59:47;34000.0;01:39:35;23;Pucheta Javier;1;1120;05-113;RECRIA 16  AL 15%  A.A....;201502;154;207.0;207.7;154;CARBONATO DE CALCIO
29620;3/8/2026;17:39:53;25000.0;03:48:30;23;Pucheta Javier;1;1120;05-113;RECRIA 16  AL 15%  A.A....;201514;154;575.0;585.6;154;CARBONATO DE CALCIO
29621;3/8/2026;21:32:55;30000.0;01:36:21;23;Pucheta Javier;1;1259;09-142;CREC. MELAZA 12 % A.A...;201529;154;276.0;285.6;154;CARBONATO DE CALCIO
29622;3/8/2026;23:13:00;18000.0;00:45:41;24;Barca, Fabian;1;1259;09-142;CREC. MELAZA 12 % A.A...;201543;154;115.0;122.4;154;CARBONATO DE CALCIO
29623;3/8/2026;23:59:32;4000.0;00:53:23;24;Barca, Fabian;1;1212;TPW-001;TORO POWER;201550;154;112.0;107.2;154;CARBONATO DE CALCIO
29614;3/8/2026;04:12:14;9990.0;00:56:59;24;Barca, Fabian;1;1210;CP-001;CRECIMIENTO POWER;201448;172;0.6;0.6;172;STAFAC500
29615;3/8/2026;05:09:36;3996.0;00:22:01;24;Barca, Fabian;1;1210;CP-001;CRECIMIENTO POWER;201458;172;0.4;0.4;172;STAFAC500
29609;3/8/2026;00:00:04;10000.0;01:53:11;24;Barca, Fabian;1;1290;FP0041;TERNERO DESTETE  COMAGRO;201430;184;350.0;357.5;184;PREMIX TERNERO PROFEED
29611;3/8/2026;02:03:01;12000.0;00:50:36;24;Barca, Fabian;1;1088;FC713;TERMINACIÓN CERDOS SANCHEZ;201435;198;300.0;305.5;198;tK TERMINACIÓN 2,5%
29613;3/8/2026;03:14:07;5000.0;00:57:33;24;Barca, Fabian;1;1284;P.A. MEL;PELLETS DE ALFALFA MELAZADO;201443;240;4250.0;4244.0;240;PELLET DE ALFALFA
29614;3/8/2026;04:12:14;9990.0;00:56:59;24;Barca, Fabian;1;1210;CP-001;CRECIMIENTO POWER;201451;240;804.0;810.0;240;PELLET DE ALFALFA
29615;3/8/2026;05:09:36;3996.0;00:22:01;24;Barca, Fabian;1;1210;CP-001;CRECIMIENTO POWER;201461;240;536.0;540.0;240;PELLET DE ALFALFA
29623;3/8/2026;23:59:32;4000.0;00:53:23;24;Barca, Fabian;1;1212;TPW-001;TORO POWER;201557;240;420.0;424.0;240;PELLET DE ALFALFA
29612;3/8/2026;02:57:45;2002.0;00:10:32;24;Barca, Fabian;1;1293;FC824;CERDAS GESTACION  (Sanchez) ;201438;248;100.0;95.7;248;MAGNUM VITAL GESTACION 5%
29614;3/8/2026;04:12:14;9990.0;00:56:59;24;Barca, Fabian;1;1210;CP-001;CRECIMIENTO POWER;201445;263;24.0;24.35;263;SUPLEFEED23
29615;3/8/2026;05:09:36;3996.0;00:22:01;24;Barca, Fabian;1;1210;CP-001;CRECIMIENTO POWER;201456;263;16.0;16.35;263;SUPLEFEED23
29616;3/8/2026;05:32:18;45000.0;01:34:35;24;Barca, Fabian;1;1259;09-142;CREC. MELAZA 12 % A.A...;201466;263;39.0;38.9;263;SUPLEFEED23
29617;3/8/2026;07:09:08;32000.0;04:41:15;7;Aranda Marcelo Edgardo;0;1259;09-142;CREC. MELAZA 12 % A.A...;201478;263;96.0;99.05;263;SUPLEFEED23
29618;3/8/2026;11:55:11;30000.0;04:03:40;7;Aranda Marcelo Edgardo;0;1120;05-113;RECRIA 16  AL 15%  A.A....;201493;263;78.0;80.3;263;SUPLEFEED23
29619;3/8/2026;15:59:47;34000.0;01:39:35;23;Pucheta Javier;1;1120;05-113;RECRIA 16  AL 15%  A.A....;201505;263;27.0;27.8;263;SUPLEFEED23
29620;3/8/2026;17:39:53;25000.0;03:48:30;23;Pucheta Javier;1;1120;05-113;RECRIA 16  AL 15%  A.A....;201517;263;75.0;77.2;263;SUPLEFEED23
29621;3/8/2026;21:32:55;30000.0;01:36:21;23;Pucheta Javier;1;1259;09-142;CREC. MELAZA 12 % A.A...;201526;263;36.0;37.0;263;SUPLEFEED23
29622;3/8/2026;23:13:00;18000.0;00:45:41;24;Barca, Fabian;1;1259;09-142;CREC. MELAZA 12 % A.A...;201538;263;15.0;15.25;263;SUPLEFEED23
29623;3/8/2026;23:59:32;4000.0;00:53:23;24;Barca, Fabian;1;1212;TPW-001;TORO POWER;201551;263;16.0;15.55;263;SUPLEFEED23
29614;3/8/2026;04:12:14;9990.0;00:56:59;24;Barca, Fabian;1;1210;CP-001;CRECIMIENTO POWER;201449;265;1.8;1.8;265;NUTRAGEN
29615;3/8/2026;05:09:36;3996.0;00:22:01;24;Barca, Fabian;1;1210;CP-001;CRECIMIENTO POWER;201459;265;1.2;1.2;265;NUTRAGEN
29616;3/8/2026;05:32:18;45000.0;01:34:35;24;Barca, Fabian;1;1259;09-142;CREC. MELAZA 12 % A.A...;201467;281;65.0;65.55;281;NITROPEC
29617;3/8/2026;07:09:08;32000.0;04:41:15;7;Aranda Marcelo Edgardo;0;1259;09-142;CREC. MELAZA 12 % A.A...;201481;281;160.0;164.25;281;NITROPEC
29618;3/8/2026;11:55:11;30000.0;04:03:40;7;Aranda Marcelo Edgardo;0;1120;05-113;RECRIA 16  AL 15%  A.A....;201491;281;130.0;132.0;281;NITROPEC
29619;3/8/2026;15:59:47;34000.0;01:39:35;23;Pucheta Javier;1;1120;05-113;RECRIA 16  AL 15%  A.A....;201503;281;45.0;45.3;281;NITROPEC
29620;3/8/2026;17:39:53;25000.0;03:48:30;23;Pucheta Javier;1;1120;05-113;RECRIA 16  AL 15%  A.A....;201516;281;125.0;127.95;281;NITROPEC
29621;3/8/2026;21:32:55;30000.0;01:36:21;23;Pucheta Javier;1;1259;09-142;CREC. MELAZA 12 % A.A...;201528;281;60.0;59.7;281;NITROPEC
29622;3/8/2026;23:13:00;18000.0;00:45:41;24;Barca, Fabian;1;1259;09-142;CREC. MELAZA 12 % A.A...;201541;281;25.0;25.1;281;NITROPEC
29612;3/8/2026;02:57:45;2002.0;00:10:32;24;Barca, Fabian;1;1293;FC824;CERDAS GESTACION  (Sanchez) ;201440;317;2.0;2.0;317;SECUESTRANTE SANCHEZ
29624;4/8/2026;01:12:17;13000.0;01:27:13;24;Barca, Fabian;1;1259;09-142;CREC. MELAZA 12 % A.A...;201565;2;4745.0;4748.0;2;PELLET AFRECHILLO DE TRIGO
29625;4/8/2026;02:48:43;9990.0;01:25:02;24;Barca, Fabian;1;1044;07-050;DESTETE PRECOZ MELAZA  12% A.A..;201578;2;4430.0;4466.0;2;PELLET AFRECHILLO DE TRIGO
29627;4/8/2026;04:17:03;15000.0;02:12:34;24;Barca, Fabian;1;1279;19-032;ENGORDE BOVINO 12% A.A. .;201585;2;5880.0;5885.0;2;PELLET AFRECHILLO DE TRIGO
29628;4/8/2026;06:31:02;6000.0;01:17:38;24;Barca, Fabian;1;1155;16-015;MANTENIMIENTO MELAZA....;201596;2;3024.0;3029.0;2;PELLET AFRECHILLO DE TRIGO
29629;4/8/2026;07:50:33;13000.0;01:29:30;7;Aranda Marcelo Edgardo;0;1120;05-113;RECRIA 16  AL 15%  A.A....;201608;2;4745.0;4744.0;2;PELLET AFRECHILLO DE TRIGO
29630;4/8/2026;09:25:15;27000.0;03:56:50;7;Aranda Marcelo Edgardo;0;1259;09-142;CREC. MELAZA 12 % A.A...;201620;2;9855.0;9886.0;2;PELLET AFRECHILLO DE TRIGO
29631;4/8/2026;13:25:35;30000.0;02:34:08;7;Aranda Marcelo Edgardo;0;1259;09-142;CREC. MELAZA 12 % A.A...;201631;2;7300.0;7306.0;2;PELLET AFRECHILLO DE TRIGO
29632;4/8/2026;16:01:19;16000.0;02:07:59;23;Pucheta Javier;1;1259;09-142;CREC. MELAZA 12 % A.A...;201644;2;5840.0;5845.0;2;PELLET AFRECHILLO DE TRIGO
29633;4/8/2026;18:13:33;2000.0;00:12:34;23;Pucheta Javier;1;1259;09-142;CREC. MELAZA 12 % A.A...;201653;2;730.0;747.0;2;PELLET AFRECHILLO DE TRIGO
29637;4/8/2026;20:28:09;30000.0;02:45:26;23;Pucheta Javier;1;748;26-026;FIBROMIXER RECRIA 16%A.A.( Girasol Comun);201670;2;9756.0;9783.0;2;PELLET AFRECHILLO DE TRIGO
29638;4/8/2026;23:14:52;12000.0;01:50:51;24;Barca, Fabian;1;748;26-026;FIBROMIXER RECRIA 16%A.A.( Girasol Comun);201680;2;6504.0;6516.0;2;PELLET AFRECHILLO DE TRIGO
29624;4/8/2026;01:12:17;13000.0;01:27:13;24;Barca, Fabian;1;1259;09-142;CREC. MELAZA 12 % A.A...;201562;5;3822.0;3822.0;5;MAIZ
29625;4/8/2026;02:48:43;9990.0;01:25:02;24;Barca, Fabian;1;1044;07-050;DESTETE PRECOZ MELAZA  12% A.A..;201572;5;2340.0;2366.0;5;MAIZ
29627;4/8/2026;04:17:03;15000.0;02:12:34;24;Barca, Fabian;1;1279;19-032;ENGORDE BOVINO 12% A.A. .;201588;5;4500.0;4522.0;5;MAIZ
29628;4/8/2026;06:31:02;6000.0;01:17:38;24;Barca, Fabian;1;1155;16-015;MANTENIMIENTO MELAZA....;201592;5;900.0;912.0;5;MAIZ
29629;4/8/2026;07:50:33;13000.0;01:29:30;7;Aranda Marcelo Edgardo;0;1120;05-113;RECRIA 16  AL 15%  A.A....;201605;5;3822.0;3820.0;5;MAIZ
29630;4/8/2026;09:25:15;27000.0;03:56:50;7;Aranda Marcelo Edgardo;0;1259;09-142;CREC. MELAZA 12 % A.A...;201617;5;7938.0;7949.0;5;MAIZ
29631;4/8/2026;13:25:35;30000.0;02:34:08;7;Aranda Marcelo Edgardo;0;1259;09-142;CREC. MELAZA 12 % A.A...;201629;5;5880.0;5892.0;5;MAIZ
29632;4/8/2026;16:01:19;16000.0;02:07:59;23;Pucheta Javier;1;1259;09-142;CREC. MELAZA 12 % A.A...;201641;5;4704.0;4738.0;5;MAIZ
29633;4/8/2026;18:13:33;2000.0;00:12:34;23;Pucheta Javier;1;1259;09-142;CREC. MELAZA 12 % A.A...;201652;5;588.0;594.0;5;MAIZ
29634;4/8/2026;18:30:40;270.0;00:02:16;23;Pucheta Javier;1;139;Limpieza;LIMPIEZA CIRCUITO;201661;5;250.0;247.0;5;MAIZ
29635;4/8/2026;18:36:20;12000.0;01:12:30;23;Pucheta Javier;1;1087;FC625;DESARROLLO CERDOS SANCHEZ;201663;5;7800.0;7810.0;5;MAIZ
29636;4/8/2026;20:05:31;4000.0;00:18:43;23;Pucheta Javier;1;1281;FC426;INICIADOR CERDOS SANCHEZ MAG 100;201665;5;2400.0;2419.0;5;MAIZ
29637;4/8/2026;20:28:09;30000.0;02:45:26;23;Pucheta Javier;1;748;26-026;FIBROMIXER RECRIA 16%A.A.( Girasol Comun);201668;5;1620.0;1618.0;5;MAIZ
29638;4/8/2026;23:14:52;12000.0;01:50:51;24;Barca, Fabian;1;748;26-026;FIBROMIXER RECRIA 16%A.A.( Girasol Comun);201677;5;1080.0;1098.0;5;MAIZ
29624;4/8/2026;01:12:17;13000.0;01:27:13;24;Barca, Fabian;1;1259;09-142;CREC. MELAZA 12 % A.A...;201568;7;650.0;632.0;7;CASCARA ARROZ
29625;4/8/2026;02:48:43;9990.0;01:25:02;24;Barca, Fabian;1;1044;07-050;DESTETE PRECOZ MELAZA  12% A.A..;201577;7;500.0;490.0;7;CASCARA ARROZ
29627;4/8/2026;04:17:03;15000.0;02:12:34;24;Barca, Fabian;1;1279;19-032;ENGORDE BOVINO 12% A.A. .;201587;7;900.0;897.0;7;CASCARA ARROZ
29628;4/8/2026;06:31:02;6000.0;01:17:38;24;Barca, Fabian;1;1155;16-015;MANTENIMIENTO MELAZA....;201594;7;300.0;304.0;7;CASCARA ARROZ
29629;4/8/2026;07:50:33;13000.0;01:29:30;7;Aranda Marcelo Edgardo;0;1120;05-113;RECRIA 16  AL 15%  A.A....;201609;7;650.0;653.0;7;CASCARA ARROZ
29630;4/8/2026;09:25:15;27000.0;03:56:50;7;Aranda Marcelo Edgardo;0;1259;09-142;CREC. MELAZA 12 % A.A...;201622;7;1350.0;1349.0;7;CASCARA ARROZ
29631;4/8/2026;13:25:35;30000.0;02:34:08;7;Aranda Marcelo Edgardo;0;1259;09-142;CREC. MELAZA 12 % A.A...;201634;7;1000.0;1005.0;7;CASCARA ARROZ
29632;4/8/2026;16:01:19;16000.0;02:07:59;23;Pucheta Javier;1;1259;09-142;CREC. MELAZA 12 % A.A...;201646;7;800.0;815.0;7;CASCARA ARROZ
29633;4/8/2026;18:13:33;2000.0;00:12:34;23;Pucheta Javier;1;1259;09-142;CREC. MELAZA 12 % A.A...;201656;7;100.0;91.0;7;CASCARA ARROZ
29637;4/8/2026;20:28:09;30000.0;02:45:26;23;Pucheta Javier;1;748;26-026;FIBROMIXER RECRIA 16%A.A.( Girasol Comun);201672;7;2718.0;2732.0;7;CASCARA ARROZ
29638;4/8/2026;23:14:52;12000.0;01:50:51;24;Barca, Fabian;1;748;26-026;FIBROMIXER RECRIA 16%A.A.( Girasol Comun);201683;7;1812.0;1811.0;7;CASCARA ARROZ
29624;4/8/2026;01:12:17;13000.0;01:27:13;24;Barca, Fabian;1;1259;09-142;CREC. MELAZA 12 % A.A...;201559;8;650.0;650.7;8;AFRECHO ARROZ
29625;4/8/2026;02:48:43;9990.0;01:25:02;24;Barca, Fabian;1;1044;07-050;DESTETE PRECOZ MELAZA  12% A.A..;201579;8;750.0;753.2;8;AFRECHO ARROZ
29627;4/8/2026;04:17:03;15000.0;02:12:34;24;Barca, Fabian;1;1279;19-032;ENGORDE BOVINO 12% A.A. .;201590;8;1500.0;1539.3;8;AFRECHO ARROZ
29628;4/8/2026;06:31:02;6000.0;01:17:38;24;Barca, Fabian;1;1155;16-015;MANTENIMIENTO MELAZA....;201593;8;720.0;722.5;8;AFRECHO ARROZ
29629;4/8/2026;07:50:33;13000.0;01:29:30;7;Aranda Marcelo Edgardo;0;1120;05-113;RECRIA 16  AL 15%  A.A....;201601;8;650.0;683.4;8;AFRECHO ARROZ
29630;4/8/2026;09:25:15;27000.0;03:56:50;7;Aranda Marcelo Edgardo;0;1259;09-142;CREC. MELAZA 12 % A.A...;201613;8;1350.0;1329.4;8;AFRECHO ARROZ
29631;4/8/2026;13:25:35;30000.0;02:34:08;7;Aranda Marcelo Edgardo;0;1259;09-142;CREC. MELAZA 12 % A.A...;201625;8;1000.0;1017.3;8;AFRECHO ARROZ
29632;4/8/2026;16:01:19;16000.0;02:07:59;23;Pucheta Javier;1;1259;09-142;CREC. MELAZA 12 % A.A...;201637;8;800.0;788.2;8;AFRECHO ARROZ
29633;4/8/2026;18:13:33;2000.0;00:12:34;23;Pucheta Javier;1;1259;09-142;CREC. MELAZA 12 % A.A...;201649;8;100.0;98.7;8;AFRECHO ARROZ
29637;4/8/2026;20:28:09;30000.0;02:45:26;23;Pucheta Javier;1;748;26-026;FIBROMIXER RECRIA 16%A.A.( Girasol Comun);201669;8;1260.0;1246.8;8;AFRECHO ARROZ
29638;4/8/2026;23:14:52;12000.0;01:50:51;24;Barca, Fabian;1;748;26-026;FIBROMIXER RECRIA 16%A.A.( Girasol Comun);201678;8;840.0;833.4;8;AFRECHO ARROZ
29624;4/8/2026;01:12:17;13000.0;01:27:13;24;Barca, Fabian;1;1259;09-142;CREC. MELAZA 12 % A.A...;201564;10;91.0;85.5;10;UREA
29625;4/8/2026;02:48:43;9990.0;01:25:02;24;Barca, Fabian;1;1044;07-050;DESTETE PRECOZ MELAZA  12% A.A..;201575;10;30.0;29.9;10;UREA
29627;4/8/2026;04:17:03;15000.0;02:12:34;24;Barca, Fabian;1;1279;19-032;ENGORDE BOVINO 12% A.A. .;201582;10;45.0;44.6;10;UREA
29628;4/8/2026;06:31:02;6000.0;01:17:38;24;Barca, Fabian;1;1155;16-015;MANTENIMIENTO MELAZA....;201597;10;12.0;11.1;10;UREA
29629;4/8/2026;07:50:33;13000.0;01:29:30;7;Aranda Marcelo Edgardo;0;1120;05-113;RECRIA 16  AL 15%  A.A....;201606;10;91.0;86.1;10;UREA
29630;4/8/2026;09:25:15;27000.0;03:56:50;7;Aranda Marcelo Edgardo;0;1259;09-142;CREC. MELAZA 12 % A.A...;201618;10;189.0;199.7;10;UREA
29631;4/8/2026;13:25:35;30000.0;02:34:08;7;Aranda Marcelo Edgardo;0;1259;09-142;CREC. MELAZA 12 % A.A...;201630;10;140.0;140.0;10;UREA
29632;4/8/2026;16:01:19;16000.0;02:07:59;23;Pucheta Javier;1;1259;09-142;CREC. MELAZA 12 % A.A...;201642;10;112.0;116.7;10;UREA
29633;4/8/2026;18:13:33;2000.0;00:12:34;23;Pucheta Javier;1;1259;09-142;CREC. MELAZA 12 % A.A...;201657;10;14.0;12.0;10;UREA
29637;4/8/2026;20:28:09;30000.0;02:45:26;23;Pucheta Javier;1;748;26-026;FIBROMIXER RECRIA 16%A.A.( Girasol Comun);201675;10;342.0;343.0;10;UREA
29638;4/8/2026;23:14:52;12000.0;01:50:51;24;Barca, Fabian;1;748;26-026;FIBROMIXER RECRIA 16%A.A.( Girasol Comun);201684;10;228.0;230.9;10;UREA
29624;4/8/2026;01:12:17;13000.0;01:27:13;24;Barca, Fabian;1;1259;09-142;CREC. MELAZA 12 % A.A...;201567;11;208.0;211.9;11;SAL
29625;4/8/2026;02:48:43;9990.0;01:25:02;24;Barca, Fabian;1;1044;07-050;DESTETE PRECOZ MELAZA  12% A.A..;201571;11;60.0;58.1;11;SAL
29627;4/8/2026;04:17:03;15000.0;02:12:34;24;Barca, Fabian;1;1279;19-032;ENGORDE BOVINO 12% A.A. .;201584;11;240.0;244.7;11;SAL
29628;4/8/2026;06:31:02;6000.0;01:17:38;24;Barca, Fabian;1;1155;16-015;MANTENIMIENTO MELAZA....;201598;11;72.0;69.9;11;SAL
29629;4/8/2026;07:50:33;13000.0;01:29:30;7;Aranda Marcelo Edgardo;0;1120;05-113;RECRIA 16  AL 15%  A.A....;201604;11;208.0;206.7;11;SAL
29630;4/8/2026;09:25:15;27000.0;03:56:50;7;Aranda Marcelo Edgardo;0;1259;09-142;CREC. MELAZA 12 % A.A...;201619;11;432.0;433.3;11;SAL
29631;4/8/2026;13:25:35;30000.0;02:34:08;7;Aranda Marcelo Edgardo;0;1259;09-142;CREC. MELAZA 12 % A.A...;201632;11;320.0;322.7;11;SAL
29632;4/8/2026;16:01:19;16000.0;02:07:59;23;Pucheta Javier;1;1259;09-142;CREC. MELAZA 12 % A.A...;201643;11;256.0;259.9;11;SAL
29633;4/8/2026;18:13:33;2000.0;00:12:34;23;Pucheta Javier;1;1259;09-142;CREC. MELAZA 12 % A.A...;201659;11;32.0;35.6;11;SAL
29637;4/8/2026;20:28:09;30000.0;02:45:26;23;Pucheta Javier;1;748;26-026;FIBROMIXER RECRIA 16%A.A.( Girasol Comun);201674;11;396.0;399.6;11;SAL
29638;4/8/2026;23:14:52;12000.0;01:50:51;24;Barca, Fabian;1;748;26-026;FIBROMIXER RECRIA 16%A.A.( Girasol Comun);201682;11;264.0;263.1;11;SAL
29624;4/8/2026;01:12:17;13000.0;01:27:13;24;Barca, Fabian;1;1259;09-142;CREC. MELAZA 12 % A.A...;201566;19;741.0;759.0;19;EXP SOJA
29625;4/8/2026;02:48:43;9990.0;01:25:02;24;Barca, Fabian;1;1044;07-050;DESTETE PRECOZ MELAZA  12% A.A..;201576;19;1650.0;1658.0;19;EXP SOJA
29629;4/8/2026;07:50:33;13000.0;01:29:30;7;Aranda Marcelo Edgardo;0;1120;05-113;RECRIA 16  AL 15%  A.A....;201610;19;741.0;750.0;19;EXP SOJA
29630;4/8/2026;09:25:15;27000.0;03:56:50;7;Aranda Marcelo Edgardo;0;1259;09-142;CREC. MELAZA 12 % A.A...;201621;19;1539.0;1566.0;19;EXP SOJA
29631;4/8/2026;13:25:35;30000.0;02:34:08;7;Aranda Marcelo Edgardo;0;1259;09-142;CREC. MELAZA 12 % A.A...;201633;19;1140.0;1116.0;19;EXP SOJA
29632;4/8/2026;16:01:19;16000.0;02:07:59;23;Pucheta Javier;1;1259;09-142;CREC. MELAZA 12 % A.A...;201645;19;912.0;906.0;19;EXP SOJA
29633;4/8/2026;18:13:33;2000.0;00:12:34;23;Pucheta Javier;1;1259;09-142;CREC. MELAZA 12 % A.A...;201654;19;114.0;119.0;19;EXP SOJA
29635;4/8/2026;18:36:20;12000.0;01:12:30;23;Pucheta Javier;1;1087;FC625;DESARROLLO CERDOS SANCHEZ;201664;19;3900.0;3908.0;19;EXP SOJA
29636;4/8/2026;20:05:31;4000.0;00:18:43;23;Pucheta Javier;1;1281;FC426;INICIADOR CERDOS SANCHEZ MAG 100;201667;19;1200.0;1226.0;19;EXP SOJA
29637;4/8/2026;20:28:09;30000.0;02:45:26;23;Pucheta Javier;1;748;26-026;FIBROMIXER RECRIA 16%A.A.( Girasol Comun);201671;19;900.0;915.0;19;EXP SOJA
29638;4/8/2026;23:14:52;12000.0;01:50:51;24;Barca, Fabian;1;748;26-026;FIBROMIXER RECRIA 16%A.A.( Girasol Comun);201681;19;600.0;619.0;19;EXP SOJA
29624;4/8/2026;01:12:17;13000.0;01:27:13;24;Barca, Fabian;1;1259;09-142;CREC. MELAZA 12 % A.A...;201569;71;1300.0;1314.0;71;TRIGO (para balanceado)
29627;4/8/2026;04:17:03;15000.0;02:12:34;24;Barca, Fabian;1;1279;19-032;ENGORDE BOVINO 12% A.A. .;201589;71;1500.0;1533.0;71;TRIGO (para balanceado)
29629;4/8/2026;07:50:33;13000.0;01:29:30;7;Aranda Marcelo Edgardo;0;1120;05-113;RECRIA 16  AL 15%  A.A....;201611;71;1300.0;1298.0;71;TRIGO (para balanceado)
29630;4/8/2026;09:25:15;27000.0;03:56:50;7;Aranda Marcelo Edgardo;0;1259;09-142;CREC. MELAZA 12 % A.A...;201623;71;2700.0;2748.0;71;TRIGO (para balanceado)
29631;4/8/2026;13:25:35;30000.0;02:34:08;7;Aranda Marcelo Edgardo;0;1259;09-142;CREC. MELAZA 12 % A.A...;201635;71;2000.0;1975.0;71;TRIGO (para balanceado)
29632;4/8/2026;16:01:19;16000.0;02:07:59;23;Pucheta Javier;1;1259;09-142;CREC. MELAZA 12 % A.A...;201647;71;1600.0;1623.0;71;TRIGO (para balanceado)
29633;4/8/2026;18:13:33;2000.0;00:12:34;23;Pucheta Javier;1;1259;09-142;CREC. MELAZA 12 % A.A...;201658;71;200.0;204.0;71;TRIGO (para balanceado)
29624;4/8/2026;01:12:17;13000.0;01:27:13;24;Barca, Fabian;1;1259;09-142;CREC. MELAZA 12 % A.A...;201560;84;390.0;394.2;84;BENTONITA
29627;4/8/2026;04:17:03;15000.0;02:12:34;24;Barca, Fabian;1;1279;19-032;ENGORDE BOVINO 12% A.A. .;201586;84;225.0;227.9;84;BENTONITA
29629;4/8/2026;07:50:33;13000.0;01:29:30;7;Aranda Marcelo Edgardo;0;1120;05-113;RECRIA 16  AL 15%  A.A....;201607;84;390.0;394.6;84;BENTONITA
29630;4/8/2026;09:25:15;27000.0;03:56:50;7;Aranda Marcelo Edgardo;0;1259;09-142;CREC. MELAZA 12 % A.A...;201614;84;810.0;822.7;84;BENTONITA
29631;4/8/2026;13:25:35;30000.0;02:34:08;7;Aranda Marcelo Edgardo;0;1259;09-142;CREC. MELAZA 12 % A.A...;201626;84;600.0;601.2;84;BENTONITA
29632;4/8/2026;16:01:19;16000.0;02:07:59;23;Pucheta Javier;1;1259;09-142;CREC. MELAZA 12 % A.A...;201638;84;480.0;479.5;84;BENTONITA
29633;4/8/2026;18:13:33;2000.0;00:12:34;23;Pucheta Javier;1;1259;09-142;CREC. MELAZA 12 % A.A...;201650;84;60.0;65.6;84;BENTONITA
29625;4/8/2026;02:48:43;9990.0;01:25:02;24;Barca, Fabian;1;1044;07-050;DESTETE PRECOZ MELAZA  12% A.A..;201570;121;100.0;91.8;121;BIONUCLEO BOVINO 1%
29637;4/8/2026;20:28:09;30000.0;02:45:26;23;Pucheta Javier;1;748;26-026;FIBROMIXER RECRIA 16%A.A.( Girasol Comun);201676;121;432.0;440.2;121;BIONUCLEO BOVINO 1%
29638;4/8/2026;23:14:52;12000.0;01:50:51;24;Barca, Fabian;1;748;26-026;FIBROMIXER RECRIA 16%A.A.( Girasol Comun);201685;121;288.0;289.7;121;BIONUCLEO BOVINO 1%
29628;4/8/2026;06:31:02;6000.0;01:17:38;24;Barca, Fabian;1;1155;16-015;MANTENIMIENTO MELAZA....;201599;135;900.0;920.0;135;CUARTA DE CEBADA (hp2º)
29624;4/8/2026;01:12:17;13000.0;01:27:13;24;Barca, Fabian;1;1259;09-142;CREC. MELAZA 12 % A.A...;201563;154;299.0;313.1;154;CARBONATO DE CALCIO
29625;4/8/2026;02:48:43;9990.0;01:25:02;24;Barca, Fabian;1;1044;07-050;DESTETE PRECOZ MELAZA  12% A.A..;201574;154;137.0;143.6;154;CARBONATO DE CALCIO
29627;4/8/2026;04:17:03;15000.0;02:12:34;24;Barca, Fabian;1;1279;19-032;ENGORDE BOVINO 12% A.A. .;201580;154;135.0;140.5;154;CARBONATO DE CALCIO
29628;4/8/2026;06:31:02;6000.0;01:17:38;24;Barca, Fabian;1;1155;16-015;MANTENIMIENTO MELAZA....;201595;154;60.0;62.7;154;CARBONATO DE CALCIO
29629;4/8/2026;07:50:33;13000.0;01:29:30;7;Aranda Marcelo Edgardo;0;1120;05-113;RECRIA 16  AL 15%  A.A....;201600;154;299.0;296.8;154;CARBONATO DE CALCIO
29630;4/8/2026;09:25:15;27000.0;03:56:50;7;Aranda Marcelo Edgardo;0;1259;09-142;CREC. MELAZA 12 % A.A...;201616;154;621.0;619.7;154;CARBONATO DE CALCIO
29631;4/8/2026;13:25:35;30000.0;02:34:08;7;Aranda Marcelo Edgardo;0;1259;09-142;CREC. MELAZA 12 % A.A...;201628;154;460.0;465.2;154;CARBONATO DE CALCIO
29632;4/8/2026;16:01:19;16000.0;02:07:59;23;Pucheta Javier;1;1259;09-142;CREC. MELAZA 12 % A.A...;201640;154;368.0;377.6;154;CARBONATO DE CALCIO
29633;4/8/2026;18:13:33;2000.0;00:12:34;23;Pucheta Javier;1;1259;09-142;CREC. MELAZA 12 % A.A...;201655;154;46.0;47.4;154;CARBONATO DE CALCIO
29634;4/8/2026;18:30:40;270.0;00:02:16;23;Pucheta Javier;1;139;Limpieza;LIMPIEZA CIRCUITO;201660;154;20.0;22.2;154;CARBONATO DE CALCIO
29637;4/8/2026;20:28:09;30000.0;02:45:26;23;Pucheta Javier;1;748;26-026;FIBROMIXER RECRIA 16%A.A.( Girasol Comun);201673;154;576.0;569.8;154;CARBONATO DE CALCIO
29638;4/8/2026;23:14:52;12000.0;01:50:51;24;Barca, Fabian;1;748;26-026;FIBROMIXER RECRIA 16%A.A.( Girasol Comun);201679;154;384.0;393.5;154;CARBONATO DE CALCIO
29635;4/8/2026;18:36:20;12000.0;01:12:30;23;Pucheta Javier;1;1087;FC625;DESARROLLO CERDOS SANCHEZ;201662;197;300.0;301.2;197;tK DESARROLLO 2,5%
29624;4/8/2026;01:12:17;13000.0;01:27:13;24;Barca, Fabian;1;1259;09-142;CREC. MELAZA 12 % A.A...;201558;263;39.0;40.85;263;SUPLEFEED23
29627;4/8/2026;04:17:03;15000.0;02:12:34;24;Barca, Fabian;1;1279;19-032;ENGORDE BOVINO 12% A.A. .;201581;263;30.0;30.9;263;SUPLEFEED23
29628;4/8/2026;06:31:02;6000.0;01:17:38;24;Barca, Fabian;1;1155;16-015;MANTENIMIENTO MELAZA....;201591;263;12.0;12.3;263;SUPLEFEED23
29629;4/8/2026;07:50:33;13000.0;01:29:30;7;Aranda Marcelo Edgardo;0;1120;05-113;RECRIA 16  AL 15%  A.A....;201603;263;39.0;40.75;263;SUPLEFEED23
29630;4/8/2026;09:25:15;27000.0;03:56:50;7;Aranda Marcelo Edgardo;0;1259;09-142;CREC. MELAZA 12 % A.A...;201612;263;81.0;81.7;263;SUPLEFEED23
29631;4/8/2026;13:25:35;30000.0;02:34:08;7;Aranda Marcelo Edgardo;0;1259;09-142;CREC. MELAZA 12 % A.A...;201624;263;60.0;61.9;263;SUPLEFEED23
29632;4/8/2026;16:01:19;16000.0;02:07:59;23;Pucheta Javier;1;1259;09-142;CREC. MELAZA 12 % A.A...;201636;263;48.0;50.35;263;SUPLEFEED23
29633;4/8/2026;18:13:33;2000.0;00:12:34;23;Pucheta Javier;1;1259;09-142;CREC. MELAZA 12 % A.A...;201648;263;6.0;6.55;263;SUPLEFEED23
29625;4/8/2026;02:48:43;9990.0;01:25:02;24;Barca, Fabian;1;1044;07-050;DESTETE PRECOZ MELAZA  12% A.A..;201573;265;3.0;3.0;265;NUTRAGEN
29624;4/8/2026;01:12:17;13000.0;01:27:13;24;Barca, Fabian;1;1259;09-142;CREC. MELAZA 12 % A.A...;201561;281;65.0;67.75;281;NITROPEC
29627;4/8/2026;04:17:03;15000.0;02:12:34;24;Barca, Fabian;1;1279;19-032;ENGORDE BOVINO 12% A.A. .;201583;281;45.0;47.2;281;NITROPEC
29629;4/8/2026;07:50:33;13000.0;01:29:30;7;Aranda Marcelo Edgardo;0;1120;05-113;RECRIA 16  AL 15%  A.A....;201602;281;65.0;65.3;281;NITROPEC
29630;4/8/2026;09:25:15;27000.0;03:56:50;7;Aranda Marcelo Edgardo;0;1259;09-142;CREC. MELAZA 12 % A.A...;201615;281;135.0;134.3;281;NITROPEC
29631;4/8/2026;13:25:35;30000.0;02:34:08;7;Aranda Marcelo Edgardo;0;1259;09-142;CREC. MELAZA 12 % A.A...;201627;281;100.0;100.1;281;NITROPEC
29632;4/8/2026;16:01:19;16000.0;02:07:59;23;Pucheta Javier;1;1259;09-142;CREC. MELAZA 12 % A.A...;201639;281;80.0;81.15;281;NITROPEC
29633;4/8/2026;18:13:33;2000.0;00:12:34;23;Pucheta Javier;1;1259;09-142;CREC. MELAZA 12 % A.A...;201651;281;10.0;10.45;281;NITROPEC
29636;4/8/2026;20:05:31;4000.0;00:18:43;23;Pucheta Javier;1;1281;FC426;INICIADOR CERDOS SANCHEZ MAG 100;201666;293;400.0;402.2;293;MAGNUM 100
29639;5/8/2026;02:57:10;30000.0;01:53:22;24;Barca, Fabian;1;1120;05-113;RECRIA 16  AL 15%  A.A....;201693;2;5110.0;5132.0;2;PELLET AFRECHILLO DE TRIGO
29640;5/8/2026;04:51:26;16000.0;02:26:39;24;Barca, Fabian;1;1120;05-113;RECRIA 16  AL 15%  A.A....;201706;2;5520.0;5548.0;2;PELLET AFRECHILLO DE TRIGO
29641;5/8/2026;07:24:05;20000.0;03:25:56;7;Aranda Marcelo Edgardo;0;1259;09-142;CREC. MELAZA 12 % A.A...;201718;2;7300.0;7321.0;2;PELLET AFRECHILLO DE TRIGO
29642;5/8/2026;10:59:49;29970.0;04:23:41;7;Aranda Marcelo Edgardo;0;984;40-017;EQUINO SERVICIO....;201726;2;6000.0;6031.0;2;PELLET AFRECHILLO DE TRIGO
29643;5/8/2026;15:25:02;14985.0;01:30:48;23;Pucheta Javier;1;984;40-017;EQUINO SERVICIO....;201736;2;4200.0;4208.0;2;PELLET AFRECHILLO DE TRIGO
29645;5/8/2026;16:57:20;4995.0;00:39:28;23;Pucheta Javier;1;984;40-017;EQUINO SERVICIO....;201746;2;2100.0;2078.0;2;PELLET AFRECHILLO DE TRIGO
29646;5/8/2026;17:42:28;6000.0;00:41:23;23;Pucheta Javier;1;1288;FP0039;TERNERO PREMIUM - DEST. DES. 21 (La Malvina);201758;2;1554.0;1556.0;2;PELLET AFRECHILLO DE TRIGO
29647;5/8/2026;18:28:09;6000.0;00:51:32;23;Pucheta Javier;1;1201;FP0012;CABAÑA PRESENTACIÓN (COMAGRO);201762;2;1500.0;1512.0;2;PELLET AFRECHILLO DE TRIGO
29648;5/8/2026;19:24:12;15000.0;01:46:30;23;Pucheta Javier;1;1120;05-113;RECRIA 16  AL 15%  A.A....;201771;2;5175.0;5217.0;2;PELLET AFRECHILLO DE TRIGO
29649;5/8/2026;21:18:27;30000.0;01:34:40;23;Pucheta Javier;1;1259;09-142;CREC. MELAZA 12 % A.A...;201782;2;3650.0;3670.0;2;PELLET AFRECHILLO DE TRIGO
29650;5/8/2026;22:56:58;20000.0;02:49:28;24;Barca, Fabian;1;1259;09-142;CREC. MELAZA 12 % A.A...;201795;2;4300.0;4342.0;2;PELLET AFRECHILLO DE TRIGO
29639;5/8/2026;02:57:10;30000.0;01:53:22;24;Barca, Fabian;1;1120;05-113;RECRIA 16  AL 15%  A.A....;201690;5;4116.0;4097.0;5;MAIZ
29640;5/8/2026;04:51:26;16000.0;02:26:39;24;Barca, Fabian;1;1120;05-113;RECRIA 16  AL 15%  A.A....;201703;5;4704.0;4686.0;5;MAIZ
29641;5/8/2026;07:24:05;20000.0;03:25:56;7;Aranda Marcelo Edgardo;0;1259;09-142;CREC. MELAZA 12 % A.A...;201715;5;5880.0;5881.0;5;MAIZ
29642;5/8/2026;10:59:49;29970.0;04:23:41;7;Aranda Marcelo Edgardo;0;984;40-017;EQUINO SERVICIO....;201730;5;4455.0;4459.0;5;MAIZ
29643;5/8/2026;15:25:02;14985.0;01:30:48;23;Pucheta Javier;1;984;40-017;EQUINO SERVICIO....;201740;5;2970.0;2955.0;5;MAIZ
29645;5/8/2026;16:57:20;4995.0;00:39:28;23;Pucheta Javier;1;984;40-017;EQUINO SERVICIO....;201751;5;1485.0;1514.0;5;MAIZ
29646;5/8/2026;17:42:28;6000.0;00:41:23;23;Pucheta Javier;1;1288;FP0039;TERNERO PREMIUM - DEST. DES. 21 (La Malvina);201756;5;1740.0;1743.0;5;MAIZ
29647;5/8/2026;18:28:09;6000.0;00:51:32;23;Pucheta Javier;1;1201;FP0012;CABAÑA PRESENTACIÓN (COMAGRO);201761;5;3708.0;3724.0;5;MAIZ
29648;5/8/2026;19:24:12;15000.0;01:46:30;23;Pucheta Javier;1;1120;05-113;RECRIA 16  AL 15%  A.A....;201768;5;4410.0;4433.0;5;MAIZ
29649;5/8/2026;21:18:27;30000.0;01:34:40;23;Pucheta Javier;1;1259;09-142;CREC. MELAZA 12 % A.A...;201779;5;2940.0;2942.0;5;MAIZ
29650;5/8/2026;22:56:58;20000.0;02:49:28;24;Barca, Fabian;1;1259;09-142;CREC. MELAZA 12 % A.A...;201792;5;5880.0;5908.0;5;MAIZ
29639;5/8/2026;02:57:10;30000.0;01:53:22;24;Barca, Fabian;1;1120;05-113;RECRIA 16  AL 15%  A.A....;201694;7;700.0;704.0;7;CASCARA ARROZ
29640;5/8/2026;04:51:26;16000.0;02:26:39;24;Barca, Fabian;1;1120;05-113;RECRIA 16  AL 15%  A.A....;201707;7;800.0;819.0;7;CASCARA ARROZ
29641;5/8/2026;07:24:05;20000.0;03:25:56;7;Aranda Marcelo Edgardo;0;1259;09-142;CREC. MELAZA 12 % A.A...;201720;7;1000.0;1017.0;7;CASCARA ARROZ
29642;5/8/2026;10:59:49;29970.0;04:23:41;7;Aranda Marcelo Edgardo;0;984;40-017;EQUINO SERVICIO....;201728;7;750.0;777.0;7;CASCARA ARROZ
29643;5/8/2026;15:25:02;14985.0;01:30:48;23;Pucheta Javier;1;984;40-017;EQUINO SERVICIO....;201738;7;500.0;544.0;7;CASCARA ARROZ
29645;5/8/2026;16:57:20;4995.0;00:39:28;23;Pucheta Javier;1;984;40-017;EQUINO SERVICIO....;201749;7;250.0;274.0;7;CASCARA ARROZ
29648;5/8/2026;19:24:12;15000.0;01:46:30;23;Pucheta Javier;1;1120;05-113;RECRIA 16  AL 15%  A.A....;201772;7;750.0;777.0;7;CASCARA ARROZ
29649;5/8/2026;21:18:27;30000.0;01:34:40;23;Pucheta Javier;1;1259;09-142;CREC. MELAZA 12 % A.A...;201785;7;500.0;532.0;7;CASCARA ARROZ
29650;5/8/2026;22:56:58;20000.0;02:49:28;24;Barca, Fabian;1;1259;09-142;CREC. MELAZA 12 % A.A...;201799;7;1000.0;1003.0;7;CASCARA ARROZ
29639;5/8/2026;02:57:10;30000.0;01:53:22;24;Barca, Fabian;1;1120;05-113;RECRIA 16  AL 15%  A.A....;201687;8;700.0;692.6;8;AFRECHO ARROZ
29640;5/8/2026;04:51:26;16000.0;02:26:39;24;Barca, Fabian;1;1120;05-113;RECRIA 16  AL 15%  A.A....;201699;8;1120.0;1110.6;8;AFRECHO ARROZ
29641;5/8/2026;07:24:05;20000.0;03:25:56;7;Aranda Marcelo Edgardo;0;1259;09-142;CREC. MELAZA 12 % A.A...;201711;8;1000.0;986.1;8;AFRECHO ARROZ
29642;5/8/2026;10:59:49;29970.0;04:23:41;7;Aranda Marcelo Edgardo;0;984;40-017;EQUINO SERVICIO....;201724;8;1050.0;1048.2;8;AFRECHO ARROZ
29643;5/8/2026;15:25:02;14985.0;01:30:48;23;Pucheta Javier;1;984;40-017;EQUINO SERVICIO....;201734;8;500.0;501.3;8;AFRECHO ARROZ
29645;5/8/2026;16:57:20;4995.0;00:39:28;23;Pucheta Javier;1;984;40-017;EQUINO SERVICIO....;201743;8;250.0;236.8;8;AFRECHO ARROZ
29646;5/8/2026;17:42:28;6000.0;00:41:23;23;Pucheta Javier;1;1288;FP0039;TERNERO PREMIUM - DEST. DES. 21 (La Malvina);201754;8;600.0;597.6;8;AFRECHO ARROZ
29648;5/8/2026;19:24:12;15000.0;01:46:30;23;Pucheta Javier;1;1120;05-113;RECRIA 16  AL 15%  A.A....;201764;8;1050.0;1046.9;8;AFRECHO ARROZ
29649;5/8/2026;21:18:27;30000.0;01:34:40;23;Pucheta Javier;1;1259;09-142;CREC. MELAZA 12 % A.A...;201777;8;500.0;500.8;8;AFRECHO ARROZ
29650;5/8/2026;22:56:58;20000.0;02:49:28;24;Barca, Fabian;1;1259;09-142;CREC. MELAZA 12 % A.A...;201789;8;1000.0;997.1;8;AFRECHO ARROZ
29639;5/8/2026;02:57:10;30000.0;01:53:22;24;Barca, Fabian;1;1120;05-113;RECRIA 16  AL 15%  A.A....;201692;10;98.0;100.2;10;UREA
29640;5/8/2026;04:51:26;16000.0;02:26:39;24;Barca, Fabian;1;1120;05-113;RECRIA 16  AL 15%  A.A....;201704;10;112.0;108.1;10;UREA
29641;5/8/2026;07:24:05;20000.0;03:25:56;7;Aranda Marcelo Edgardo;0;1259;09-142;CREC. MELAZA 12 % A.A...;201716;10;140.0;142.0;10;UREA
29647;5/8/2026;18:28:09;6000.0;00:51:32;23;Pucheta Javier;1;1201;FP0012;CABAÑA PRESENTACIÓN (COMAGRO);201760;10;42.0;43.2;10;UREA
29648;5/8/2026;19:24:12;15000.0;01:46:30;23;Pucheta Javier;1;1120;05-113;RECRIA 16  AL 15%  A.A....;201770;10;105.0;111.7;10;UREA
29649;5/8/2026;21:18:27;30000.0;01:34:40;23;Pucheta Javier;1;1259;09-142;CREC. MELAZA 12 % A.A...;201784;10;70.0;71.1;10;UREA
29650;5/8/2026;22:56:58;20000.0;02:49:28;24;Barca, Fabian;1;1259;09-142;CREC. MELAZA 12 % A.A...;201794;10;140.0;149.9;10;UREA
29639;5/8/2026;02:57:10;30000.0;01:53:22;24;Barca, Fabian;1;1120;05-113;RECRIA 16  AL 15%  A.A....;201691;11;224.0;228.4;11;SAL
29640;5/8/2026;04:51:26;16000.0;02:26:39;24;Barca, Fabian;1;1120;05-113;RECRIA 16  AL 15%  A.A....;201702;11;256.0;267.8;11;SAL
29641;5/8/2026;07:24:05;20000.0;03:25:56;7;Aranda Marcelo Edgardo;0;1259;09-142;CREC. MELAZA 12 % A.A...;201717;11;320.0;331.5;11;SAL
29642;5/8/2026;10:59:49;29970.0;04:23:41;7;Aranda Marcelo Edgardo;0;984;40-017;EQUINO SERVICIO....;201725;11;85.5;94.4;11;SAL
29643;5/8/2026;15:25:02;14985.0;01:30:48;23;Pucheta Javier;1;984;40-017;EQUINO SERVICIO....;201735;11;57.0;64.5;11;SAL
29645;5/8/2026;16:57:20;4995.0;00:39:28;23;Pucheta Javier;1;984;40-017;EQUINO SERVICIO....;201748;11;28.5;32.5;11;SAL
29648;5/8/2026;19:24:12;15000.0;01:46:30;23;Pucheta Javier;1;1120;05-113;RECRIA 16  AL 15%  A.A....;201769;11;240.0;241.2;11;SAL
29649;5/8/2026;21:18:27;30000.0;01:34:40;23;Pucheta Javier;1;1259;09-142;CREC. MELAZA 12 % A.A...;201787;11;160.0;162.2;11;SAL
29650;5/8/2026;22:56:58;20000.0;02:49:28;24;Barca, Fabian;1;1259;09-142;CREC. MELAZA 12 % A.A...;201797;11;320.0;330.0;11;SAL
29639;5/8/2026;02:57:10;30000.0;01:53:22;24;Barca, Fabian;1;1120;05-113;RECRIA 16  AL 15%  A.A....;201695;19;798.0;773.0;19;EXP SOJA
29640;5/8/2026;04:51:26;16000.0;02:26:39;24;Barca, Fabian;1;1120;05-113;RECRIA 16  AL 15%  A.A....;201708;19;912.0;945.0;19;EXP SOJA
29641;5/8/2026;07:24:05;20000.0;03:25:56;7;Aranda Marcelo Edgardo;0;1259;09-142;CREC. MELAZA 12 % A.A...;201719;19;1140.0;1195.0;19;EXP SOJA
29642;5/8/2026;10:59:49;29970.0;04:23:41;7;Aranda Marcelo Edgardo;0;984;40-017;EQUINO SERVICIO....;201729;19;750.0;786.0;19;EXP SOJA
29643;5/8/2026;15:25:02;14985.0;01:30:48;23;Pucheta Javier;1;984;40-017;EQUINO SERVICIO....;201739;19;500.0;542.0;19;EXP SOJA
29645;5/8/2026;16:57:20;4995.0;00:39:28;23;Pucheta Javier;1;984;40-017;EQUINO SERVICIO....;201750;19;250.0;261.0;19;EXP SOJA
29646;5/8/2026;17:42:28;6000.0;00:41:23;23;Pucheta Javier;1;1288;FP0039;TERNERO PREMIUM - DEST. DES. 21 (La Malvina);201757;19;1920.0;1924.0;19;EXP SOJA
29647;5/8/2026;18:28:09;6000.0;00:51:32;23;Pucheta Javier;1;1201;FP0012;CABAÑA PRESENTACIÓN (COMAGRO);201763;19;540.0;535.0;19;EXP SOJA
29648;5/8/2026;19:24:12;15000.0;01:46:30;23;Pucheta Javier;1;1120;05-113;RECRIA 16  AL 15%  A.A....;201773;19;855.0;867.0;19;EXP SOJA
29649;5/8/2026;21:18:27;30000.0;01:34:40;23;Pucheta Javier;1;1259;09-142;CREC. MELAZA 12 % A.A...;201783;19;570.0;599.0;19;EXP SOJA
29650;5/8/2026;22:56:58;20000.0;02:49:28;24;Barca, Fabian;1;1259;09-142;CREC. MELAZA 12 % A.A...;201796;19;1140.0;1196.0;19;EXP SOJA
29639;5/8/2026;02:57:10;30000.0;01:53:22;24;Barca, Fabian;1;1120;05-113;RECRIA 16  AL 15%  A.A....;201696;71;1400.0;1386.0;71;TRIGO (para balanceado)
29640;5/8/2026;04:51:26;16000.0;02:26:39;24;Barca, Fabian;1;1120;05-113;RECRIA 16  AL 15%  A.A....;201709;71;1600.0;1596.0;71;TRIGO (para balanceado)
29641;5/8/2026;07:24:05;20000.0;03:25:56;7;Aranda Marcelo Edgardo;0;1259;09-142;CREC. MELAZA 12 % A.A...;201721;71;2000.0;2006.0;71;TRIGO (para balanceado)
29643;5/8/2026;15:25:02;14985.0;01:30:48;23;Pucheta Javier;1;984;40-017;EQUINO SERVICIO....;201742;71;500.0;500.0;71;TRIGO (para balanceado)
29645;5/8/2026;16:57:20;4995.0;00:39:28;23;Pucheta Javier;1;984;40-017;EQUINO SERVICIO....;201753;71;250.0;261.0;71;TRIGO (para balanceado)
29648;5/8/2026;19:24:12;15000.0;01:46:30;23;Pucheta Javier;1;1120;05-113;RECRIA 16  AL 15%  A.A....;201774;71;1500.0;1555.0;71;TRIGO (para balanceado)
29649;5/8/2026;21:18:27;30000.0;01:34:40;23;Pucheta Javier;1;1259;09-142;CREC. MELAZA 12 % A.A...;201786;71;1000.0;1024.0;71;TRIGO (para balanceado)
29650;5/8/2026;22:56:58;20000.0;02:49:28;24;Barca, Fabian;1;1259;09-142;CREC. MELAZA 12 % A.A...;201800;71;2000.0;2045.0;71;TRIGO (para balanceado)
29639;5/8/2026;02:57:10;30000.0;01:53:22;24;Barca, Fabian;1;1120;05-113;RECRIA 16  AL 15%  A.A....;201697;84;420.0;422.4;84;BENTONITA
29640;5/8/2026;04:51:26;16000.0;02:26:39;24;Barca, Fabian;1;1120;05-113;RECRIA 16  AL 15%  A.A....;201705;84;480.0;485.7;84;BENTONITA
29641;5/8/2026;07:24:05;20000.0;03:25:56;7;Aranda Marcelo Edgardo;0;1259;09-142;CREC. MELAZA 12 % A.A...;201712;84;600.0;596.3;84;BENTONITA
29648;5/8/2026;19:24:12;15000.0;01:46:30;23;Pucheta Javier;1;1120;05-113;RECRIA 16  AL 15%  A.A....;201775;84;450.0;455.2;84;BENTONITA
29649;5/8/2026;21:18:27;30000.0;01:34:40;23;Pucheta Javier;1;1259;09-142;CREC. MELAZA 12 % A.A...;201780;84;300.0;300.9;84;BENTONITA
29650;5/8/2026;22:56:58;20000.0;02:49:28;24;Barca, Fabian;1;1259;09-142;CREC. MELAZA 12 % A.A...;201790;84;600.0;606.7;84;BENTONITA
29642;5/8/2026;10:59:49;29970.0;04:23:41;7;Aranda Marcelo Edgardo;0;984;40-017;EQUINO SERVICIO....;201731;135;1500.0;1503.0;135;CUARTA DE CEBADA (hp2º)
29643;5/8/2026;15:25:02;14985.0;01:30:48;23;Pucheta Javier;1;984;40-017;EQUINO SERVICIO....;201741;135;500.0;522.0;135;CUARTA DE CEBADA (hp2º)
29645;5/8/2026;16:57:20;4995.0;00:39:28;23;Pucheta Javier;1;984;40-017;EQUINO SERVICIO....;201752;135;250.0;267.0;135;CUARTA DE CEBADA (hp2º)
29650;5/8/2026;22:56:58;20000.0;02:49:28;24;Barca, Fabian;1;1259;09-142;CREC. MELAZA 12 % A.A...;201798;137;3000.0;3081.0;137;AFRECHILLO DE TRIGO 
29639;5/8/2026;02:57:10;30000.0;01:53:22;24;Barca, Fabian;1;1120;05-113;RECRIA 16  AL 15%  A.A....;201688;154;322.0;325.5;154;CARBONATO DE CALCIO
29640;5/8/2026;04:51:26;16000.0;02:26:39;24;Barca, Fabian;1;1120;05-113;RECRIA 16  AL 15%  A.A....;201698;154;368.0;372.1;154;CARBONATO DE CALCIO
29641;5/8/2026;07:24:05;20000.0;03:25:56;7;Aranda Marcelo Edgardo;0;1259;09-142;CREC. MELAZA 12 % A.A...;201713;154;460.0;468.7;154;CARBONATO DE CALCIO
29642;5/8/2026;10:59:49;29970.0;04:23:41;7;Aranda Marcelo Edgardo;0;984;40-017;EQUINO SERVICIO....;201722;154;345.0;349.3;154;CARBONATO DE CALCIO
29643;5/8/2026;15:25:02;14985.0;01:30:48;23;Pucheta Javier;1;984;40-017;EQUINO SERVICIO....;201732;154;230.0;235.9;154;CARBONATO DE CALCIO
29645;5/8/2026;16:57:20;4995.0;00:39:28;23;Pucheta Javier;1;984;40-017;EQUINO SERVICIO....;201745;154;115.0;122.4;154;CARBONATO DE CALCIO
29648;5/8/2026;19:24:12;15000.0;01:46:30;23;Pucheta Javier;1;1120;05-113;RECRIA 16  AL 15%  A.A....;201766;154;345.0;355.3;154;CARBONATO DE CALCIO
29649;5/8/2026;21:18:27;30000.0;01:34:40;23;Pucheta Javier;1;1259;09-142;CREC. MELAZA 12 % A.A...;201781;154;230.0;226.4;154;CARBONATO DE CALCIO
29650;5/8/2026;22:56:58;20000.0;02:49:28;24;Barca, Fabian;1;1259;09-142;CREC. MELAZA 12 % A.A...;201793;154;460.0;461.3;154;CARBONATO DE CALCIO
29646;5/8/2026;17:42:28;6000.0;00:41:23;23;Pucheta Javier;1;1288;FP0039;TERNERO PREMIUM - DEST. DES. 21 (La Malvina);201755;184;186.0;184.3;184;PREMIX TERNERO PROFEED
29642;5/8/2026;10:59:49;29970.0;04:23:41;7;Aranda Marcelo Edgardo;0;984;40-017;EQUINO SERVICIO....;201723;205;60.0;61.8;205;APSAMIX PX EQUINO
29643;5/8/2026;15:25:02;14985.0;01:30:48;23;Pucheta Javier;1;984;40-017;EQUINO SERVICIO....;201733;205;40.0;40.75;205;APSAMIX PX EQUINO
29645;5/8/2026;16:57:20;4995.0;00:39:28;23;Pucheta Javier;1;984;40-017;EQUINO SERVICIO....;201744;205;20.0;20.9;205;APSAMIX PX EQUINO
29647;5/8/2026;18:28:09;6000.0;00:51:32;23;Pucheta Javier;1;1201;FP0012;CABAÑA PRESENTACIÓN (COMAGRO);201759;243;210.0;212.5;243;PREMIX PROFEED CABAÑA PRESENTACIÓN
29639;5/8/2026;02:57:10;30000.0;01:53:22;24;Barca, Fabian;1;1120;05-113;RECRIA 16  AL 15%  A.A....;201689;263;42.0;42.3;263;SUPLEFEED23
29640;5/8/2026;04:51:26;16000.0;02:26:39;24;Barca, Fabian;1;1120;05-113;RECRIA 16  AL 15%  A.A....;201701;263;48.0;49.35;263;SUPLEFEED23
29641;5/8/2026;07:24:05;20000.0;03:25:56;7;Aranda Marcelo Edgardo;0;1259;09-142;CREC. MELAZA 12 % A.A...;201710;263;60.0;59.2;263;SUPLEFEED23
29648;5/8/2026;19:24:12;15000.0;01:46:30;23;Pucheta Javier;1;1120;05-113;RECRIA 16  AL 15%  A.A....;201767;263;45.0;47.0;263;SUPLEFEED23
29649;5/8/2026;21:18:27;30000.0;01:34:40;23;Pucheta Javier;1;1259;09-142;CREC. MELAZA 12 % A.A...;201776;263;30.0;30.0;263;SUPLEFEED23
29650;5/8/2026;22:56:58;20000.0;02:49:28;24;Barca, Fabian;1;1259;09-142;CREC. MELAZA 12 % A.A...;201788;263;60.0;62.9;263;SUPLEFEED23
29642;5/8/2026;10:59:49;29970.0;04:23:41;7;Aranda Marcelo Edgardo;0;984;40-017;EQUINO SERVICIO....;201727;265;4.5;4.5;265;NUTRAGEN
29643;5/8/2026;15:25:02;14985.0;01:30:48;23;Pucheta Javier;1;984;40-017;EQUINO SERVICIO....;201737;265;3.0;3.0;265;NUTRAGEN
29645;5/8/2026;16:57:20;4995.0;00:39:28;23;Pucheta Javier;1;984;40-017;EQUINO SERVICIO....;201747;265;1.5;1.5;265;NUTRAGEN
29639;5/8/2026;02:57:10;30000.0;01:53:22;24;Barca, Fabian;1;1120;05-113;RECRIA 16  AL 15%  A.A....;201686;281;70.0;72.0;281;NITROPEC
29640;5/8/2026;04:51:26;16000.0;02:26:39;24;Barca, Fabian;1;1120;05-113;RECRIA 16  AL 15%  A.A....;201700;281;80.0;81.85;281;NITROPEC
29641;5/8/2026;07:24:05;20000.0;03:25:56;7;Aranda Marcelo Edgardo;0;1259;09-142;CREC. MELAZA 12 % A.A...;201714;281;100.0;101.5;281;NITROPEC
29648;5/8/2026;19:24:12;15000.0;01:46:30;23;Pucheta Javier;1;1120;05-113;RECRIA 16  AL 15%  A.A....;201765;281;75.0;76.65;281;NITROPEC
29649;5/8/2026;21:18:27;30000.0;01:34:40;23;Pucheta Javier;1;1259;09-142;CREC. MELAZA 12 % A.A...;201778;281;50.0;50.45;281;NITROPEC
29650;5/8/2026;22:56:58;20000.0;02:49:28;24;Barca, Fabian;1;1259;09-142;CREC. MELAZA 12 % A.A...;201791;281;100.0;104.15;281;NITROPEC
29651;6/8/2026;01:51:22;15000.0;01:51:22;24;Barca, Fabian;1;1120;05-113;RECRIA 16  AL 15%  A.A....;201809;2;5175.0;5188.0;2;PELLET AFRECHILLO DE TRIGO
29658;6/8/2026;05:59:31;15000.0;01:08:58;24;Barca, Fabian;1;1164;01-006;TORO SERVICIO....;201837;2;3227.0;3253.0;2;PELLET AFRECHILLO DE TRIGO
29659;6/8/2026;07:09:47;8000.0;01:13:28;7;Aranda Marcelo Edgardo;0;1164;01-006;TORO SERVICIO....;201845;2;3688.0;3702.0;2;PELLET AFRECHILLO DE TRIGO
29660;6/8/2026;08:30:02;28000.0;04:14:58;7;Aranda Marcelo Edgardo;0;1253;99-010;TERMINADOR MELAZA PARAGUAY;201854;2;6580.0;6629.0;2;PELLET AFRECHILLO DE TRIGO
29661;6/8/2026;12:51:30;17000.0;00:00:00;7;Aranda Marcelo Edgardo;0;1042;10-031;TER MELAZA 12.8%AA...;201863;2;6579.0;6600.0;2;PELLET AFRECHILLO DE TRIGO
29663;6/8/2026;15:05:41;12000.0;00:51:49;7;Aranda Marcelo Edgardo;0;1042;10-031;TER MELAZA 12.8%AA...;201872;2;1935.0;1953.0;2;PELLET AFRECHILLO DE TRIGO
29664;6/8/2026;15:58:25;7000.0;00:48:46;23;Pucheta Javier;1;1042;10-031;TER MELAZA 12.8%AA...;201886;2;2709.0;2705.0;2;PELLET AFRECHILLO DE TRIGO
29665;6/8/2026;16:51:25;23000.0;03:05:15;23;Pucheta Javier;1;1259;09-142;CREC. MELAZA 12 % A.A...;201896;2;4945.0;4990.0;2;PELLET AFRECHILLO DE TRIGO
29667;6/8/2026;20:01:32;12000.0;01:37:20;23;Pucheta Javier;1;1259;09-142;CREC. MELAZA 12 % A.A...;201910;2;2580.0;2600.0;2;PELLET AFRECHILLO DE TRIGO
29668;6/8/2026;21:43:07;4000.0;00:35:14;23;Pucheta Javier;1;1259;09-142;CREC. MELAZA 12 % A.A...;201923;2;860.0;882.0;2;PELLET AFRECHILLO DE TRIGO
29669;6/8/2026;22:23:29;60000.0;01:43:31;24;Barca, Fabian;1;1259;09-142;CREC. MELAZA 12 % A.A...;201935;2;2795.0;2827.0;2;PELLET AFRECHILLO DE TRIGO
29651;6/8/2026;01:51:22;15000.0;01:51:22;24;Barca, Fabian;1;1120;05-113;RECRIA 16  AL 15%  A.A....;201806;5;4410.0;4418.0;5;MAIZ
29653;6/8/2026;03:54:57;270.0;00:02:10;24;Barca, Fabian;1;139;Limpieza;LIMPIEZA CIRCUITO;201814;5;250.0;245.0;5;MAIZ
29654;6/8/2026;04:08:18;2000.0;00:35:42;24;Barca, Fabian;1;1294;FC638;RECRIA (Dodorico);201815;5;1100.0;1099.0;5;MAIZ
29655;6/8/2026;04:51:33;1001.0;00:06:55;24;Barca, Fabian;1;1300;FC638 MED;RECRIA (Dodorico) MEDICADO;201818;5;550.0;549.0;5;MAIZ
29656;6/8/2026;05:06:20;2000.0;00:24:25;24;Barca, Fabian;1;1295;FC639;DESARROLLO (Dodorico);201824;5;1312.0;1321.0;5;MAIZ
29657;6/8/2026;05:33:24;1001.0;00:07:53;24;Barca, Fabian;1;1301;FC639 MED;DESARROLLO (Dodorico) MEDICADO;201827;5;656.0;663.0;5;MAIZ
29658;6/8/2026;05:59:31;15000.0;01:08:58;24;Barca, Fabian;1;1164;01-006;TORO SERVICIO....;201835;5;1708.0;1716.0;5;MAIZ
29659;6/8/2026;07:09:47;8000.0;01:13:28;7;Aranda Marcelo Edgardo;0;1164;01-006;TORO SERVICIO....;201843;5;1952.0;1957.0;5;MAIZ
29660;6/8/2026;08:30:02;28000.0;04:14:58;7;Aranda Marcelo Edgardo;0;1253;99-010;TERMINADOR MELAZA PARAGUAY;201851;5;9940.0;9983.0;5;MAIZ
29661;6/8/2026;12:51:30;17000.0;00:00:00;7;Aranda Marcelo Edgardo;0;1042;10-031;TER MELAZA 12.8%AA...;201861;5;4590.0;4603.0;5;MAIZ
29663;6/8/2026;15:05:41;12000.0;00:51:49;7;Aranda Marcelo Edgardo;0;1042;10-031;TER MELAZA 12.8%AA...;201870;5;1350.0;1338.0;5;MAIZ
29664;6/8/2026;15:58:25;7000.0;00:48:46;23;Pucheta Javier;1;1042;10-031;TER MELAZA 12.8%AA...;201882;5;1890.0;1905.0;5;MAIZ
29665;6/8/2026;16:51:25;23000.0;03:05:15;23;Pucheta Javier;1;1259;09-142;CREC. MELAZA 12 % A.A...;201893;5;6762.0;6765.0;5;MAIZ
29667;6/8/2026;20:01:32;12000.0;01:37:20;23;Pucheta Javier;1;1259;09-142;CREC. MELAZA 12 % A.A...;201908;5;3528.0;3526.0;5;MAIZ
29668;6/8/2026;21:43:07;4000.0;00:35:14;23;Pucheta Javier;1;1259;09-142;CREC. MELAZA 12 % A.A...;201920;5;1176.0;1191.0;5;MAIZ
29669;6/8/2026;22:23:29;60000.0;01:43:31;24;Barca, Fabian;1;1259;09-142;CREC. MELAZA 12 % A.A...;201933;5;3822.0;3807.0;5;MAIZ
29651;6/8/2026;01:51:22;15000.0;01:51:22;24;Barca, Fabian;1;1120;05-113;RECRIA 16  AL 15%  A.A....;201810;7;750.0;778.0;7;CASCARA ARROZ
29658;6/8/2026;05:59:31;15000.0;01:08:58;24;Barca, Fabian;1;1164;01-006;TORO SERVICIO....;201836;7;1050.0;1073.0;7;CASCARA ARROZ
29659;6/8/2026;07:09:47;8000.0;01:13:28;7;Aranda Marcelo Edgardo;0;1164;01-006;TORO SERVICIO....;201844;7;1200.0;1208.0;7;CASCARA ARROZ
29660;6/8/2026;08:30:02;28000.0;04:14:58;7;Aranda Marcelo Edgardo;0;1253;99-010;TERMINADOR MELAZA PARAGUAY;201852;7;1400.0;1437.0;7;CASCARA ARROZ
29661;6/8/2026;12:51:30;17000.0;00:00:00;7;Aranda Marcelo Edgardo;0;1042;10-031;TER MELAZA 12.8%AA...;201866;7;340.0;374.0;7;CASCARA ARROZ
29663;6/8/2026;15:05:41;12000.0;00:51:49;7;Aranda Marcelo Edgardo;0;1042;10-031;TER MELAZA 12.8%AA...;201874;7;100.0;123.0;7;CASCARA ARROZ
29664;6/8/2026;15:58:25;7000.0;00:48:46;23;Pucheta Javier;1;1042;10-031;TER MELAZA 12.8%AA...;201888;7;140.0;117.0;7;CASCARA ARROZ
29665;6/8/2026;16:51:25;23000.0;03:05:15;23;Pucheta Javier;1;1259;09-142;CREC. MELAZA 12 % A.A...;201901;7;1150.0;1180.0;7;CASCARA ARROZ
29667;6/8/2026;20:01:32;12000.0;01:37:20;23;Pucheta Javier;1;1259;09-142;CREC. MELAZA 12 % A.A...;201914;7;600.0;624.0;7;CASCARA ARROZ
29668;6/8/2026;21:43:07;4000.0;00:35:14;23;Pucheta Javier;1;1259;09-142;CREC. MELAZA 12 % A.A...;201927;7;200.0;210.0;7;CASCARA ARROZ
29669;6/8/2026;22:23:29;60000.0;01:43:31;24;Barca, Fabian;1;1259;09-142;CREC. MELAZA 12 % A.A...;201940;7;650.0;675.0;7;CASCARA ARROZ
29651;6/8/2026;01:51:22;15000.0;01:51:22;24;Barca, Fabian;1;1120;05-113;RECRIA 16  AL 15%  A.A....;201802;8;1050.0;1051.6;8;AFRECHO ARROZ
29658;6/8/2026;05:59:31;15000.0;01:08:58;24;Barca, Fabian;1;1164;01-006;TORO SERVICIO....;201833;8;350.0;354.0;8;AFRECHO ARROZ
29659;6/8/2026;07:09:47;8000.0;01:13:28;7;Aranda Marcelo Edgardo;0;1164;01-006;TORO SERVICIO....;201842;8;400.0;389.1;8;AFRECHO ARROZ
29660;6/8/2026;08:30:02;28000.0;04:14:58;7;Aranda Marcelo Edgardo;0;1253;99-010;TERMINADOR MELAZA PARAGUAY;201849;8;1400.0;1446.4;8;AFRECHO ARROZ
29661;6/8/2026;12:51:30;17000.0;00:00:00;7;Aranda Marcelo Edgardo;0;1042;10-031;TER MELAZA 12.8%AA...;201859;8;1360.0;1397.5;8;AFRECHO ARROZ
29663;6/8/2026;15:05:41;12000.0;00:51:49;7;Aranda Marcelo Edgardo;0;1042;10-031;TER MELAZA 12.8%AA...;201869;8;400.0;384.0;8;AFRECHO ARROZ
29664;6/8/2026;15:58:25;7000.0;00:48:46;23;Pucheta Javier;1;1042;10-031;TER MELAZA 12.8%AA...;201881;8;560.0;572.6;8;AFRECHO ARROZ
29665;6/8/2026;16:51:25;23000.0;03:05:15;23;Pucheta Javier;1;1259;09-142;CREC. MELAZA 12 % A.A...;201891;8;1150.0;1140.9;8;AFRECHO ARROZ
29667;6/8/2026;20:01:32;12000.0;01:37:20;23;Pucheta Javier;1;1259;09-142;CREC. MELAZA 12 % A.A...;201904;8;600.0;623.5;8;AFRECHO ARROZ
29668;6/8/2026;21:43:07;4000.0;00:35:14;23;Pucheta Javier;1;1259;09-142;CREC. MELAZA 12 % A.A...;201917;8;200.0;194.2;8;AFRECHO ARROZ
29669;6/8/2026;22:23:29;60000.0;01:43:31;24;Barca, Fabian;1;1259;09-142;CREC. MELAZA 12 % A.A...;201930;8;650.0;650.7;8;AFRECHO ARROZ
29651;6/8/2026;01:51:22;15000.0;01:51:22;24;Barca, Fabian;1;1120;05-113;RECRIA 16  AL 15%  A.A....;201807;10;105.0;105.0;10;UREA
29660;6/8/2026;08:30:02;28000.0;04:14:58;7;Aranda Marcelo Edgardo;0;1253;99-010;TERMINADOR MELAZA PARAGUAY;201850;10;224.0;231.6;10;UREA
29661;6/8/2026;12:51:30;17000.0;00:00:00;7;Aranda Marcelo Edgardo;0;1042;10-031;TER MELAZA 12.8%AA...;201862;10;85.0;79.5;10;UREA
29663;6/8/2026;15:05:41;12000.0;00:51:49;7;Aranda Marcelo Edgardo;0;1042;10-031;TER MELAZA 12.8%AA...;201877;10;25.0;27.1;10;UREA
29664;6/8/2026;15:58:25;7000.0;00:48:46;23;Pucheta Javier;1;1042;10-031;TER MELAZA 12.8%AA...;201884;10;35.0;33.9;10;UREA
29665;6/8/2026;16:51:25;23000.0;03:05:15;23;Pucheta Javier;1;1259;09-142;CREC. MELAZA 12 % A.A...;201898;10;161.0;164.3;10;UREA
29667;6/8/2026;20:01:32;12000.0;01:37:20;23;Pucheta Javier;1;1259;09-142;CREC. MELAZA 12 % A.A...;201909;10;84.0;85.5;10;UREA
29668;6/8/2026;21:43:07;4000.0;00:35:14;23;Pucheta Javier;1;1259;09-142;CREC. MELAZA 12 % A.A...;201922;10;28.0;26.5;10;UREA
29669;6/8/2026;22:23:29;60000.0;01:43:31;24;Barca, Fabian;1;1259;09-142;CREC. MELAZA 12 % A.A...;201936;10;91.0;94.3;10;UREA
29651;6/8/2026;01:51:22;15000.0;01:51:22;24;Barca, Fabian;1;1120;05-113;RECRIA 16  AL 15%  A.A....;201805;11;240.0;242.1;11;SAL
29658;6/8/2026;05:59:31;15000.0;01:08:58;24;Barca, Fabian;1;1164;01-006;TORO SERVICIO....;201834;11;56.0;56.4;11;SAL
29659;6/8/2026;07:09:47;8000.0;01:13:28;7;Aranda Marcelo Edgardo;0;1164;01-006;TORO SERVICIO....;201841;11;64.0;57.5;11;SAL
29660;6/8/2026;08:30:02;28000.0;04:14:58;7;Aranda Marcelo Edgardo;0;1253;99-010;TERMINADOR MELAZA PARAGUAY;201853;11;448.0;457.8;11;SAL
29661;6/8/2026;12:51:30;17000.0;00:00:00;7;Aranda Marcelo Edgardo;0;1042;10-031;TER MELAZA 12.8%AA...;201860;11;221.0;230.4;11;SAL
29663;6/8/2026;15:05:41;12000.0;00:51:49;7;Aranda Marcelo Edgardo;0;1042;10-031;TER MELAZA 12.8%AA...;201876;11;65.0;68.3;11;SAL
29664;6/8/2026;15:58:25;7000.0;00:48:46;23;Pucheta Javier;1;1042;10-031;TER MELAZA 12.8%AA...;201883;11;91.0;92.1;11;SAL
29665;6/8/2026;16:51:25;23000.0;03:05:15;23;Pucheta Javier;1;1259;09-142;CREC. MELAZA 12 % A.A...;201899;11;368.0;376.6;11;SAL
29667;6/8/2026;20:01:32;12000.0;01:37:20;23;Pucheta Javier;1;1259;09-142;CREC. MELAZA 12 % A.A...;201912;11;192.0;196.6;11;SAL
29668;6/8/2026;21:43:07;4000.0;00:35:14;23;Pucheta Javier;1;1259;09-142;CREC. MELAZA 12 % A.A...;201925;11;64.0;65.1;11;SAL
29669;6/8/2026;22:23:29;60000.0;01:43:31;24;Barca, Fabian;1;1259;09-142;CREC. MELAZA 12 % A.A...;201938;11;208.0;211.4;11;SAL
29651;6/8/2026;01:51:22;15000.0;01:51:22;24;Barca, Fabian;1;1120;05-113;RECRIA 16  AL 15%  A.A....;201811;19;855.0;893.0;19;EXP SOJA
29654;6/8/2026;04:08:18;2000.0;00:35:42;24;Barca, Fabian;1;1294;FC638;RECRIA (Dodorico);201817;19;700.0;710.0;19;EXP SOJA
29655;6/8/2026;04:51:33;1001.0;00:06:55;24;Barca, Fabian;1;1300;FC638 MED;RECRIA (Dodorico) MEDICADO;201822;19;350.0;351.0;19;EXP SOJA
29656;6/8/2026;05:06:20;2000.0;00:24:25;24;Barca, Fabian;1;1295;FC639;DESARROLLO (Dodorico);201825;19;628.0;625.0;19;EXP SOJA
29657;6/8/2026;05:33:24;1001.0;00:07:53;24;Barca, Fabian;1;1301;FC639 MED;DESARROLLO (Dodorico) MEDICADO;201830;19;314.0;317.0;19;EXP SOJA
29658;6/8/2026;05:59:31;15000.0;01:08:58;24;Barca, Fabian;1;1164;01-006;TORO SERVICIO....;201838;19;392.0;401.0;19;EXP SOJA
29659;6/8/2026;07:09:47;8000.0;01:13:28;7;Aranda Marcelo Edgardo;0;1164;01-006;TORO SERVICIO....;201846;19;448.0;448.0;19;EXP SOJA
29660;6/8/2026;08:30:02;28000.0;04:14:58;7;Aranda Marcelo Edgardo;0;1253;99-010;TERMINADOR MELAZA PARAGUAY;201855;19;1960.0;1965.0;19;EXP SOJA
29661;6/8/2026;12:51:30;17000.0;00:00:00;7;Aranda Marcelo Edgardo;0;1042;10-031;TER MELAZA 12.8%AA...;201867;19;510.0;523.0;19;EXP SOJA
29663;6/8/2026;15:05:41;12000.0;00:51:49;7;Aranda Marcelo Edgardo;0;1042;10-031;TER MELAZA 12.8%AA...;201875;19;150.0;166.0;19;EXP SOJA
29664;6/8/2026;15:58:25;7000.0;00:48:46;23;Pucheta Javier;1;1042;10-031;TER MELAZA 12.8%AA...;201889;19;210.0;225.0;19;EXP SOJA
29665;6/8/2026;16:51:25;23000.0;03:05:15;23;Pucheta Javier;1;1259;09-142;CREC. MELAZA 12 % A.A...;201897;19;1311.0;1371.0;19;EXP SOJA
29667;6/8/2026;20:01:32;12000.0;01:37:20;23;Pucheta Javier;1;1259;09-142;CREC. MELAZA 12 % A.A...;201911;19;684.0;694.0;19;EXP SOJA
29668;6/8/2026;21:43:07;4000.0;00:35:14;23;Pucheta Javier;1;1259;09-142;CREC. MELAZA 12 % A.A...;201924;19;228.0;226.0;19;EXP SOJA
29669;6/8/2026;22:23:29;60000.0;01:43:31;24;Barca, Fabian;1;1259;09-142;CREC. MELAZA 12 % A.A...;201937;19;741.0;785.0;19;EXP SOJA
29651;6/8/2026;01:51:22;15000.0;01:51:22;24;Barca, Fabian;1;1120;05-113;RECRIA 16  AL 15%  A.A....;201812;71;1500.0;1552.0;71;TRIGO (para balanceado)
29665;6/8/2026;16:51:25;23000.0;03:05:15;23;Pucheta Javier;1;1259;09-142;CREC. MELAZA 12 % A.A...;201902;71;2300.0;2290.0;71;TRIGO (para balanceado)
29667;6/8/2026;20:01:32;12000.0;01:37:20;23;Pucheta Javier;1;1259;09-142;CREC. MELAZA 12 % A.A...;201915;71;1200.0;1232.0;71;TRIGO (para balanceado)
29668;6/8/2026;21:43:07;4000.0;00:35:14;23;Pucheta Javier;1;1259;09-142;CREC. MELAZA 12 % A.A...;201928;71;400.0;417.0;71;TRIGO (para balanceado)
29669;6/8/2026;22:23:29;60000.0;01:43:31;24;Barca, Fabian;1;1259;09-142;CREC. MELAZA 12 % A.A...;201941;71;1300.0;1285.0;71;TRIGO (para balanceado)
29651;6/8/2026;01:51:22;15000.0;01:51:22;24;Barca, Fabian;1;1120;05-113;RECRIA 16  AL 15%  A.A....;201808;84;450.0;468.0;84;BENTONITA
29661;6/8/2026;12:51:30;17000.0;00:00:00;7;Aranda Marcelo Edgardo;0;1042;10-031;TER MELAZA 12.8%AA...;201864;84;340.0;342.5;84;BENTONITA
29663;6/8/2026;15:05:41;12000.0;00:51:49;7;Aranda Marcelo Edgardo;0;1042;10-031;TER MELAZA 12.8%AA...;201878;84;100.0;103.3;84;BENTONITA
29664;6/8/2026;15:58:25;7000.0;00:48:46;23;Pucheta Javier;1;1042;10-031;TER MELAZA 12.8%AA...;201885;84;140.0;141.0;84;BENTONITA
29665;6/8/2026;16:51:25;23000.0;03:05:15;23;Pucheta Javier;1;1259;09-142;CREC. MELAZA 12 % A.A...;201894;84;690.0;694.1;84;BENTONITA
29667;6/8/2026;20:01:32;12000.0;01:37:20;23;Pucheta Javier;1;1259;09-142;CREC. MELAZA 12 % A.A...;201905;84;360.0;367.7;84;BENTONITA
29668;6/8/2026;21:43:07;4000.0;00:35:14;23;Pucheta Javier;1;1259;09-142;CREC. MELAZA 12 % A.A...;201919;84;120.0;119.7;84;BENTONITA
29669;6/8/2026;22:23:29;60000.0;01:43:31;24;Barca, Fabian;1;1259;09-142;CREC. MELAZA 12 % A.A...;201932;84;390.0;397.5;84;BENTONITA
29661;6/8/2026;12:51:30;17000.0;00:00:00;7;Aranda Marcelo Edgardo;0;1042;10-031;TER MELAZA 12.8%AA...;201865;135;2550.0;2579.0;135;CUARTA DE CEBADA (hp2º)
29663;6/8/2026;15:05:41;12000.0;00:51:49;7;Aranda Marcelo Edgardo;0;1042;10-031;TER MELAZA 12.8%AA...;201873;135;750.0;735.0;135;CUARTA DE CEBADA (hp2º)
29664;6/8/2026;15:58:25;7000.0;00:48:46;23;Pucheta Javier;1;1042;10-031;TER MELAZA 12.8%AA...;201887;135;1050.0;1068.0;135;CUARTA DE CEBADA (hp2º)
29660;6/8/2026;08:30:02;28000.0;04:14:58;7;Aranda Marcelo Edgardo;0;1253;99-010;TERMINADOR MELAZA PARAGUAY;201856;137;5600.0;5610.0;137;AFRECHILLO DE TRIGO 
29665;6/8/2026;16:51:25;23000.0;03:05:15;23;Pucheta Javier;1;1259;09-142;CREC. MELAZA 12 % A.A...;201900;137;3450.0;3471.0;137;AFRECHILLO DE TRIGO 
29667;6/8/2026;20:01:32;12000.0;01:37:20;23;Pucheta Javier;1;1259;09-142;CREC. MELAZA 12 % A.A...;201913;137;1800.0;1817.0;137;AFRECHILLO DE TRIGO 
29668;6/8/2026;21:43:07;4000.0;00:35:14;23;Pucheta Javier;1;1259;09-142;CREC. MELAZA 12 % A.A...;201926;137;600.0;597.0;137;AFRECHILLO DE TRIGO 
29669;6/8/2026;22:23:29;60000.0;01:43:31;24;Barca, Fabian;1;1259;09-142;CREC. MELAZA 12 % A.A...;201939;137;1950.0;1961.0;137;AFRECHILLO DE TRIGO 
29655;6/8/2026;04:51:33;1001.0;00:06:55;24;Barca, Fabian;1;1300;FC638 MED;RECRIA (Dodorico) MEDICADO;201819;138;1.0;1.0;138;FLORFENICOL
29657;6/8/2026;05:33:24;1001.0;00:07:53;24;Barca, Fabian;1;1301;FC639 MED;DESARROLLO (Dodorico) MEDICADO;201828;138;1.0;1.0;138;FLORFENICOL
29655;6/8/2026;04:51:33;1001.0;00:06:55;24;Barca, Fabian;1;1300;FC638 MED;RECRIA (Dodorico) MEDICADO;201820;141;0.25;0.25;141;FEMBE 4
29657;6/8/2026;05:33:24;1001.0;00:07:53;24;Barca, Fabian;1;1301;FC639 MED;DESARROLLO (Dodorico) MEDICADO;201829;141;0.25;0.25;141;FEMBE 4
29651;6/8/2026;01:51:22;15000.0;01:51:22;24;Barca, Fabian;1;1120;05-113;RECRIA 16  AL 15%  A.A....;201801;154;345.0;349.5;154;CARBONATO DE CALCIO
29653;6/8/2026;03:54:57;270.0;00:02:10;24;Barca, Fabian;1;139;Limpieza;LIMPIEZA CIRCUITO;201813;154;20.0;22.1;154;CARBONATO DE CALCIO
29658;6/8/2026;05:59:31;15000.0;01:08:58;24;Barca, Fabian;1;1164;01-006;TORO SERVICIO....;201832;154;203.0;202.6;154;CARBONATO DE CALCIO
29659;6/8/2026;07:09:47;8000.0;01:13:28;7;Aranda Marcelo Edgardo;0;1164;01-006;TORO SERVICIO....;201840;154;232.0;228.1;154;CARBONATO DE CALCIO
29660;6/8/2026;08:30:02;28000.0;04:14:58;7;Aranda Marcelo Edgardo;0;1253;99-010;TERMINADOR MELAZA PARAGUAY;201847;154;336.0;342.5;154;CARBONATO DE CALCIO
29661;6/8/2026;12:51:30;17000.0;00:00:00;7;Aranda Marcelo Edgardo;0;1042;10-031;TER MELAZA 12.8%AA...;201857;154;374.0;371.9;154;CARBONATO DE CALCIO
29663;6/8/2026;15:05:41;12000.0;00:51:49;7;Aranda Marcelo Edgardo;0;1042;10-031;TER MELAZA 12.8%AA...;201871;154;110.0;106.2;154;CARBONATO DE CALCIO
29664;6/8/2026;15:58:25;7000.0;00:48:46;23;Pucheta Javier;1;1042;10-031;TER MELAZA 12.8%AA...;201880;154;154.0;161.6;154;CARBONATO DE CALCIO
29665;6/8/2026;16:51:25;23000.0;03:05:15;23;Pucheta Javier;1;1259;09-142;CREC. MELAZA 12 % A.A...;201895;154;529.0;536.8;154;CARBONATO DE CALCIO
29667;6/8/2026;20:01:32;12000.0;01:37:20;23;Pucheta Javier;1;1259;09-142;CREC. MELAZA 12 % A.A...;201907;154;276.0;280.0;154;CARBONATO DE CALCIO
29668;6/8/2026;21:43:07;4000.0;00:35:14;23;Pucheta Javier;1;1259;09-142;CREC. MELAZA 12 % A.A...;201921;154;92.0;93.8;154;CARBONATO DE CALCIO
29669;6/8/2026;22:23:29;60000.0;01:43:31;24;Barca, Fabian;1;1259;09-142;CREC. MELAZA 12 % A.A...;201934;154;299.0;302.1;154;CARBONATO DE CALCIO
29656;6/8/2026;05:06:20;2000.0;00:24:25;24;Barca, Fabian;1;1295;FC639;DESARROLLO (Dodorico);201823;190;60.0;63.5;190;MAXIMIX CERDOS CREC. Y TERM.
29657;6/8/2026;05:33:24;1001.0;00:07:53;24;Barca, Fabian;1;1301;FC639 MED;DESARROLLO (Dodorico) MEDICADO;201826;190;30.0;36.5;190;MAXIMIX CERDOS CREC. Y TERM.
29654;6/8/2026;04:08:18;2000.0;00:35:42;24;Barca, Fabian;1;1294;FC638;RECRIA (Dodorico);201816;214;200.0;199.4;214;STARFEED 10
29655;6/8/2026;04:51:33;1001.0;00:06:55;24;Barca, Fabian;1;1300;FC638 MED;RECRIA (Dodorico) MEDICADO;201821;214;100.0;98.5;214;STARFEED 10
29651;6/8/2026;01:51:22;15000.0;01:51:22;24;Barca, Fabian;1;1120;05-113;RECRIA 16  AL 15%  A.A....;201804;263;45.0;46.95;263;SUPLEFEED23
29658;6/8/2026;05:59:31;15000.0;01:08:58;24;Barca, Fabian;1;1164;01-006;TORO SERVICIO....;201831;263;14.0;16.05;263;SUPLEFEED23
29659;6/8/2026;07:09:47;8000.0;01:13:28;7;Aranda Marcelo Edgardo;0;1164;01-006;TORO SERVICIO....;201839;263;16.0;17.65;263;SUPLEFEED23
29660;6/8/2026;08:30:02;28000.0;04:14:58;7;Aranda Marcelo Edgardo;0;1253;99-010;TERMINADOR MELAZA PARAGUAY;201848;263;112.0;115.4;263;SUPLEFEED23
29661;6/8/2026;12:51:30;17000.0;00:00:00;7;Aranda Marcelo Edgardo;0;1042;10-031;TER MELAZA 12.8%AA...;201858;263;51.0;51.45;263;SUPLEFEED23
29663;6/8/2026;15:05:41;12000.0;00:51:49;7;Aranda Marcelo Edgardo;0;1042;10-031;TER MELAZA 12.8%AA...;201868;263;15.0;16.2;263;SUPLEFEED23
29664;6/8/2026;15:58:25;7000.0;00:48:46;23;Pucheta Javier;1;1042;10-031;TER MELAZA 12.8%AA...;201879;263;21.0;22.2;263;SUPLEFEED23
29665;6/8/2026;16:51:25;23000.0;03:05:15;23;Pucheta Javier;1;1259;09-142;CREC. MELAZA 12 % A.A...;201890;263;69.0;71.45;263;SUPLEFEED23
29667;6/8/2026;20:01:32;12000.0;01:37:20;23;Pucheta Javier;1;1259;09-142;CREC. MELAZA 12 % A.A...;201903;263;36.0;35.95;263;SUPLEFEED23
29668;6/8/2026;21:43:07;4000.0;00:35:14;23;Pucheta Javier;1;1259;09-142;CREC. MELAZA 12 % A.A...;201916;263;12.0;12.25;263;SUPLEFEED23
29669;6/8/2026;22:23:29;60000.0;01:43:31;24;Barca, Fabian;1;1259;09-142;CREC. MELAZA 12 % A.A...;201929;263;39.0;40.45;263;SUPLEFEED23
29651;6/8/2026;01:51:22;15000.0;01:51:22;24;Barca, Fabian;1;1120;05-113;RECRIA 16  AL 15%  A.A....;201803;281;75.0;76.65;281;NITROPEC
29665;6/8/2026;16:51:25;23000.0;03:05:15;23;Pucheta Javier;1;1259;09-142;CREC. MELAZA 12 % A.A...;201892;281;115.0;115.3;281;NITROPEC
29667;6/8/2026;20:01:32;12000.0;01:37:20;23;Pucheta Javier;1;1259;09-142;CREC. MELAZA 12 % A.A...;201906;281;60.0;61.65;281;NITROPEC
29668;6/8/2026;21:43:07;4000.0;00:35:14;23;Pucheta Javier;1;1259;09-142;CREC. MELAZA 12 % A.A...;201918;281;20.0;20.6;281;NITROPEC
29669;6/8/2026;22:23:29;60000.0;01:43:31;24;Barca, Fabian;1;1259;09-142;CREC. MELAZA 12 % A.A...;201931;281;65.0;64.9;281;NITROPEC
29670;7/8/2026;00:07:21;47000.0;06:27:50;24;Barca, Fabian;1;1259;09-142;CREC. MELAZA 12 % A.A...;201949;2;10105.0;10165.0;2;PELLET AFRECHILLO DE TRIGO
29671;7/8/2026;06:36:47;4000.0;00:51:00;7;Aranda Marcelo Edgardo;0;1259;09-142;CREC. MELAZA 12 % A.A...;201962;2;940.0;939.0;2;PELLET AFRECHILLO DE TRIGO
29673;7/8/2026;07:36:55;34000.0;01:32:38;7;Aranda Marcelo Edgardo;0;1120;05-113;RECRIA 16  AL 15%  A.A....;201974;2;2820.0;2827.0;2;PELLET AFRECHILLO DE TRIGO
29674;7/8/2026;09:37:22;18000.0;02:28:55;7;Aranda Marcelo Edgardo;0;1120;05-113;RECRIA 16  AL 15%  A.A....;201985;2;4230.0;4252.0;2;PELLET AFRECHILLO DE TRIGO
29676;7/8/2026;12:11:23;20000.0;03:53:09;7;Aranda Marcelo Edgardo;0;1206;99-008;CREC. MELAZA PARAGUAY;202000;2;4700.0;4730.0;2;PELLET AFRECHILLO DE TRIGO
29677;7/8/2026;16:10:22;4995.0;01:06:29;23;Pucheta Javier;1;53;41-001;EQUINO DEPORTIVO (4.5%A.A.)*;202006;2;2430.0;2451.0;2;PELLET AFRECHILLO DE TRIGO
29678;7/8/2026;17:21:42;17000.0;04:23:00;23;Pucheta Javier;1;748;26-026;FIBROMIXER RECRIA 16%A.A.( Girasol Comun);202016;2;9214.0;9225.0;2;PELLET AFRECHILLO DE TRIGO
29679;7/8/2026;22:11:30;18000.0;00:52:41;23;Pucheta Javier;1;1244;R14-001;RECRIA 14 CON MAIZ (quebradora);202026;2;2610.0;2597.0;2;PELLET AFRECHILLO DE TRIGO
29680;7/8/2026;23:05:31;12000.0;02:04:03;24;Barca, Fabian;1;1244;R14-001;RECRIA 14 CON MAIZ (quebradora);202034;2;5220.0;5212.0;2;PELLET AFRECHILLO DE TRIGO
29670;7/8/2026;00:07:21;47000.0;06:27:50;24;Barca, Fabian;1;1259;09-142;CREC. MELAZA 12 % A.A...;201947;5;14534.0;14597.0;5;MAIZ
29671;7/8/2026;06:36:47;4000.0;00:51:00;7;Aranda Marcelo Edgardo;0;1259;09-142;CREC. MELAZA 12 % A.A...;201959;5;1352.0;1368.0;5;MAIZ
29673;7/8/2026;07:36:55;34000.0;01:32:38;7;Aranda Marcelo Edgardo;0;1120;05-113;RECRIA 16  AL 15%  A.A....;201973;5;4056.0;4082.0;5;MAIZ
29674;7/8/2026;09:37:22;18000.0;02:28:55;7;Aranda Marcelo Edgardo;0;1120;05-113;RECRIA 16  AL 15%  A.A....;201983;5;6084.0;6083.0;5;MAIZ
29676;7/8/2026;12:11:23;20000.0;03:53:09;7;Aranda Marcelo Edgardo;0;1206;99-008;CREC. MELAZA PARAGUAY;201994;5;5740.0;5752.0;5;MAIZ
29677;7/8/2026;16:10:22;4995.0;01:06:29;23;Pucheta Javier;1;53;41-001;EQUINO DEPORTIVO (4.5%A.A.)*;202010;5;1300.0;1276.0;5;MAIZ
29678;7/8/2026;17:21:42;17000.0;04:23:00;23;Pucheta Javier;1;748;26-026;FIBROMIXER RECRIA 16%A.A.( Girasol Comun);202013;5;1530.0;1540.0;5;MAIZ
29679;7/8/2026;22:11:30;18000.0;00:52:41;23;Pucheta Javier;1;1244;R14-001;RECRIA 14 CON MAIZ (quebradora);202024;5;1500.0;1517.0;5;MAIZ
29680;7/8/2026;23:05:31;12000.0;02:04:03;24;Barca, Fabian;1;1244;R14-001;RECRIA 14 CON MAIZ (quebradora);202030;5;3000.0;3004.0;5;MAIZ
29670;7/8/2026;00:07:21;47000.0;06:27:50;24;Barca, Fabian;1;1259;09-142;CREC. MELAZA 12 % A.A...;201952;7;2150.0;2167.0;7;CASCARA ARROZ
29671;7/8/2026;06:36:47;4000.0;00:51:00;7;Aranda Marcelo Edgardo;0;1259;09-142;CREC. MELAZA 12 % A.A...;201964;7;200.0;210.0;7;CASCARA ARROZ
29673;7/8/2026;07:36:55;34000.0;01:32:38;7;Aranda Marcelo Edgardo;0;1120;05-113;RECRIA 16  AL 15%  A.A....;201976;7;600.0;627.0;7;CASCARA ARROZ
29674;7/8/2026;09:37:22;18000.0;02:28:55;7;Aranda Marcelo Edgardo;0;1120;05-113;RECRIA 16  AL 15%  A.A....;201988;7;900.0;883.0;7;CASCARA ARROZ
29676;7/8/2026;12:11:23;20000.0;03:53:09;7;Aranda Marcelo Edgardo;0;1206;99-008;CREC. MELAZA PARAGUAY;201998;7;1000.0;981.0;7;CASCARA ARROZ
29677;7/8/2026;16:10:22;4995.0;01:06:29;23;Pucheta Javier;1;53;41-001;EQUINO DEPORTIVO (4.5%A.A.)*;202008;7;210.0;239.0;7;CASCARA ARROZ
29678;7/8/2026;17:21:42;17000.0;04:23:00;23;Pucheta Javier;1;748;26-026;FIBROMIXER RECRIA 16%A.A.( Girasol Comun);202019;7;2567.0;2575.0;7;CASCARA ARROZ
29670;7/8/2026;00:07:21;47000.0;06:27:50;24;Barca, Fabian;1;1259;09-142;CREC. MELAZA 12 % A.A...;201943;8;2150.0;2141.6;8;AFRECHO ARROZ
29671;7/8/2026;06:36:47;4000.0;00:51:00;7;Aranda Marcelo Edgardo;0;1259;09-142;CREC. MELAZA 12 % A.A...;201955;8;200.0;194.1;8;AFRECHO ARROZ
29673;7/8/2026;07:36:55;34000.0;01:32:38;7;Aranda Marcelo Edgardo;0;1120;05-113;RECRIA 16  AL 15%  A.A....;201967;8;600.0;614.8;8;AFRECHO ARROZ
29674;7/8/2026;09:37:22;18000.0;02:28:55;7;Aranda Marcelo Edgardo;0;1120;05-113;RECRIA 16  AL 15%  A.A....;201979;8;900.0;896.5;8;AFRECHO ARROZ
29676;7/8/2026;12:11:23;20000.0;03:53:09;7;Aranda Marcelo Edgardo;0;1206;99-008;CREC. MELAZA PARAGUAY;201992;8;1000.0;1016.1;8;AFRECHO ARROZ
29677;7/8/2026;16:10:22;4995.0;01:06:29;23;Pucheta Javier;1;53;41-001;EQUINO DEPORTIVO (4.5%A.A.)*;202009;8;350.0;359.2;8;AFRECHO ARROZ
29678;7/8/2026;17:21:42;17000.0;04:23:00;23;Pucheta Javier;1;748;26-026;FIBROMIXER RECRIA 16%A.A.( Girasol Comun);202014;8;1190.0;1189.4;8;AFRECHO ARROZ
29679;7/8/2026;22:11:30;18000.0;00:52:41;23;Pucheta Javier;1;1244;R14-001;RECRIA 14 CON MAIZ (quebradora);202027;8;1200.0;1189.9;8;AFRECHO ARROZ
29680;7/8/2026;23:05:31;12000.0;02:04:03;24;Barca, Fabian;1;1244;R14-001;RECRIA 14 CON MAIZ (quebradora);202033;8;2400.0;2392.9;8;AFRECHO ARROZ
29670;7/8/2026;00:07:21;47000.0;06:27:50;24;Barca, Fabian;1;1259;09-142;CREC. MELAZA 12 % A.A...;201948;10;344.0;349.9;10;UREA
29671;7/8/2026;06:36:47;4000.0;00:51:00;7;Aranda Marcelo Edgardo;0;1259;09-142;CREC. MELAZA 12 % A.A...;201960;10;32.0;33.2;10;UREA
29673;7/8/2026;07:36:55;34000.0;01:32:38;7;Aranda Marcelo Edgardo;0;1120;05-113;RECRIA 16  AL 15%  A.A....;201971;10;96.0;100.3;10;UREA
29674;7/8/2026;09:37:22;18000.0;02:28:55;7;Aranda Marcelo Edgardo;0;1120;05-113;RECRIA 16  AL 15%  A.A....;201984;10;144.0;144.3;10;UREA
29676;7/8/2026;12:11:23;20000.0;03:53:09;7;Aranda Marcelo Edgardo;0;1206;99-008;CREC. MELAZA PARAGUAY;201993;10;160.0;165.8;10;UREA
29678;7/8/2026;17:21:42;17000.0;04:23:00;23;Pucheta Javier;1;748;26-026;FIBROMIXER RECRIA 16%A.A.( Girasol Comun);202018;10;323.0;324.6;10;UREA
29670;7/8/2026;00:07:21;47000.0;06:27:50;24;Barca, Fabian;1;1259;09-142;CREC. MELAZA 12 % A.A...;201950;11;688.0;697.5;11;SAL
29671;7/8/2026;06:36:47;4000.0;00:51:00;7;Aranda Marcelo Edgardo;0;1259;09-142;CREC. MELAZA 12 % A.A...;201961;11;64.0;65.6;11;SAL
29673;7/8/2026;07:36:55;34000.0;01:32:38;7;Aranda Marcelo Edgardo;0;1120;05-113;RECRIA 16  AL 15%  A.A....;201969;11;192.0;197.3;11;SAL
29674;7/8/2026;09:37:22;18000.0;02:28:55;7;Aranda Marcelo Edgardo;0;1120;05-113;RECRIA 16  AL 15%  A.A....;201981;11;288.0;293.5;11;SAL
29676;7/8/2026;12:11:23;20000.0;03:53:09;7;Aranda Marcelo Edgardo;0;1206;99-008;CREC. MELAZA PARAGUAY;201997;11;320.0;327.7;11;SAL
29677;7/8/2026;16:10:22;4995.0;01:06:29;23;Pucheta Javier;1;53;41-001;EQUINO DEPORTIVO (4.5%A.A.)*;202003;11;25.0;23.6;11;SAL
29678;7/8/2026;17:21:42;17000.0;04:23:00;23;Pucheta Javier;1;748;26-026;FIBROMIXER RECRIA 16%A.A.( Girasol Comun);202015;11;374.0;373.9;11;SAL
29679;7/8/2026;22:11:30;18000.0;00:52:41;23;Pucheta Javier;1;1244;R14-001;RECRIA 14 CON MAIZ (quebradora);202023;11;120.0;117.7;11;SAL
29680;7/8/2026;23:05:31;12000.0;02:04:03;24;Barca, Fabian;1;1244;R14-001;RECRIA 14 CON MAIZ (quebradora);202031;11;240.0;248.5;11;SAL
29677;7/8/2026;16:10:22;4995.0;01:06:29;23;Pucheta Javier;1;53;41-001;EQUINO DEPORTIVO (4.5%A.A.)*;202011;19;525.0;565.0;19;EXP SOJA
29678;7/8/2026;17:21:42;17000.0;04:23:00;23;Pucheta Javier;1;748;26-026;FIBROMIXER RECRIA 16%A.A.( Girasol Comun);202017;19;850.0;881.0;19;EXP SOJA
29670;7/8/2026;00:07:21;47000.0;06:27:50;24;Barca, Fabian;1;1259;09-142;CREC. MELAZA 12 % A.A...;201953;71;4257.0;4307.0;71;TRIGO (para balanceado)
29671;7/8/2026;06:36:47;4000.0;00:51:00;7;Aranda Marcelo Edgardo;0;1259;09-142;CREC. MELAZA 12 % A.A...;201965;71;396.0;398.0;71;TRIGO (para balanceado)
29673;7/8/2026;07:36:55;34000.0;01:32:38;7;Aranda Marcelo Edgardo;0;1120;05-113;RECRIA 16  AL 15%  A.A....;201977;71;1188.0;1212.0;71;TRIGO (para balanceado)
29674;7/8/2026;09:37:22;18000.0;02:28:55;7;Aranda Marcelo Edgardo;0;1120;05-113;RECRIA 16  AL 15%  A.A....;201989;71;1782.0;1795.0;71;TRIGO (para balanceado)
29676;7/8/2026;12:11:23;20000.0;03:53:09;7;Aranda Marcelo Edgardo;0;1206;99-008;CREC. MELAZA PARAGUAY;201996;71;2000.0;1999.0;71;TRIGO (para balanceado)
29670;7/8/2026;00:07:21;47000.0;06:27:50;24;Barca, Fabian;1;1259;09-142;CREC. MELAZA 12 % A.A...;201944;84;1290.0;1301.7;84;BENTONITA
29671;7/8/2026;06:36:47;4000.0;00:51:00;7;Aranda Marcelo Edgardo;0;1259;09-142;CREC. MELAZA 12 % A.A...;201956;84;120.0;119.7;84;BENTONITA
29673;7/8/2026;07:36:55;34000.0;01:32:38;7;Aranda Marcelo Edgardo;0;1120;05-113;RECRIA 16  AL 15%  A.A....;201972;84;360.0;357.7;84;BENTONITA
29674;7/8/2026;09:37:22;18000.0;02:28:55;7;Aranda Marcelo Edgardo;0;1120;05-113;RECRIA 16  AL 15%  A.A....;201986;84;540.0;539.1;84;BENTONITA
29676;7/8/2026;12:11:23;20000.0;03:53:09;7;Aranda Marcelo Edgardo;0;1206;99-008;CREC. MELAZA PARAGUAY;201999;84;600.0;596.0;84;BENTONITA
29678;7/8/2026;17:21:42;17000.0;04:23:00;23;Pucheta Javier;1;748;26-026;FIBROMIXER RECRIA 16%A.A.( Girasol Comun);202020;121;408.0;414.5;121;BIONUCLEO BOVINO 1%
29670;7/8/2026;00:07:21;47000.0;06:27:50;24;Barca, Fabian;1;1259;09-142;CREC. MELAZA 12 % A.A...;201951;137;6450.0;6483.0;137;AFRECHILLO DE TRIGO 
29671;7/8/2026;06:36:47;4000.0;00:51:00;7;Aranda Marcelo Edgardo;0;1259;09-142;CREC. MELAZA 12 % A.A...;201963;137;600.0;606.0;137;AFRECHILLO DE TRIGO 
29673;7/8/2026;07:36:55;34000.0;01:32:38;7;Aranda Marcelo Edgardo;0;1120;05-113;RECRIA 16  AL 15%  A.A....;201975;137;1800.0;1825.0;137;AFRECHILLO DE TRIGO 
29674;7/8/2026;09:37:22;18000.0;02:28:55;7;Aranda Marcelo Edgardo;0;1120;05-113;RECRIA 16  AL 15%  A.A....;201987;137;2700.0;2697.0;137;AFRECHILLO DE TRIGO 
29676;7/8/2026;12:11:23;20000.0;03:53:09;7;Aranda Marcelo Edgardo;0;1206;99-008;CREC. MELAZA PARAGUAY;202001;137;3000.0;3012.0;137;AFRECHILLO DE TRIGO 
29670;7/8/2026;00:07:21;47000.0;06:27:50;24;Barca, Fabian;1;1259;09-142;CREC. MELAZA 12 % A.A...;201945;154;559.0;571.6;154;CARBONATO DE CALCIO
29671;7/8/2026;06:36:47;4000.0;00:51:00;7;Aranda Marcelo Edgardo;0;1259;09-142;CREC. MELAZA 12 % A.A...;201957;154;52.0;56.7;154;CARBONATO DE CALCIO
29673;7/8/2026;07:36:55;34000.0;01:32:38;7;Aranda Marcelo Edgardo;0;1120;05-113;RECRIA 16  AL 15%  A.A....;201966;154;156.0;164.7;154;CARBONATO DE CALCIO
29674;7/8/2026;09:37:22;18000.0;02:28:55;7;Aranda Marcelo Edgardo;0;1120;05-113;RECRIA 16  AL 15%  A.A....;201978;154;234.0;241.5;154;CARBONATO DE CALCIO
29676;7/8/2026;12:11:23;20000.0;03:53:09;7;Aranda Marcelo Edgardo;0;1206;99-008;CREC. MELAZA PARAGUAY;201990;154;260.0;262.2;154;CARBONATO DE CALCIO
29677;7/8/2026;16:10:22;4995.0;01:06:29;23;Pucheta Javier;1;53;41-001;EQUINO DEPORTIVO (4.5%A.A.)*;202005;154;133.5;137.0;154;CARBONATO DE CALCIO
29678;7/8/2026;17:21:42;17000.0;04:23:00;23;Pucheta Javier;1;748;26-026;FIBROMIXER RECRIA 16%A.A.( Girasol Comun);202012;154;544.0;552.7;154;CARBONATO DE CALCIO
29679;7/8/2026;22:11:30;18000.0;00:52:41;23;Pucheta Javier;1;1244;R14-001;RECRIA 14 CON MAIZ (quebradora);202021;154;90.0;100.9;154;CARBONATO DE CALCIO
29680;7/8/2026;23:05:31;12000.0;02:04:03;24;Barca, Fabian;1;1244;R14-001;RECRIA 14 CON MAIZ (quebradora);202028;154;180.0;182.3;154;CARBONATO DE CALCIO
29677;7/8/2026;16:10:22;4995.0;01:06:29;23;Pucheta Javier;1;53;41-001;EQUINO DEPORTIVO (4.5%A.A.)*;202004;205;25.0;23.8;205;APSAMIX PX EQUINO
29676;7/8/2026;12:11:23;20000.0;03:53:09;7;Aranda Marcelo Edgardo;0;1206;99-008;CREC. MELAZA PARAGUAY;202002;240;1000.0;1065.0;240;PELLET DE ALFALFA
29679;7/8/2026;22:11:30;18000.0;00:52:41;23;Pucheta Javier;1;1244;R14-001;RECRIA 14 CON MAIZ (quebradora);202025;240;450.0;474.0;240;PELLET DE ALFALFA
29680;7/8/2026;23:05:31;12000.0;02:04:03;24;Barca, Fabian;1;1244;R14-001;RECRIA 14 CON MAIZ (quebradora);202032;240;900.0;913.0;240;PELLET DE ALFALFA
29670;7/8/2026;00:07:21;47000.0;06:27:50;24;Barca, Fabian;1;1259;09-142;CREC. MELAZA 12 % A.A...;201942;263;129.0;133.75;263;SUPLEFEED23
29671;7/8/2026;06:36:47;4000.0;00:51:00;7;Aranda Marcelo Edgardo;0;1259;09-142;CREC. MELAZA 12 % A.A...;201954;263;12.0;12.3;263;SUPLEFEED23
29673;7/8/2026;07:36:55;34000.0;01:32:38;7;Aranda Marcelo Edgardo;0;1120;05-113;RECRIA 16  AL 15%  A.A....;201970;263;36.0;36.8;263;SUPLEFEED23
29674;7/8/2026;09:37:22;18000.0;02:28:55;7;Aranda Marcelo Edgardo;0;1120;05-113;RECRIA 16  AL 15%  A.A....;201982;263;54.0;54.55;263;SUPLEFEED23
29676;7/8/2026;12:11:23;20000.0;03:53:09;7;Aranda Marcelo Edgardo;0;1206;99-008;CREC. MELAZA PARAGUAY;201991;263;60.0;61.35;263;SUPLEFEED23
29677;7/8/2026;16:10:22;4995.0;01:06:29;23;Pucheta Javier;1;53;41-001;EQUINO DEPORTIVO (4.5%A.A.)*;202007;265;1.5;1.5;265;NUTRAGEN
29670;7/8/2026;00:07:21;47000.0;06:27:50;24;Barca, Fabian;1;1259;09-142;CREC. MELAZA 12 % A.A...;201946;281;344.0;345.75;281;NITROPEC
29671;7/8/2026;06:36:47;4000.0;00:51:00;7;Aranda Marcelo Edgardo;0;1259;09-142;CREC. MELAZA 12 % A.A...;201958;281;32.0;32.15;281;NITROPEC
29673;7/8/2026;07:36:55;34000.0;01:32:38;7;Aranda Marcelo Edgardo;0;1120;05-113;RECRIA 16  AL 15%  A.A....;201968;281;96.0;98.35;281;NITROPEC
29674;7/8/2026;09:37:22;18000.0;02:28:55;7;Aranda Marcelo Edgardo;0;1120;05-113;RECRIA 16  AL 15%  A.A....;201980;281;144.0;145.8;281;NITROPEC
29676;7/8/2026;12:11:23;20000.0;03:53:09;7;Aranda Marcelo Edgardo;0;1206;99-008;CREC. MELAZA PARAGUAY;201995;281;160.0;160.6;281;NITROPEC
29679;7/8/2026;22:11:30;18000.0;00:52:41;23;Pucheta Javier;1;1244;R14-001;RECRIA 14 CON MAIZ (quebradora);202022;281;30.0;28.25;281;NITROPEC
29680;7/8/2026;23:05:31;12000.0;02:04:03;24;Barca, Fabian;1;1244;R14-001;RECRIA 14 CON MAIZ (quebradora);202029;281;60.0;61.9;281;NITROPEC
29681;8/8/2026;01:16:26;7000.0;01:42:55;24;Barca, Fabian;1;1212;TPW-001;TORO POWER;202038;2;992.0;995.0;2;PELLET AFRECHILLO DE TRIGO
29682;8/8/2026;03:00:04;5000.0;00:32:30;24;Barca, Fabian;1;1309;TPW3;TORO POWER PARAGUAY;202046;2;1480.0;1481.0;2;PELLET AFRECHILLO DE TRIGO
29687;8/8/2026;04:31:30;5000.0;00:57:55;24;Barca, Fabian;1;1151;03-024;VACA LECHERA 16..... .;202057;2;2460.0;2466.0;2;PELLET AFRECHILLO DE TRIGO
29688;8/8/2026;05:34:23;48000.0;00:00:00;7;Aranda Marcelo Edgardo;0;1259;09-142;CREC. MELAZA 12 % A.A...;202072;2;1155.0;1151.0;2;PELLET AFRECHILLO DE TRIGO
29689;8/8/2026;06:22:31;44000.0;01:18:16;7;Aranda Marcelo Edgardo;0;1259;09-142;CREC. MELAZA 12 % A.A...;202081;2;3465.0;3471.0;2;PELLET AFRECHILLO DE TRIGO
29690;8/8/2026;07:41:16;35000.0;00:11:19;7;Aranda Marcelo Edgardo;0;1259;09-142;CREC. MELAZA 12 % A.A...;202093;2;353.0;357.0;2;PELLET AFRECHILLO DE TRIGO
29691;8/8/2026;07:52:53;34000.0;01:40:52;7;Aranda Marcelo Edgardo;0;1259;09-142;CREC. MELAZA 12 % A.A...;202103;2;5005.0;5041.0;2;PELLET AFRECHILLO DE TRIGO
29692;8/8/2026;09:34:14;6000.0;01:01:57;7;Aranda Marcelo Edgardo;0;1259;09-142;CREC. MELAZA 12 % A.A...;202116;2;588.0;588.0;2;PELLET AFRECHILLO DE TRIGO
29681;8/8/2026;01:16:26;7000.0;01:42:55;24;Barca, Fabian;1;1212;TPW-001;TORO POWER;202041;5;528.0;529.0;5;MAIZ
29682;8/8/2026;03:00:04;5000.0;00:32:30;24;Barca, Fabian;1;1309;TPW3;TORO POWER PARAGUAY;202049;5;1320.0;1316.0;5;MAIZ
29687;8/8/2026;04:31:30;5000.0;00:57:55;24;Barca, Fabian;1;1151;03-024;VACA LECHERA 16..... .;202061;5;1355.0;1391.0;5;MAIZ
29688;8/8/2026;05:34:23;48000.0;00:00:00;7;Aranda Marcelo Edgardo;0;1259;09-142;CREC. MELAZA 12 % A.A...;202069;5;1014.0;1013.0;5;MAIZ
29689;8/8/2026;06:22:31;44000.0;01:18:16;7;Aranda Marcelo Edgardo;0;1259;09-142;CREC. MELAZA 12 % A.A...;202078;5;3042.0;3045.0;5;MAIZ
29690;8/8/2026;07:41:16;35000.0;00:11:19;7;Aranda Marcelo Edgardo;0;1259;09-142;CREC. MELAZA 12 % A.A...;202090;5;300.0;300.0;5;MAIZ
29691;8/8/2026;07:52:53;34000.0;01:40:52;7;Aranda Marcelo Edgardo;0;1259;09-142;CREC. MELAZA 12 % A.A...;202102;5;4121.0;4139.0;5;MAIZ
29692;8/8/2026;09:34:14;6000.0;01:01:57;7;Aranda Marcelo Edgardo;0;1259;09-142;CREC. MELAZA 12 % A.A...;202114;5;900.0;906.0;5;MAIZ
29681;8/8/2026;01:16:26;7000.0;01:42:55;24;Barca, Fabian;1;1212;TPW-001;TORO POWER;202039;7;50.0;45.0;7;CASCARA ARROZ
29682;8/8/2026;03:00:04;5000.0;00:32:30;24;Barca, Fabian;1;1309;TPW3;TORO POWER PARAGUAY;202047;7;125.0;126.0;7;CASCARA ARROZ
29687;8/8/2026;04:31:30;5000.0;00:57:55;24;Barca, Fabian;1;1151;03-024;VACA LECHERA 16..... .;202058;7;275.0;275.0;7;CASCARA ARROZ
29688;8/8/2026;05:34:23;48000.0;00:00:00;7;Aranda Marcelo Edgardo;0;1259;09-142;CREC. MELAZA 12 % A.A...;202073;7;150.0;142.0;7;CASCARA ARROZ
29689;8/8/2026;06:22:31;44000.0;01:18:16;7;Aranda Marcelo Edgardo;0;1259;09-142;CREC. MELAZA 12 % A.A...;202082;7;450.0;430.0;7;CASCARA ARROZ
29690;8/8/2026;07:41:16;35000.0;00:11:19;7;Aranda Marcelo Edgardo;0;1259;09-142;CREC. MELAZA 12 % A.A...;202094;7;20.0;22.0;7;CASCARA ARROZ
29691;8/8/2026;07:52:53;34000.0;01:40:52;7;Aranda Marcelo Edgardo;0;1259;09-142;CREC. MELAZA 12 % A.A...;202104;7;260.0;260.0;7;CASCARA ARROZ
29692;8/8/2026;09:34:14;6000.0;01:01:57;7;Aranda Marcelo Edgardo;0;1259;09-142;CREC. MELAZA 12 % A.A...;202120;7;60.0;59.0;7;CASCARA ARROZ
29686;8/8/2026;03:38:44;2000.0;00:52:12;24;Barca, Fabian;1;1284;P.A. MEL;PELLETS DE ALFALFA MELAZADO;202053;8;300.0;287.3;8;AFRECHO ARROZ
29688;8/8/2026;05:34:23;48000.0;00:00:00;7;Aranda Marcelo Edgardo;0;1259;09-142;CREC. MELAZA 12 % A.A...;202065;8;150.0;153.9;8;AFRECHO ARROZ
29689;8/8/2026;06:22:31;44000.0;01:18:16;7;Aranda Marcelo Edgardo;0;1259;09-142;CREC. MELAZA 12 % A.A...;202076;8;450.0;466.1;8;AFRECHO ARROZ
29690;8/8/2026;07:41:16;35000.0;00:11:19;7;Aranda Marcelo Edgardo;0;1259;09-142;CREC. MELAZA 12 % A.A...;202087;8;50.0;42.5;8;AFRECHO ARROZ
29691;8/8/2026;07:52:53;34000.0;01:40:52;7;Aranda Marcelo Edgardo;0;1259;09-142;CREC. MELAZA 12 % A.A...;202099;8;650.0;638.3;8;AFRECHO ARROZ
29692;8/8/2026;09:34:14;6000.0;01:01:57;7;Aranda Marcelo Edgardo;0;1259;09-142;CREC. MELAZA 12 % A.A...;202110;8;150.0;152.9;8;AFRECHO ARROZ
29688;8/8/2026;05:34:23;48000.0;00:00:00;7;Aranda Marcelo Edgardo;0;1259;09-142;CREC. MELAZA 12 % A.A...;202070;10;24.0;25.2;10;UREA
29689;8/8/2026;06:22:31;44000.0;01:18:16;7;Aranda Marcelo Edgardo;0;1259;09-142;CREC. MELAZA 12 % A.A...;202083;10;72.0;75.0;10;UREA
29690;8/8/2026;07:41:16;35000.0;00:11:19;7;Aranda Marcelo Edgardo;0;1259;09-142;CREC. MELAZA 12 % A.A...;202092;10;8.0;6.5;10;UREA
29691;8/8/2026;07:52:53;34000.0;01:40:52;7;Aranda Marcelo Edgardo;0;1259;09-142;CREC. MELAZA 12 % A.A...;202107;10;104.0;108.0;10;UREA
29692;8/8/2026;09:34:14;6000.0;01:01:57;7;Aranda Marcelo Edgardo;0;1259;09-142;CREC. MELAZA 12 % A.A...;202115;10;21.0;19.0;10;UREA
29681;8/8/2026;01:16:26;7000.0;01:42:55;24;Barca, Fabian;1;1212;TPW-001;TORO POWER;202037;11;16.0;16.2;11;SAL
29682;8/8/2026;03:00:04;5000.0;00:32:30;24;Barca, Fabian;1;1309;TPW3;TORO POWER PARAGUAY;202045;11;40.0;40.5;11;SAL
29687;8/8/2026;04:31:30;5000.0;00:57:55;24;Barca, Fabian;1;1151;03-024;VACA LECHERA 16..... .;202056;11;40.0;44.8;11;SAL
29688;8/8/2026;05:34:23;48000.0;00:00:00;7;Aranda Marcelo Edgardo;0;1259;09-142;CREC. MELAZA 12 % A.A...;202071;11;48.0;47.2;11;SAL
29689;8/8/2026;06:22:31;44000.0;01:18:16;7;Aranda Marcelo Edgardo;0;1259;09-142;CREC. MELAZA 12 % A.A...;202085;11;144.0;151.0;11;SAL
29690;8/8/2026;07:41:16;35000.0;00:11:19;7;Aranda Marcelo Edgardo;0;1259;09-142;CREC. MELAZA 12 % A.A...;202095;11;16.0;15.7;11;SAL
29691;8/8/2026;07:52:53;34000.0;01:40:52;7;Aranda Marcelo Edgardo;0;1259;09-142;CREC. MELAZA 12 % A.A...;202108;11;208.0;213.3;11;SAL
29692;8/8/2026;09:34:14;6000.0;01:01:57;7;Aranda Marcelo Edgardo;0;1259;09-142;CREC. MELAZA 12 % A.A...;202117;11;48.0;50.7;11;SAL
29681;8/8/2026;01:16:26;7000.0;01:42:55;24;Barca, Fabian;1;1212;TPW-001;TORO POWER;202040;19;140.0;133.0;19;EXP SOJA
29682;8/8/2026;03:00:04;5000.0;00:32:30;24;Barca, Fabian;1;1309;TPW3;TORO POWER PARAGUAY;202048;19;350.0;351.0;19;EXP SOJA
29687;8/8/2026;04:31:30;5000.0;00:57:55;24;Barca, Fabian;1;1151;03-024;VACA LECHERA 16..... .;202062;19;450.0;461.0;19;EXP SOJA
29692;8/8/2026;09:34:14;6000.0;01:01:57;7;Aranda Marcelo Edgardo;0;1259;09-142;CREC. MELAZA 12 % A.A...;202118;19;150.0;153.0;19;EXP SOJA
29687;8/8/2026;04:31:30;5000.0;00:57:55;24;Barca, Fabian;1;1151;03-024;VACA LECHERA 16..... .;202055;47;120.0;117.3;47;CONCHILLA
29688;8/8/2026;05:34:23;48000.0;00:00:00;7;Aranda Marcelo Edgardo;0;1259;09-142;CREC. MELAZA 12 % A.A...;202074;71;297.0;288.0;71;TRIGO (para balanceado)
29689;8/8/2026;06:22:31;44000.0;01:18:16;7;Aranda Marcelo Edgardo;0;1259;09-142;CREC. MELAZA 12 % A.A...;202084;71;891.0;882.0;71;TRIGO (para balanceado)
29690;8/8/2026;07:41:16;35000.0;00:11:19;7;Aranda Marcelo Edgardo;0;1259;09-142;CREC. MELAZA 12 % A.A...;202096;71;99.0;106.0;71;TRIGO (para balanceado)
29688;8/8/2026;05:34:23;48000.0;00:00:00;7;Aranda Marcelo Edgardo;0;1259;09-142;CREC. MELAZA 12 % A.A...;202066;84;120.0;124.9;84;BENTONITA
29689;8/8/2026;06:22:31;44000.0;01:18:16;7;Aranda Marcelo Edgardo;0;1259;09-142;CREC. MELAZA 12 % A.A...;202079;84;270.0;278.8;84;BENTONITA
29690;8/8/2026;07:41:16;35000.0;00:11:19;7;Aranda Marcelo Edgardo;0;1259;09-142;CREC. MELAZA 12 % A.A...;202089;84;30.0;32.4;84;BENTONITA
29691;8/8/2026;07:52:53;34000.0;01:40:52;7;Aranda Marcelo Edgardo;0;1259;09-142;CREC. MELAZA 12 % A.A...;202100;84;390.0;393.7;84;BENTONITA
29692;8/8/2026;09:34:14;6000.0;01:01:57;7;Aranda Marcelo Edgardo;0;1259;09-142;CREC. MELAZA 12 % A.A...;202111;84;90.0;90.6;84;BENTONITA
29687;8/8/2026;04:31:30;5000.0;00:57:55;24;Barca, Fabian;1;1151;03-024;VACA LECHERA 16..... .;202063;135;250.0;265.0;135;CUARTA DE CEBADA (hp2º)
29690;8/8/2026;07:41:16;35000.0;00:11:19;7;Aranda Marcelo Edgardo;0;1259;09-142;CREC. MELAZA 12 % A.A...;202097;135;100.0;103.0;135;CUARTA DE CEBADA (hp2º)
29691;8/8/2026;07:52:53;34000.0;01:40:52;7;Aranda Marcelo Edgardo;0;1259;09-142;CREC. MELAZA 12 % A.A...;202106;135;1950.0;1974.0;135;CUARTA DE CEBADA (hp2º)
29692;8/8/2026;09:34:14;6000.0;01:01:57;7;Aranda Marcelo Edgardo;0;1259;09-142;CREC. MELAZA 12 % A.A...;202121;135;450.0;460.0;135;CUARTA DE CEBADA (hp2º)
29682;8/8/2026;03:00:04;5000.0;00:32:30;24;Barca, Fabian;1;1309;TPW3;TORO POWER PARAGUAY;202050;137;1000.0;1001.0;137;AFRECHILLO DE TRIGO 
29692;8/8/2026;09:34:14;6000.0;01:01:57;7;Aranda Marcelo Edgardo;0;1259;09-142;CREC. MELAZA 12 % A.A...;202119;137;450.0;467.0;137;AFRECHILLO DE TRIGO 
29681;8/8/2026;01:16:26;7000.0;01:42:55;24;Barca, Fabian;1;1212;TPW-001;TORO POWER;202035;154;56.0;58.7;154;CARBONATO DE CALCIO
29682;8/8/2026;03:00:04;5000.0;00:32:30;24;Barca, Fabian;1;1309;TPW3;TORO POWER PARAGUAY;202043;154;140.0;144.2;154;CARBONATO DE CALCIO
29688;8/8/2026;05:34:23;48000.0;00:00:00;7;Aranda Marcelo Edgardo;0;1259;09-142;CREC. MELAZA 12 % A.A...;202067;154;39.0;41.4;154;CARBONATO DE CALCIO
29689;8/8/2026;06:22:31;44000.0;01:18:16;7;Aranda Marcelo Edgardo;0;1259;09-142;CREC. MELAZA 12 % A.A...;202080;154;117.0;120.0;154;CARBONATO DE CALCIO
29690;8/8/2026;07:41:16;35000.0;00:11:19;7;Aranda Marcelo Edgardo;0;1259;09-142;CREC. MELAZA 12 % A.A...;202091;154;13.0;7.8;154;CARBONATO DE CALCIO
29691;8/8/2026;07:52:53;34000.0;01:40:52;7;Aranda Marcelo Edgardo;0;1259;09-142;CREC. MELAZA 12 % A.A...;202105;154;169.0;174.3;154;CARBONATO DE CALCIO
29692;8/8/2026;09:34:14;6000.0;01:01:57;7;Aranda Marcelo Edgardo;0;1259;09-142;CREC. MELAZA 12 % A.A...;202113;154;69.0;69.1;154;CARBONATO DE CALCIO
29682;8/8/2026;03:00:04;5000.0;00:32:30;24;Barca, Fabian;1;1309;TPW3;TORO POWER PARAGUAY;202044;205;20.0;20.75;205;APSAMIX PX EQUINO
29681;8/8/2026;01:16:26;7000.0;01:42:55;24;Barca, Fabian;1;1212;TPW-001;TORO POWER;202042;240;210.0;207.0;240;PELLET DE ALFALFA
29682;8/8/2026;03:00:04;5000.0;00:32:30;24;Barca, Fabian;1;1309;TPW3;TORO POWER PARAGUAY;202051;240;525.0;544.0;240;PELLET DE ALFALFA
29684;8/8/2026;03:33:36;250.0;00:02:36;24;Barca, Fabian;1;1252;LCPA;LIMPIEZA CIRCUITO PELLETS ALFALFA;202052;240;250.0;255.0;240;PELLET DE ALFALFA
29686;8/8/2026;03:38:44;2000.0;00:52:12;24;Barca, Fabian;1;1284;P.A. MEL;PELLETS DE ALFALFA MELAZADO;202054;240;1700.0;1724.0;240;PELLET DE ALFALFA
29681;8/8/2026;01:16:26;7000.0;01:42:55;24;Barca, Fabian;1;1212;TPW-001;TORO POWER;202036;263;8.0;7.95;263;SUPLEFEED23
29687;8/8/2026;04:31:30;5000.0;00:57:55;24;Barca, Fabian;1;1151;03-024;VACA LECHERA 16..... .;202060;263;10.0;11.75;263;SUPLEFEED23
29688;8/8/2026;05:34:23;48000.0;00:00:00;7;Aranda Marcelo Edgardo;0;1259;09-142;CREC. MELAZA 12 % A.A...;202064;263;12.0;13.25;263;SUPLEFEED23
29689;8/8/2026;06:22:31;44000.0;01:18:16;7;Aranda Marcelo Edgardo;0;1259;09-142;CREC. MELAZA 12 % A.A...;202075;263;27.0;28.7;263;SUPLEFEED23
29690;8/8/2026;07:41:16;35000.0;00:11:19;7;Aranda Marcelo Edgardo;0;1259;09-142;CREC. MELAZA 12 % A.A...;202086;263;3.0;2.1;263;SUPLEFEED23
29691;8/8/2026;07:52:53;34000.0;01:40:52;7;Aranda Marcelo Edgardo;0;1259;09-142;CREC. MELAZA 12 % A.A...;202098;263;39.0;39.55;263;SUPLEFEED23
29692;8/8/2026;09:34:14;6000.0;01:01:57;7;Aranda Marcelo Edgardo;0;1259;09-142;CREC. MELAZA 12 % A.A...;202109;263;9.0;8.9;263;SUPLEFEED23
29687;8/8/2026;04:31:30;5000.0;00:57:55;24;Barca, Fabian;1;1151;03-024;VACA LECHERA 16..... .;202059;281;40.0;41.35;281;NITROPEC
29688;8/8/2026;05:34:23;48000.0;00:00:00;7;Aranda Marcelo Edgardo;0;1259;09-142;CREC. MELAZA 12 % A.A...;202068;281;32.0;32.9;281;NITROPEC
29689;8/8/2026;06:22:31;44000.0;01:18:16;7;Aranda Marcelo Edgardo;0;1259;09-142;CREC. MELAZA 12 % A.A...;202077;281;72.0;71.75;281;NITROPEC
29690;8/8/2026;07:41:16;35000.0;00:11:19;7;Aranda Marcelo Edgardo;0;1259;09-142;CREC. MELAZA 12 % A.A...;202088;281;8.0;7.95;281;NITROPEC
29691;8/8/2026;07:52:53;34000.0;01:40:52;7;Aranda Marcelo Edgardo;0;1259;09-142;CREC. MELAZA 12 % A.A...;202101;281;104.0;104.9;281;NITROPEC
29692;8/8/2026;09:34:14;6000.0;01:01:57;7;Aranda Marcelo Edgardo;0;1259;09-142;CREC. MELAZA 12 % A.A...;202112;281;15.0;14.35;281;NITROPEC
29693;9/8/2026;23:43:36;270.0;00:02:29;23;Pucheta Javier;1;139;Limpieza;LIMPIEZA CIRCUITO;202123;5;250.0;253.0;5;MAIZ
29694;9/8/2026;23:50:32;6000.0;00:30:04;23;Pucheta Javier;1;1088;FC713;TERMINACIÓN CERDOS SANCHEZ;202125;5;4452.0;4485.0;5;MAIZ
29694;9/8/2026;23:50:32;6000.0;00:30:04;23;Pucheta Javier;1;1088;FC713;TERMINACIÓN CERDOS SANCHEZ;202126;19;1398.0;1392.0;19;EXP SOJA
29693;9/8/2026;23:43:36;270.0;00:02:29;23;Pucheta Javier;1;139;Limpieza;LIMPIEZA CIRCUITO;202122;154;20.0;22.0;154;CARBONATO DE CALCIO
29694;9/8/2026;23:50:32;6000.0;00:30:04;23;Pucheta Javier;1;1088;FC713;TERMINACIÓN CERDOS SANCHEZ;202124;198;150.0;148.4;198;tK TERMINACIÓN 2,5%
29695;10/8/2026;00:24:23;4000.0;00:30:19;23;Pucheta Javier;1;1279;19-032;ENGORDE BOVINO 12% A.A. .;202132;2;848.0;873.0;2;PELLET AFRECHILLO DE TRIGO
29696;10/8/2026;01:00:04;75000.0;05:49:19;23;Pucheta Javier;1;1259;09-142;CREC. MELAZA 12 % A.A...;202146;2;4900.0;4957.0;2;PELLET AFRECHILLO DE TRIGO
29697;10/8/2026;06:50:08;50000.0;01:14:04;24;Barca, Fabian;1;1259;09-142;CREC. MELAZA 12 % A.A...;202160;2;1568.0;1568.0;2;PELLET AFRECHILLO DE TRIGO
29698;10/8/2026;08:05:06;42000.0;06:51:40;24;Barca, Fabian;1;1259;09-142;CREC. MELAZA 12 % A.A...;202173;2;8232.0;8299.0;2;PELLET AFRECHILLO DE TRIGO
29699;10/8/2026;15:01:51;8000.0;01:16:30;7;Aranda Marcelo Edgardo;0;1155;16-015;MANTENIMIENTO MELAZA....;202186;2;1952.0;1960.0;2;PELLET AFRECHILLO DE TRIGO
29705;10/8/2026;18:55:41;36000.0;04:05:34;7;Aranda Marcelo Edgardo;0;1259;09-142;CREC. MELAZA 12 % A.A...;202209;2;9342.0;9363.0;2;PELLET AFRECHILLO DE TRIGO
29706;10/8/2026;23:02:01;9000.0;02:44:01;23;Pucheta Javier;1;1259;09-142;CREC. MELAZA 12 % A.A...;202220;2;3114.0;3137.0;2;PELLET AFRECHILLO DE TRIGO
29695;10/8/2026;00:24:23;4000.0;00:30:19;23;Pucheta Javier;1;1279;19-032;ENGORDE BOVINO 12% A.A. .;202138;5;1200.0;1206.0;5;MAIZ
29696;10/8/2026;01:00:04;75000.0;05:49:19;23;Pucheta Javier;1;1259;09-142;CREC. MELAZA 12 % A.A...;202144;5;7500.0;7496.0;5;MAIZ
29697;10/8/2026;06:50:08;50000.0;01:14:04;24;Barca, Fabian;1;1259;09-142;CREC. MELAZA 12 % A.A...;202157;5;2400.0;2411.0;5;MAIZ
29698;10/8/2026;08:05:06;42000.0;06:51:40;24;Barca, Fabian;1;1259;09-142;CREC. MELAZA 12 % A.A...;202169;5;12600.0;12641.0;5;MAIZ
29699;10/8/2026;15:01:51;8000.0;01:16:30;7;Aranda Marcelo Edgardo;0;1155;16-015;MANTENIMIENTO MELAZA....;202183;5;1600.0;1612.0;5;MAIZ
29700;10/8/2026;16:25:18;270.0;00:02:33;7;Aranda Marcelo Edgardo;0;139;Limpieza;LIMPIEZA CIRCUITO;202190;5;250.0;238.0;5;MAIZ
29703;10/8/2026;18:19:47;2002.0;00:10:52;7;Aranda Marcelo Edgardo;0;1293;FC824;CERDAS GESTACION  (Sanchez) ;202194;5;1540.0;1539.0;5;MAIZ
29704;10/8/2026;18:34:41;2002.0;00:10:33;7;Aranda Marcelo Edgardo;0;1292;FC916;CERDAS LACTANCIA (Sanchez);202198;5;1220.0;1210.0;5;MAIZ
29705;10/8/2026;18:55:41;36000.0;04:05:34;7;Aranda Marcelo Edgardo;0;1259;09-142;CREC. MELAZA 12 % A.A...;202205;5;8100.0;8137.0;5;MAIZ
29706;10/8/2026;23:02:01;9000.0;02:44:01;23;Pucheta Javier;1;1259;09-142;CREC. MELAZA 12 % A.A...;202217;5;2700.0;2699.0;5;MAIZ
29695;10/8/2026;00:24:23;4000.0;00:30:19;23;Pucheta Javier;1;1279;19-032;ENGORDE BOVINO 12% A.A. .;202133;7;80.0;68.0;7;CASCARA ARROZ
29696;10/8/2026;01:00:04;75000.0;05:49:19;23;Pucheta Javier;1;1259;09-142;CREC. MELAZA 12 % A.A...;202151;7;500.0;484.0;7;CASCARA ARROZ
29697;10/8/2026;06:50:08;50000.0;01:14:04;24;Barca, Fabian;1;1259;09-142;CREC. MELAZA 12 % A.A...;202164;7;160.0;184.0;7;CASCARA ARROZ
29698;10/8/2026;08:05:06;42000.0;06:51:40;24;Barca, Fabian;1;1259;09-142;CREC. MELAZA 12 % A.A...;202177;7;840.0;1016.0;7;CASCARA ARROZ
29699;10/8/2026;15:01:51;8000.0;01:16:30;7;Aranda Marcelo Edgardo;0;1155;16-015;MANTENIMIENTO MELAZA....;202185;7;640.0;639.0;7;CASCARA ARROZ
29705;10/8/2026;18:55:41;36000.0;04:05:34;7;Aranda Marcelo Edgardo;0;1259;09-142;CREC. MELAZA 12 % A.A...;202211;7;540.0;624.0;7;CASCARA ARROZ
29706;10/8/2026;23:02:01;9000.0;02:44:01;23;Pucheta Javier;1;1259;09-142;CREC. MELAZA 12 % A.A...;202223;7;180.0;207.0;7;CASCARA ARROZ
29695;10/8/2026;00:24:23;4000.0;00:30:19;23;Pucheta Javier;1;1279;19-032;ENGORDE BOVINO 12% A.A. .;202131;8;400.0;406.0;8;AFRECHO ARROZ
29696;10/8/2026;01:00:04;75000.0;05:49:19;23;Pucheta Javier;1;1259;09-142;CREC. MELAZA 12 % A.A...;202149;8;1250.0;1251.8;8;AFRECHO ARROZ
29697;10/8/2026;06:50:08;50000.0;01:14:04;24;Barca, Fabian;1;1259;09-142;CREC. MELAZA 12 % A.A...;202154;8;400.0;418.7;8;AFRECHO ARROZ
29698;10/8/2026;08:05:06;42000.0;06:51:40;24;Barca, Fabian;1;1259;09-142;CREC. MELAZA 12 % A.A...;202167;8;2100.0;2137.1;8;AFRECHO ARROZ
29699;10/8/2026;15:01:51;8000.0;01:16:30;7;Aranda Marcelo Edgardo;0;1155;16-015;MANTENIMIENTO MELAZA....;202182;8;800.0;793.4;8;AFRECHO ARROZ
29705;10/8/2026;18:55:41;36000.0;04:05:34;7;Aranda Marcelo Edgardo;0;1259;09-142;CREC. MELAZA 12 % A.A...;202202;8;1350.0;1390.0;8;AFRECHO ARROZ
29706;10/8/2026;23:02:01;9000.0;02:44:01;23;Pucheta Javier;1;1259;09-142;CREC. MELAZA 12 % A.A...;202214;8;450.0;449.7;8;AFRECHO ARROZ
29695;10/8/2026;00:24:23;4000.0;00:30:19;23;Pucheta Javier;1;1279;19-032;ENGORDE BOVINO 12% A.A. .;202129;10;12.0;11.0;10;UREA
29696;10/8/2026;01:00:04;75000.0;05:49:19;23;Pucheta Javier;1;1259;09-142;CREC. MELAZA 12 % A.A...;202145;10;175.0;170.4;10;UREA
29697;10/8/2026;06:50:08;50000.0;01:14:04;24;Barca, Fabian;1;1259;09-142;CREC. MELAZA 12 % A.A...;202159;10;56.0;62.3;10;UREA
29698;10/8/2026;08:05:06;42000.0;06:51:40;24;Barca, Fabian;1;1259;09-142;CREC. MELAZA 12 % A.A...;202172;10;294.0;292.1;10;UREA
29699;10/8/2026;15:01:51;8000.0;01:16:30;7;Aranda Marcelo Edgardo;0;1155;16-015;MANTENIMIENTO MELAZA....;202181;10;16.0;11.8;10;UREA
29705;10/8/2026;18:55:41;36000.0;04:05:34;7;Aranda Marcelo Edgardo;0;1259;09-142;CREC. MELAZA 12 % A.A...;202207;10;189.0;194.4;10;UREA
29706;10/8/2026;23:02:01;9000.0;02:44:01;23;Pucheta Javier;1;1259;09-142;CREC. MELAZA 12 % A.A...;202219;10;63.0;66.6;10;UREA
29695;10/8/2026;00:24:23;4000.0;00:30:19;23;Pucheta Javier;1;1279;19-032;ENGORDE BOVINO 12% A.A. .;202134;11;64.0;68.7;11;SAL
29696;10/8/2026;01:00:04;75000.0;05:49:19;23;Pucheta Javier;1;1259;09-142;CREC. MELAZA 12 % A.A...;202147;11;400.0;411.5;11;SAL
29697;10/8/2026;06:50:08;50000.0;01:14:04;24;Barca, Fabian;1;1259;09-142;CREC. MELAZA 12 % A.A...;202162;11;128.0;130.1;11;SAL
29698;10/8/2026;08:05:06;42000.0;06:51:40;24;Barca, Fabian;1;1259;09-142;CREC. MELAZA 12 % A.A...;202175;11;672.0;675.3;11;SAL
29699;10/8/2026;15:01:51;8000.0;01:16:30;7;Aranda Marcelo Edgardo;0;1155;16-015;MANTENIMIENTO MELAZA....;202184;11;96.0;94.8;11;SAL
29705;10/8/2026;18:55:41;36000.0;04:05:34;7;Aranda Marcelo Edgardo;0;1259;09-142;CREC. MELAZA 12 % A.A...;202208;11;432.0;432.1;11;SAL
29706;10/8/2026;23:02:01;9000.0;02:44:01;23;Pucheta Javier;1;1259;09-142;CREC. MELAZA 12 % A.A...;202221;11;144.0;152.6;11;SAL
29695;10/8/2026;00:24:23;4000.0;00:30:19;23;Pucheta Javier;1;1279;19-032;ENGORDE BOVINO 12% A.A. .;202139;19;120.0;128.0;19;EXP SOJA
29696;10/8/2026;01:00:04;75000.0;05:49:19;23;Pucheta Javier;1;1259;09-142;CREC. MELAZA 12 % A.A...;202148;19;1250.0;1289.0;19;EXP SOJA
29697;10/8/2026;06:50:08;50000.0;01:14:04;24;Barca, Fabian;1;1259;09-142;CREC. MELAZA 12 % A.A...;202161;19;400.0;411.0;19;EXP SOJA
29698;10/8/2026;08:05:06;42000.0;06:51:40;24;Barca, Fabian;1;1259;09-142;CREC. MELAZA 12 % A.A...;202174;19;2100.0;2145.0;19;EXP SOJA
29703;10/8/2026;18:19:47;2002.0;00:10:52;7;Aranda Marcelo Edgardo;0;1293;FC824;CERDAS GESTACION  (Sanchez) ;202196;19;360.0;342.0;19;EXP SOJA
29704;10/8/2026;18:34:41;2002.0;00:10:33;7;Aranda Marcelo Edgardo;0;1292;FC916;CERDAS LACTANCIA (Sanchez);202200;19;680.0;680.0;19;EXP SOJA
29705;10/8/2026;18:55:41;36000.0;04:05:34;7;Aranda Marcelo Edgardo;0;1259;09-142;CREC. MELAZA 12 % A.A...;202210;19;1350.0;1365.0;19;EXP SOJA
29706;10/8/2026;23:02:01;9000.0;02:44:01;23;Pucheta Javier;1;1259;09-142;CREC. MELAZA 12 % A.A...;202222;19;450.0;486.0;19;EXP SOJA
29695;10/8/2026;00:24:23;4000.0;00:30:19;23;Pucheta Javier;1;1279;19-032;ENGORDE BOVINO 12% A.A. .;202137;84;60.0;63.4;84;BENTONITA
29696;10/8/2026;01:00:04;75000.0;05:49:19;23;Pucheta Javier;1;1259;09-142;CREC. MELAZA 12 % A.A...;202141;84;750.0;755.7;84;BENTONITA
29697;10/8/2026;06:50:08;50000.0;01:14:04;24;Barca, Fabian;1;1259;09-142;CREC. MELAZA 12 % A.A...;202155;84;240.0;249.0;84;BENTONITA
29698;10/8/2026;08:05:06;42000.0;06:51:40;24;Barca, Fabian;1;1259;09-142;CREC. MELAZA 12 % A.A...;202170;84;1260.0;1277.8;84;BENTONITA
29705;10/8/2026;18:55:41;36000.0;04:05:34;7;Aranda Marcelo Edgardo;0;1259;09-142;CREC. MELAZA 12 % A.A...;202204;84;810.0;815.6;84;BENTONITA
29706;10/8/2026;23:02:01;9000.0;02:44:01;23;Pucheta Javier;1;1259;09-142;CREC. MELAZA 12 % A.A...;202216;84;270.0;274.2;84;BENTONITA
29695;10/8/2026;00:24:23;4000.0;00:30:19;23;Pucheta Javier;1;1279;19-032;ENGORDE BOVINO 12% A.A. .;202136;135;560.0;551.0;135;CUARTA DE CEBADA (hp2º)
29696;10/8/2026;01:00:04;75000.0;05:49:19;23;Pucheta Javier;1;1259;09-142;CREC. MELAZA 12 % A.A...;202152;135;3750.0;3723.0;135;CUARTA DE CEBADA (hp2º)
29697;10/8/2026;06:50:08;50000.0;01:14:04;24;Barca, Fabian;1;1259;09-142;CREC. MELAZA 12 % A.A...;202165;135;1200.0;1217.0;135;CUARTA DE CEBADA (hp2º)
29698;10/8/2026;08:05:06;42000.0;06:51:40;24;Barca, Fabian;1;1259;09-142;CREC. MELAZA 12 % A.A...;202178;135;6300.0;6366.0;135;CUARTA DE CEBADA (hp2º)
29699;10/8/2026;15:01:51;8000.0;01:16:30;7;Aranda Marcelo Edgardo;0;1155;16-015;MANTENIMIENTO MELAZA....;202188;135;1200.0;1218.0;135;CUARTA DE CEBADA (hp2º)
29705;10/8/2026;18:55:41;36000.0;04:05:34;7;Aranda Marcelo Edgardo;0;1259;09-142;CREC. MELAZA 12 % A.A...;202212;135;4050.0;4091.0;135;CUARTA DE CEBADA (hp2º)
29706;10/8/2026;23:02:01;9000.0;02:44:01;23;Pucheta Javier;1;1259;09-142;CREC. MELAZA 12 % A.A...;202224;135;1350.0;1354.0;135;CUARTA DE CEBADA (hp2º)
29695;10/8/2026;00:24:23;4000.0;00:30:19;23;Pucheta Javier;1;1279;19-032;ENGORDE BOVINO 12% A.A. .;202135;137;600.0;626.0;137;AFRECHILLO DE TRIGO 
29696;10/8/2026;01:00:04;75000.0;05:49:19;23;Pucheta Javier;1;1259;09-142;CREC. MELAZA 12 % A.A...;202150;137;3750.0;3773.0;137;AFRECHILLO DE TRIGO 
29697;10/8/2026;06:50:08;50000.0;01:14:04;24;Barca, Fabian;1;1259;09-142;CREC. MELAZA 12 % A.A...;202163;137;1200.0;1215.0;137;AFRECHILLO DE TRIGO 
29698;10/8/2026;08:05:06;42000.0;06:51:40;24;Barca, Fabian;1;1259;09-142;CREC. MELAZA 12 % A.A...;202176;137;6300.0;6365.0;137;AFRECHILLO DE TRIGO 
29699;10/8/2026;15:01:51;8000.0;01:16:30;7;Aranda Marcelo Edgardo;0;1155;16-015;MANTENIMIENTO MELAZA....;202187;137;1600.0;1615.0;137;AFRECHILLO DE TRIGO 
29695;10/8/2026;00:24:23;4000.0;00:30:19;23;Pucheta Javier;1;1279;19-032;ENGORDE BOVINO 12% A.A. .;202127;154;36.0;40.4;154;CARBONATO DE CALCIO
29696;10/8/2026;01:00:04;75000.0;05:49:19;23;Pucheta Javier;1;1259;09-142;CREC. MELAZA 12 % A.A...;202143;154;575.0;574.0;154;CARBONATO DE CALCIO
29697;10/8/2026;06:50:08;50000.0;01:14:04;24;Barca, Fabian;1;1259;09-142;CREC. MELAZA 12 % A.A...;202158;154;184.0;183.6;154;CARBONATO DE CALCIO
29698;10/8/2026;08:05:06;42000.0;06:51:40;24;Barca, Fabian;1;1259;09-142;CREC. MELAZA 12 % A.A...;202171;154;966.0;969.4;154;CARBONATO DE CALCIO
29699;10/8/2026;15:01:51;8000.0;01:16:30;7;Aranda Marcelo Edgardo;0;1155;16-015;MANTENIMIENTO MELAZA....;202179;154;80.0;80.8;154;CARBONATO DE CALCIO
29700;10/8/2026;16:25:18;270.0;00:02:33;7;Aranda Marcelo Edgardo;0;139;Limpieza;LIMPIEZA CIRCUITO;202189;154;20.0;19.9;154;CARBONATO DE CALCIO
29705;10/8/2026;18:55:41;36000.0;04:05:34;7;Aranda Marcelo Edgardo;0;1259;09-142;CREC. MELAZA 12 % A.A...;202206;154;621.0;636.8;154;CARBONATO DE CALCIO
29706;10/8/2026;23:02:01;9000.0;02:44:01;23;Pucheta Javier;1;1259;09-142;CREC. MELAZA 12 % A.A...;202218;154;207.0;205.6;154;CARBONATO DE CALCIO
29704;10/8/2026;18:34:41;2002.0;00:10:33;7;Aranda Marcelo Edgardo;0;1292;FC916;CERDAS LACTANCIA (Sanchez);202197;219;100.0;99.0;219;MAGNUM VITAL LACTANCIA 5%
29703;10/8/2026;18:19:47;2002.0;00:10:52;7;Aranda Marcelo Edgardo;0;1293;FC824;CERDAS GESTACION  (Sanchez) ;202193;248;100.0;99.3;248;MAGNUM VITAL GESTACION 5%
29695;10/8/2026;00:24:23;4000.0;00:30:19;23;Pucheta Javier;1;1279;19-032;ENGORDE BOVINO 12% A.A. .;202128;263;8.0;9.95;263;SUPLEFEED23
29696;10/8/2026;01:00:04;75000.0;05:49:19;23;Pucheta Javier;1;1259;09-142;CREC. MELAZA 12 % A.A...;202140;263;75.0;77.35;263;SUPLEFEED23
29697;10/8/2026;06:50:08;50000.0;01:14:04;24;Barca, Fabian;1;1259;09-142;CREC. MELAZA 12 % A.A...;202153;263;24.0;24.85;263;SUPLEFEED23
29698;10/8/2026;08:05:06;42000.0;06:51:40;24;Barca, Fabian;1;1259;09-142;CREC. MELAZA 12 % A.A...;202166;263;126.0;130.8;263;SUPLEFEED23
29699;10/8/2026;15:01:51;8000.0;01:16:30;7;Aranda Marcelo Edgardo;0;1155;16-015;MANTENIMIENTO MELAZA....;202180;263;16.0;18.95;263;SUPLEFEED23
29705;10/8/2026;18:55:41;36000.0;04:05:34;7;Aranda Marcelo Edgardo;0;1259;09-142;CREC. MELAZA 12 % A.A...;202201;263;81.0;82.9;263;SUPLEFEED23
29706;10/8/2026;23:02:01;9000.0;02:44:01;23;Pucheta Javier;1;1259;09-142;CREC. MELAZA 12 % A.A...;202213;263;27.0;26.25;263;SUPLEFEED23
29695;10/8/2026;00:24:23;4000.0;00:30:19;23;Pucheta Javier;1;1279;19-032;ENGORDE BOVINO 12% A.A. .;202130;281;12.0;12.45;281;NITROPEC
29696;10/8/2026;01:00:04;75000.0;05:49:19;23;Pucheta Javier;1;1259;09-142;CREC. MELAZA 12 % A.A...;202142;281;125.0;128.0;281;NITROPEC
29697;10/8/2026;06:50:08;50000.0;01:14:04;24;Barca, Fabian;1;1259;09-142;CREC. MELAZA 12 % A.A...;202156;281;40.0;39.9;281;NITROPEC
29698;10/8/2026;08:05:06;42000.0;06:51:40;24;Barca, Fabian;1;1259;09-142;CREC. MELAZA 12 % A.A...;202168;281;210.0;210.25;281;NITROPEC
29705;10/8/2026;18:55:41;36000.0;04:05:34;7;Aranda Marcelo Edgardo;0;1259;09-142;CREC. MELAZA 12 % A.A...;202203;281;135.0;137.9;281;NITROPEC
29706;10/8/2026;23:02:01;9000.0;02:44:01;23;Pucheta Javier;1;1259;09-142;CREC. MELAZA 12 % A.A...;202215;281;45.0;45.9;281;NITROPEC
29703;10/8/2026;18:19:47;2002.0;00:10:52;7;Aranda Marcelo Edgardo;0;1293;FC824;CERDAS GESTACION  (Sanchez) ;202195;317;2.0;2.0;317;SECUESTRANTE SANCHEZ
29704;10/8/2026;18:34:41;2002.0;00:10:33;7;Aranda Marcelo Edgardo;0;1292;FC916;CERDAS LACTANCIA (Sanchez);202199;317;2.0;2.0;317;SECUESTRANTE SANCHEZ
29701;10/8/2026;16:54:30;3000.0;00:45:15;7;Aranda Marcelo Edgardo;0;1311;PNQ;PONEDORA QUEBRADO;202191;319;3000.0;3000.0;319;PONEDORA CASERA/JAULA PELLET
29702;10/8/2026;17:42:52;1000.0;00:08:33;7;Aranda Marcelo Edgardo;0;1312;IPQ;INICIADOR QUEBRADO;202192;320;1000.0;996.0;320;INICIADOR PARRILLERO PELLET
29707;11/8/2026;01:50:19;15000.0;03:35:55;23;Pucheta Javier;1;1259;09-142;CREC. MELAZA 12 % A.A...;202232;2;5190.0;5226.0;2;PELLET AFRECHILLO DE TRIGO
29708;11/8/2026;05:31:24;50000.0;03:25:21;23;Pucheta Javier;1;1120;05-113;RECRIA 16  AL 15%  A.A....;202245;2;2076.0;2070.0;2;PELLET AFRECHILLO DE TRIGO
29709;11/8/2026;08:57:58;44000.0;01:12:36;24;Barca, Fabian;1;1120;05-113;RECRIA 16  AL 15%  A.A....;202256;2;3114.0;3133.0;2;PELLET AFRECHILLO DE TRIGO
29710;11/8/2026;10:11:06;35000.0;04:48:58;24;Barca, Fabian;1;1120;05-113;RECRIA 16  AL 15%  A.A....;202269;2;9688.0;9701.0;2;PELLET AFRECHILLO DE TRIGO
29711;11/8/2026;15:01:12;7000.0;00:42:39;7;Aranda Marcelo Edgardo;0;1120;05-113;RECRIA 16  AL 15%  A.A....;202281;2;2422.0;2430.0;2;PELLET AFRECHILLO DE TRIGO
29712;11/8/2026;15:50:01;13000.0;02:03:44;7;Aranda Marcelo Edgardo;0;1201;FP0012;CABAÑA PRESENTACIÓN (COMAGRO);202290;2;3250.0;3277.0;2;PELLET AFRECHILLO DE TRIGO
29713;11/8/2026;18:00:03;32000.0;05:02:39;7;Aranda Marcelo Edgardo;0;1289;FP0040;FEED LOT M y H DESARROLLO 18% (Comagro);202294;2;7540.0;7613.0;2;PELLET AFRECHILLO DE TRIGO
29714;11/8/2026;23:03:27;6000.0;00:45:04;23;Pucheta Javier;1;1289;FP0040;FEED LOT M y H DESARROLLO 18% (Comagro);202302;2;1740.0;1738.0;2;PELLET AFRECHILLO DE TRIGO
29715;11/8/2026;23:55:44;6000.0;01:14:27;23;Pucheta Javier;1;529;20-011;SUPLEMENTO 25/35   16% A.A.;202304;2;2580.0;2606.0;2;PELLET AFRECHILLO DE TRIGO
29707;11/8/2026;01:50:19;15000.0;03:35:55;23;Pucheta Javier;1;1259;09-142;CREC. MELAZA 12 % A.A...;202230;5;4500.0;4512.0;5;MAIZ
29708;11/8/2026;05:31:24;50000.0;03:25:21;23;Pucheta Javier;1;1120;05-113;RECRIA 16  AL 15%  A.A....;202242;5;1800.0;1814.0;5;MAIZ
29709;11/8/2026;08:57:58;44000.0;01:12:36;24;Barca, Fabian;1;1120;05-113;RECRIA 16  AL 15%  A.A....;202254;5;2700.0;2726.0;5;MAIZ
29710;11/8/2026;10:11:06;35000.0;04:48:58;24;Barca, Fabian;1;1120;05-113;RECRIA 16  AL 15%  A.A....;202266;5;7000.0;7063.0;5;MAIZ
29711;11/8/2026;15:01:12;7000.0;00:42:39;7;Aranda Marcelo Edgardo;0;1120;05-113;RECRIA 16  AL 15%  A.A....;202277;5;1750.0;1749.0;5;MAIZ
29712;11/8/2026;15:50:01;13000.0;02:03:44;7;Aranda Marcelo Edgardo;0;1201;FP0012;CABAÑA PRESENTACIÓN (COMAGRO);202289;5;8034.0;8053.0;5;MAIZ
29713;11/8/2026;18:00:03;32000.0;05:02:39;7;Aranda Marcelo Edgardo;0;1289;FP0040;FEED LOT M y H DESARROLLO 18% (Comagro);202293;5;9880.0;9900.0;5;MAIZ
29714;11/8/2026;23:03:27;6000.0;00:45:04;23;Pucheta Javier;1;1289;FP0040;FEED LOT M y H DESARROLLO 18% (Comagro);202300;5;2280.0;2298.0;5;MAIZ
29715;11/8/2026;23:55:44;6000.0;01:14:27;23;Pucheta Javier;1;529;20-011;SUPLEMENTO 25/35   16% A.A.;202306;5;1440.0;1448.0;5;MAIZ
29707;11/8/2026;01:50:19;15000.0;03:35:55;23;Pucheta Javier;1;1259;09-142;CREC. MELAZA 12 % A.A...;202234;7;300.0;360.0;7;CASCARA ARROZ
29708;11/8/2026;05:31:24;50000.0;03:25:21;23;Pucheta Javier;1;1120;05-113;RECRIA 16  AL 15%  A.A....;202247;7;120.0;124.0;7;CASCARA ARROZ
29709;11/8/2026;08:57:58;44000.0;01:12:36;24;Barca, Fabian;1;1120;05-113;RECRIA 16  AL 15%  A.A....;202258;7;180.0;185.0;7;CASCARA ARROZ
29710;11/8/2026;10:11:06;35000.0;04:48:58;24;Barca, Fabian;1;1120;05-113;RECRIA 16  AL 15%  A.A....;202271;7;560.0;609.0;7;CASCARA ARROZ
29711;11/8/2026;15:01:12;7000.0;00:42:39;7;Aranda Marcelo Edgardo;0;1120;05-113;RECRIA 16  AL 15%  A.A....;202284;7;140.0;169.0;7;CASCARA ARROZ
29715;11/8/2026;23:55:44;6000.0;01:14:27;23;Pucheta Javier;1;529;20-011;SUPLEMENTO 25/35   16% A.A.;202305;7;720.0;753.0;7;CASCARA ARROZ
29707;11/8/2026;01:50:19;15000.0;03:35:55;23;Pucheta Javier;1;1259;09-142;CREC. MELAZA 12 % A.A...;202226;8;750.0;767.0;8;AFRECHO ARROZ
29708;11/8/2026;05:31:24;50000.0;03:25:21;23;Pucheta Javier;1;1120;05-113;RECRIA 16  AL 15%  A.A....;202238;8;300.0;323.9;8;AFRECHO ARROZ
29709;11/8/2026;08:57:58;44000.0;01:12:36;24;Barca, Fabian;1;1120;05-113;RECRIA 16  AL 15%  A.A....;202250;8;450.0;447.1;8;AFRECHO ARROZ
29710;11/8/2026;10:11:06;35000.0;04:48:58;24;Barca, Fabian;1;1120;05-113;RECRIA 16  AL 15%  A.A....;202263;8;1400.0;1432.0;8;AFRECHO ARROZ
29711;11/8/2026;15:01:12;7000.0;00:42:39;7;Aranda Marcelo Edgardo;0;1120;05-113;RECRIA 16  AL 15%  A.A....;202279;8;350.0;341.9;8;AFRECHO ARROZ
29713;11/8/2026;18:00:03;32000.0;05:02:39;7;Aranda Marcelo Edgardo;0;1289;FP0040;FEED LOT M y H DESARROLLO 18% (Comagro);202292;8;3120.0;3169.2;8;AFRECHO ARROZ
29714;11/8/2026;23:03:27;6000.0;00:45:04;23;Pucheta Javier;1;1289;FP0040;FEED LOT M y H DESARROLLO 18% (Comagro);202299;8;720.0;681.9;8;AFRECHO ARROZ
29707;11/8/2026;01:50:19;15000.0;03:35:55;23;Pucheta Javier;1;1259;09-142;CREC. MELAZA 12 % A.A...;202231;10;105.0;114.3;10;UREA
29708;11/8/2026;05:31:24;50000.0;03:25:21;23;Pucheta Javier;1;1120;05-113;RECRIA 16  AL 15%  A.A....;202243;10;42.0;39.7;10;UREA
29709;11/8/2026;08:57:58;44000.0;01:12:36;24;Barca, Fabian;1;1120;05-113;RECRIA 16  AL 15%  A.A....;202255;10;63.0;59.2;10;UREA
29710;11/8/2026;10:11:06;35000.0;04:48:58;24;Barca, Fabian;1;1120;05-113;RECRIA 16  AL 15%  A.A....;202267;10;196.0;194.0;10;UREA
29711;11/8/2026;15:01:12;7000.0;00:42:39;7;Aranda Marcelo Edgardo;0;1120;05-113;RECRIA 16  AL 15%  A.A....;202280;10;49.0;54.2;10;UREA
29712;11/8/2026;15:50:01;13000.0;02:03:44;7;Aranda Marcelo Edgardo;0;1201;FP0012;CABAÑA PRESENTACIÓN (COMAGRO);202288;10;91.0;80.2;10;UREA
29713;11/8/2026;18:00:03;32000.0;05:02:39;7;Aranda Marcelo Edgardo;0;1289;FP0040;FEED LOT M y H DESARROLLO 18% (Comagro);202297;10;260.0;271.0;10;UREA
29714;11/8/2026;23:03:27;6000.0;00:45:04;23;Pucheta Javier;1;1289;FP0040;FEED LOT M y H DESARROLLO 18% (Comagro);202301;10;60.0;63.0;10;UREA
29707;11/8/2026;01:50:19;15000.0;03:35:55;23;Pucheta Javier;1;1259;09-142;CREC. MELAZA 12 % A.A...;202236;11;240.0;244.9;11;SAL
29708;11/8/2026;05:31:24;50000.0;03:25:21;23;Pucheta Javier;1;1120;05-113;RECRIA 16  AL 15%  A.A....;202241;11;96.0;94.3;11;SAL
29709;11/8/2026;08:57:58;44000.0;01:12:36;24;Barca, Fabian;1;1120;05-113;RECRIA 16  AL 15%  A.A....;202253;11;144.0;141.7;11;SAL
29710;11/8/2026;10:11:06;35000.0;04:48:58;24;Barca, Fabian;1;1120;05-113;RECRIA 16  AL 15%  A.A....;202265;11;448.0;434.3;11;SAL
29711;11/8/2026;15:01:12;7000.0;00:42:39;7;Aranda Marcelo Edgardo;0;1120;05-113;RECRIA 16  AL 15%  A.A....;202278;11;112.0;122.2;11;SAL
29707;11/8/2026;01:50:19;15000.0;03:35:55;23;Pucheta Javier;1;1259;09-142;CREC. MELAZA 12 % A.A...;202233;19;750.0;786.0;19;EXP SOJA
29708;11/8/2026;05:31:24;50000.0;03:25:21;23;Pucheta Javier;1;1120;05-113;RECRIA 16  AL 15%  A.A....;202248;19;300.0;300.0;19;EXP SOJA
29709;11/8/2026;08:57:58;44000.0;01:12:36;24;Barca, Fabian;1;1120;05-113;RECRIA 16  AL 15%  A.A....;202260;19;450.0;468.0;19;EXP SOJA
29710;11/8/2026;10:11:06;35000.0;04:48:58;24;Barca, Fabian;1;1120;05-113;RECRIA 16  AL 15%  A.A....;202272;19;1400.0;1424.0;19;EXP SOJA
29711;11/8/2026;15:01:12;7000.0;00:42:39;7;Aranda Marcelo Edgardo;0;1120;05-113;RECRIA 16  AL 15%  A.A....;202285;19;350.0;360.0;19;EXP SOJA
29712;11/8/2026;15:50:01;13000.0;02:03:44;7;Aranda Marcelo Edgardo;0;1201;FP0012;CABAÑA PRESENTACIÓN (COMAGRO);202291;19;1170.0;1167.0;19;EXP SOJA
29713;11/8/2026;18:00:03;32000.0;05:02:39;7;Aranda Marcelo Edgardo;0;1289;FP0040;FEED LOT M y H DESARROLLO 18% (Comagro);202295;19;3900.0;3944.0;19;EXP SOJA
29714;11/8/2026;23:03:27;6000.0;00:45:04;23;Pucheta Javier;1;1289;FP0040;FEED LOT M y H DESARROLLO 18% (Comagro);202303;19;900.0;913.0;19;EXP SOJA
29710;11/8/2026;10:11:06;35000.0;04:48:58;24;Barca, Fabian;1;1120;05-113;RECRIA 16  AL 15%  A.A....;202273;34;1400.0;1441.0;34;REPROCESO 
29711;11/8/2026;15:01:12;7000.0;00:42:39;7;Aranda Marcelo Edgardo;0;1120;05-113;RECRIA 16  AL 15%  A.A....;202286;34;350.0;388.0;34;REPROCESO 
29707;11/8/2026;01:50:19;15000.0;03:35:55;23;Pucheta Javier;1;1259;09-142;CREC. MELAZA 12 % A.A...;202227;84;450.0;451.8;84;BENTONITA
29708;11/8/2026;05:31:24;50000.0;03:25:21;23;Pucheta Javier;1;1120;05-113;RECRIA 16  AL 15%  A.A....;202244;84;180.0;169.9;84;BENTONITA
29709;11/8/2026;08:57:58;44000.0;01:12:36;24;Barca, Fabian;1;1120;05-113;RECRIA 16  AL 15%  A.A....;202259;84;270.0;269.2;84;BENTONITA
29710;11/8/2026;10:11:06;35000.0;04:48:58;24;Barca, Fabian;1;1120;05-113;RECRIA 16  AL 15%  A.A....;202268;84;840.0;843.5;84;BENTONITA
29711;11/8/2026;15:01:12;7000.0;00:42:39;7;Aranda Marcelo Edgardo;0;1120;05-113;RECRIA 16  AL 15%  A.A....;202282;84;210.0;214.4;84;BENTONITA
29707;11/8/2026;01:50:19;15000.0;03:35:55;23;Pucheta Javier;1;1259;09-142;CREC. MELAZA 12 % A.A...;202235;135;2250.0;2272.0;135;CUARTA DE CEBADA (hp2º)
29708;11/8/2026;05:31:24;50000.0;03:25:21;23;Pucheta Javier;1;1120;05-113;RECRIA 16  AL 15%  A.A....;202246;135;900.0;891.0;135;CUARTA DE CEBADA (hp2º)
29709;11/8/2026;08:57:58;44000.0;01:12:36;24;Barca, Fabian;1;1120;05-113;RECRIA 16  AL 15%  A.A....;202257;135;1350.0;1383.0;135;CUARTA DE CEBADA (hp2º)
29710;11/8/2026;10:11:06;35000.0;04:48:58;24;Barca, Fabian;1;1120;05-113;RECRIA 16  AL 15%  A.A....;202270;135;4200.0;4249.0;135;CUARTA DE CEBADA (hp2º)
29711;11/8/2026;15:01:12;7000.0;00:42:39;7;Aranda Marcelo Edgardo;0;1120;05-113;RECRIA 16  AL 15%  A.A....;202283;135;1050.0;1048.0;135;CUARTA DE CEBADA (hp2º)
29715;11/8/2026;23:55:44;6000.0;01:14:27;23;Pucheta Javier;1;529;20-011;SUPLEMENTO 25/35   16% A.A.;202308;135;660.0;674.0;135;CUARTA DE CEBADA (hp2º)
29715;11/8/2026;23:55:44;6000.0;01:14:27;23;Pucheta Javier;1;529;20-011;SUPLEMENTO 25/35   16% A.A.;202307;137;600.0;620.0;137;AFRECHILLO DE TRIGO 
29707;11/8/2026;01:50:19;15000.0;03:35:55;23;Pucheta Javier;1;1259;09-142;CREC. MELAZA 12 % A.A...;202229;154;345.0;350.9;154;CARBONATO DE CALCIO
29708;11/8/2026;05:31:24;50000.0;03:25:21;23;Pucheta Javier;1;1120;05-113;RECRIA 16  AL 15%  A.A....;202237;154;138.0;146.4;154;CARBONATO DE CALCIO
29709;11/8/2026;08:57:58;44000.0;01:12:36;24;Barca, Fabian;1;1120;05-113;RECRIA 16  AL 15%  A.A....;202249;154;207.0;206.6;154;CARBONATO DE CALCIO
29710;11/8/2026;10:11:06;35000.0;04:48:58;24;Barca, Fabian;1;1120;05-113;RECRIA 16  AL 15%  A.A....;202261;154;644.0;652.9;154;CARBONATO DE CALCIO
29711;11/8/2026;15:01:12;7000.0;00:42:39;7;Aranda Marcelo Edgardo;0;1120;05-113;RECRIA 16  AL 15%  A.A....;202274;154;161.0;167.1;154;CARBONATO DE CALCIO
29713;11/8/2026;18:00:03;32000.0;05:02:39;7;Aranda Marcelo Edgardo;0;1289;FP0040;FEED LOT M y H DESARROLLO 18% (Comagro);202296;171;1300.0;1310.1;171;PREMIX DESARROLLO PROFEED
29714;11/8/2026;23:03:27;6000.0;00:45:04;23;Pucheta Javier;1;1289;FP0040;FEED LOT M y H DESARROLLO 18% (Comagro);202298;171;300.0;300.3;171;PREMIX DESARROLLO PROFEED
29712;11/8/2026;15:50:01;13000.0;02:03:44;7;Aranda Marcelo Edgardo;0;1201;FP0012;CABAÑA PRESENTACIÓN (COMAGRO);202287;243;455.0;465.1;243;PREMIX PROFEED CABAÑA PRESENTACIÓN
29707;11/8/2026;01:50:19;15000.0;03:35:55;23;Pucheta Javier;1;1259;09-142;CREC. MELAZA 12 % A.A...;202225;263;45.0;46.3;263;SUPLEFEED23
29708;11/8/2026;05:31:24;50000.0;03:25:21;23;Pucheta Javier;1;1120;05-113;RECRIA 16  AL 15%  A.A....;202240;263;18.0;19.95;263;SUPLEFEED23
29709;11/8/2026;08:57:58;44000.0;01:12:36;24;Barca, Fabian;1;1120;05-113;RECRIA 16  AL 15%  A.A....;202252;263;27.0;26.95;263;SUPLEFEED23
29710;11/8/2026;10:11:06;35000.0;04:48:58;24;Barca, Fabian;1;1120;05-113;RECRIA 16  AL 15%  A.A....;202264;263;84.0;86.75;263;SUPLEFEED23
29711;11/8/2026;15:01:12;7000.0;00:42:39;7;Aranda Marcelo Edgardo;0;1120;05-113;RECRIA 16  AL 15%  A.A....;202276;263;21.0;22.1;263;SUPLEFEED23
29707;11/8/2026;01:50:19;15000.0;03:35:55;23;Pucheta Javier;1;1259;09-142;CREC. MELAZA 12 % A.A...;202228;281;75.0;77.55;281;NITROPEC
29708;11/8/2026;05:31:24;50000.0;03:25:21;23;Pucheta Javier;1;1120;05-113;RECRIA 16  AL 15%  A.A....;202239;281;30.0;29.35;281;NITROPEC
29709;11/8/2026;08:57:58;44000.0;01:12:36;24;Barca, Fabian;1;1120;05-113;RECRIA 16  AL 15%  A.A....;202251;281;45.0;47.25;281;NITROPEC
29710;11/8/2026;10:11:06;35000.0;04:48:58;24;Barca, Fabian;1;1120;05-113;RECRIA 16  AL 15%  A.A....;202262;281;140.0;143.5;281;NITROPEC
29711;11/8/2026;15:01:12;7000.0;00:42:39;7;Aranda Marcelo Edgardo;0;1120;05-113;RECRIA 16  AL 15%  A.A....;202275;281;35.0;35.15;281;NITROPEC
29716;12/8/2026;01:14:39;10000.0;04:43:05;23;Pucheta Javier;1;1120;05-113;RECRIA 16  AL 15%  A.A....;202316;2;3460.0;3472.0;2;PELLET AFRECHILLO DE TRIGO
29717;12/8/2026;06:02:06;4000.0;00:23:53;23;Pucheta Javier;1;1120;05-113;RECRIA 16  AL 15%  A.A....;202329;2;1384.0;1370.0;2;PELLET AFRECHILLO DE TRIGO
29718;12/8/2026;06:36:00;24975.0;03:54:55;24;Barca, Fabian;1;1044;07-050;DESTETE PRECOZ MELAZA  12% A.A..;202344;2;11075.0;11128.0;2;PELLET AFRECHILLO DE TRIGO
29719;12/8/2026;10:33:04;22000.0;03:17:08;24;Barca, Fabian;1;1279;19-032;ENGORDE BOVINO 12% A.A. .;202350;2;7964.0;7991.0;2;PELLET AFRECHILLO DE TRIGO
29722;12/8/2026;15:00:06;12000.0;01:42:07;7;Aranda Marcelo Edgardo;0;748;26-026;FIBROMIXER RECRIA 16%A.A.( Girasol Comun);202366;2;4704.0;4706.0;2;PELLET AFRECHILLO DE TRIGO
29723;12/8/2026;16:47:04;12000.0;04:00:05;7;Aranda Marcelo Edgardo;0;1202;22-036;FIBROMIXER 300 16% AA Girasol;202377;2;1077.0;1088.0;2;PELLET AFRECHILLO DE TRIGO
29724;12/8/2026;20:47:48;45000.0;02:18:04;7;Aranda Marcelo Edgardo;0;1259;09-142;CREC. MELAZA 12 % A.A...;202389;2;5536.0;5586.0;2;PELLET AFRECHILLO DE TRIGO
29725;12/8/2026;23:07:10;29000.0;00:37:36;23;Pucheta Javier;1;1259;09-142;CREC. MELAZA 12 % A.A...;202401;2;1384.0;1397.0;2;PELLET AFRECHILLO DE TRIGO
29726;12/8/2026;23:45:03;37000.0;05:33:40;23;Pucheta Javier;1;1259;09-142;CREC. MELAZA 12 % A.A...;202414;2;13542.0;13589.0;2;PELLET AFRECHILLO DE TRIGO
29716;12/8/2026;01:14:39;10000.0;04:43:05;23;Pucheta Javier;1;1120;05-113;RECRIA 16  AL 15%  A.A....;202314;5;2500.0;2519.0;5;MAIZ
29717;12/8/2026;06:02:06;4000.0;00:23:53;23;Pucheta Javier;1;1120;05-113;RECRIA 16  AL 15%  A.A....;202326;5;1000.0;1015.0;5;MAIZ
29718;12/8/2026;06:36:00;24975.0;03:54:55;24;Barca, Fabian;1;1044;07-050;DESTETE PRECOZ MELAZA  12% A.A..;202336;5;5850.0;5845.0;5;MAIZ
29719;12/8/2026;10:33:04;22000.0;03:17:08;24;Barca, Fabian;1;1279;19-032;ENGORDE BOVINO 12% A.A. .;202355;5;6600.0;6636.0;5;MAIZ
29720;12/8/2026;13:56:14;270.0;00:02:14;24;Barca, Fabian;1;139;Limpieza;LIMPIEZA CIRCUITO;202358;5;250.0;248.0;5;MAIZ
29721;12/8/2026;14:07:01;4000.0;00:46:27;24;Barca, Fabian;1;411;DPO1;DESARROLLO PORCINO AP expeller;202360;5;2640.0;2625.0;5;MAIZ
29722;12/8/2026;15:00:06;12000.0;01:42:07;7;Aranda Marcelo Edgardo;0;748;26-026;FIBROMIXER RECRIA 16%A.A.( Girasol Comun);202363;5;1080.0;1078.0;5;MAIZ
29724;12/8/2026;20:47:48;45000.0;02:18:04;7;Aranda Marcelo Edgardo;0;1259;09-142;CREC. MELAZA 12 % A.A...;202387;5;4800.0;4824.0;5;MAIZ
29725;12/8/2026;23:07:10;29000.0;00:37:36;23;Pucheta Javier;1;1259;09-142;CREC. MELAZA 12 % A.A...;202398;5;1200.0;1198.0;5;MAIZ
29726;12/8/2026;23:45:03;37000.0;05:33:40;23;Pucheta Javier;1;1259;09-142;CREC. MELAZA 12 % A.A...;202411;5;11100.0;11125.0;5;MAIZ
29716;12/8/2026;01:14:39;10000.0;04:43:05;23;Pucheta Javier;1;1120;05-113;RECRIA 16  AL 15%  A.A....;202319;7;200.0;209.0;7;CASCARA ARROZ
29717;12/8/2026;06:02:06;4000.0;00:23:53;23;Pucheta Javier;1;1120;05-113;RECRIA 16  AL 15%  A.A....;202331;7;80.0;92.0;7;CASCARA ARROZ
29718;12/8/2026;06:36:00;24975.0;03:54:55;24;Barca, Fabian;1;1044;07-050;DESTETE PRECOZ MELAZA  12% A.A..;202342;7;1250.0;1311.0;7;CASCARA ARROZ
29719;12/8/2026;10:33:04;22000.0;03:17:08;24;Barca, Fabian;1;1279;19-032;ENGORDE BOVINO 12% A.A. .;202352;7;440.0;554.0;7;CASCARA ARROZ
29722;12/8/2026;15:00:06;12000.0;01:42:07;7;Aranda Marcelo Edgardo;0;748;26-026;FIBROMIXER RECRIA 16%A.A.( Girasol Comun);202368;7;1812.0;1852.0;7;CASCARA ARROZ
29723;12/8/2026;16:47:04;12000.0;04:00:05;7;Aranda Marcelo Edgardo;0;1202;22-036;FIBROMIXER 300 16% AA Girasol;202376;7;300.0;316.0;7;CASCARA ARROZ
29724;12/8/2026;20:47:48;45000.0;02:18:04;7;Aranda Marcelo Edgardo;0;1259;09-142;CREC. MELAZA 12 % A.A...;202392;7;320.0;431.0;7;CASCARA ARROZ
29725;12/8/2026;23:07:10;29000.0;00:37:36;23;Pucheta Javier;1;1259;09-142;CREC. MELAZA 12 % A.A...;202403;7;80.0;96.0;7;CASCARA ARROZ
29726;12/8/2026;23:45:03;37000.0;05:33:40;23;Pucheta Javier;1;1259;09-142;CREC. MELAZA 12 % A.A...;202417;7;3700.0;3745.0;7;CASCARA ARROZ
29716;12/8/2026;01:14:39;10000.0;04:43:05;23;Pucheta Javier;1;1120;05-113;RECRIA 16  AL 15%  A.A....;202310;8;500.0;520.4;8;AFRECHO ARROZ
29717;12/8/2026;06:02:06;4000.0;00:23:53;23;Pucheta Javier;1;1120;05-113;RECRIA 16  AL 15%  A.A....;202332;8;200.0;202.5;8;AFRECHO ARROZ
29718;12/8/2026;06:36:00;24975.0;03:54:55;24;Barca, Fabian;1;1044;07-050;DESTETE PRECOZ MELAZA  12% A.A..;202335;8;1875.0;1940.1;8;AFRECHO ARROZ
29719;12/8/2026;10:33:04;22000.0;03:17:08;24;Barca, Fabian;1;1279;19-032;ENGORDE BOVINO 12% A.A. .;202347;8;2200.0;2203.0;8;AFRECHO ARROZ
29722;12/8/2026;15:00:06;12000.0;01:42:07;7;Aranda Marcelo Edgardo;0;748;26-026;FIBROMIXER RECRIA 16%A.A.( Girasol Comun);202364;8;840.0;846.7;8;AFRECHO ARROZ
29723;12/8/2026;16:47:04;12000.0;04:00:05;7;Aranda Marcelo Edgardo;0;1202;22-036;FIBROMIXER 300 16% AA Girasol;202373;8;360.0;351.8;8;AFRECHO ARROZ
29724;12/8/2026;20:47:48;45000.0;02:18:04;7;Aranda Marcelo Edgardo;0;1259;09-142;CREC. MELAZA 12 % A.A...;202383;8;800.0;794.3;8;AFRECHO ARROZ
29725;12/8/2026;23:07:10;29000.0;00:37:36;23;Pucheta Javier;1;1259;09-142;CREC. MELAZA 12 % A.A...;202404;8;200.0;222.1;8;AFRECHO ARROZ
29726;12/8/2026;23:45:03;37000.0;05:33:40;23;Pucheta Javier;1;1259;09-142;CREC. MELAZA 12 % A.A...;202407;8;1850.0;1890.8;8;AFRECHO ARROZ
29716;12/8/2026;01:14:39;10000.0;04:43:05;23;Pucheta Javier;1;1120;05-113;RECRIA 16  AL 15%  A.A....;202315;10;70.0;74.4;10;UREA
29717;12/8/2026;06:02:06;4000.0;00:23:53;23;Pucheta Javier;1;1120;05-113;RECRIA 16  AL 15%  A.A....;202327;10;28.0;30.8;10;UREA
29718;12/8/2026;06:36:00;24975.0;03:54:55;24;Barca, Fabian;1;1044;07-050;DESTETE PRECOZ MELAZA  12% A.A..;202343;10;75.0;79.6;10;UREA
29719;12/8/2026;10:33:04;22000.0;03:17:08;24;Barca, Fabian;1;1279;19-032;ENGORDE BOVINO 12% A.A. .;202349;10;66.0;68.0;10;UREA
29722;12/8/2026;15:00:06;12000.0;01:42:07;7;Aranda Marcelo Edgardo;0;748;26-026;FIBROMIXER RECRIA 16%A.A.( Girasol Comun);202369;10;228.0;233.9;10;UREA
29723;12/8/2026;16:47:04;12000.0;04:00:05;7;Aranda Marcelo Edgardo;0;1202;22-036;FIBROMIXER 300 16% AA Girasol;202379;10;36.0;36.7;10;UREA
29724;12/8/2026;20:47:48;45000.0;02:18:04;7;Aranda Marcelo Edgardo;0;1259;09-142;CREC. MELAZA 12 % A.A...;202388;10;112.0;114.4;10;UREA
29725;12/8/2026;23:07:10;29000.0;00:37:36;23;Pucheta Javier;1;1259;09-142;CREC. MELAZA 12 % A.A...;202399;10;28.0;27.5;10;UREA
29726;12/8/2026;23:45:03;37000.0;05:33:40;23;Pucheta Javier;1;1259;09-142;CREC. MELAZA 12 % A.A...;202412;10;259.0;266.9;10;UREA
29716;12/8/2026;01:14:39;10000.0;04:43:05;23;Pucheta Javier;1;1120;05-113;RECRIA 16  AL 15%  A.A....;202313;11;160.0;167.9;11;SAL
29717;12/8/2026;06:02:06;4000.0;00:23:53;23;Pucheta Javier;1;1120;05-113;RECRIA 16  AL 15%  A.A....;202325;11;64.0;64.8;11;SAL
29718;12/8/2026;06:36:00;24975.0;03:54:55;24;Barca, Fabian;1;1044;07-050;DESTETE PRECOZ MELAZA  12% A.A..;202340;11;150.0;150.2;11;SAL
29719;12/8/2026;10:33:04;22000.0;03:17:08;24;Barca, Fabian;1;1279;19-032;ENGORDE BOVINO 12% A.A. .;202351;11;352.0;360.2;11;SAL
29722;12/8/2026;15:00:06;12000.0;01:42:07;7;Aranda Marcelo Edgardo;0;748;26-026;FIBROMIXER RECRIA 16%A.A.( Girasol Comun);202365;11;264.0;273.1;11;SAL
29723;12/8/2026;16:47:04;12000.0;04:00:05;7;Aranda Marcelo Edgardo;0;1202;22-036;FIBROMIXER 300 16% AA Girasol;202374;11;42.0;40.3;11;SAL
29724;12/8/2026;20:47:48;45000.0;02:18:04;7;Aranda Marcelo Edgardo;0;1259;09-142;CREC. MELAZA 12 % A.A...;202390;11;256.0;253.0;11;SAL
29725;12/8/2026;23:07:10;29000.0;00:37:36;23;Pucheta Javier;1;1259;09-142;CREC. MELAZA 12 % A.A...;202400;11;64.0;66.9;11;SAL
29726;12/8/2026;23:45:03;37000.0;05:33:40;23;Pucheta Javier;1;1259;09-142;CREC. MELAZA 12 % A.A...;202413;11;592.0;597.8;11;SAL
29716;12/8/2026;01:14:39;10000.0;04:43:05;23;Pucheta Javier;1;1120;05-113;RECRIA 16  AL 15%  A.A....;202320;19;500.0;514.0;19;EXP SOJA
29717;12/8/2026;06:02:06;4000.0;00:23:53;23;Pucheta Javier;1;1120;05-113;RECRIA 16  AL 15%  A.A....;202333;19;200.0;205.0;19;EXP SOJA
29718;12/8/2026;06:36:00;24975.0;03:54:55;24;Barca, Fabian;1;1044;07-050;DESTETE PRECOZ MELAZA  12% A.A..;202339;19;4125.0;4155.0;19;EXP SOJA
29719;12/8/2026;10:33:04;22000.0;03:17:08;24;Barca, Fabian;1;1279;19-032;ENGORDE BOVINO 12% A.A. .;202356;19;660.0;695.0;19;EXP SOJA
29721;12/8/2026;14:07:01;4000.0;00:46:27;24;Barca, Fabian;1;411;DPO1;DESARROLLO PORCINO AP expeller;202361;19;1240.0;1237.0;19;EXP SOJA
29722;12/8/2026;15:00:06;12000.0;01:42:07;7;Aranda Marcelo Edgardo;0;748;26-026;FIBROMIXER RECRIA 16%A.A.( Girasol Comun);202367;19;600.0;578.0;19;EXP SOJA
29723;12/8/2026;16:47:04;12000.0;04:00:05;7;Aranda Marcelo Edgardo;0;1202;22-036;FIBROMIXER 300 16% AA Girasol;202375;19;300.0;313.0;19;EXP SOJA
29724;12/8/2026;20:47:48;45000.0;02:18:04;7;Aranda Marcelo Edgardo;0;1259;09-142;CREC. MELAZA 12 % A.A...;202391;19;800.0;796.0;19;EXP SOJA
29725;12/8/2026;23:07:10;29000.0;00:37:36;23;Pucheta Javier;1;1259;09-142;CREC. MELAZA 12 % A.A...;202402;19;200.0;211.0;19;EXP SOJA
29726;12/8/2026;23:45:03;37000.0;05:33:40;23;Pucheta Javier;1;1259;09-142;CREC. MELAZA 12 % A.A...;202415;19;1850.0;1928.0;19;EXP SOJA
29716;12/8/2026;01:14:39;10000.0;04:43:05;23;Pucheta Javier;1;1120;05-113;RECRIA 16  AL 15%  A.A....;202321;34;500.0;526.0;34;REPROCESO 
29717;12/8/2026;06:02:06;4000.0;00:23:53;23;Pucheta Javier;1;1120;05-113;RECRIA 16  AL 15%  A.A....;202334;34;200.0;219.0;34;REPROCESO 
29726;12/8/2026;23:45:03;37000.0;05:33:40;23;Pucheta Javier;1;1259;09-142;CREC. MELAZA 12 % A.A...;202416;34;1850.0;1923.0;34;REPROCESO 
29716;12/8/2026;01:14:39;10000.0;04:43:05;23;Pucheta Javier;1;1120;05-113;RECRIA 16  AL 15%  A.A....;202317;84;300.0;300.8;84;BENTONITA
29717;12/8/2026;06:02:06;4000.0;00:23:53;23;Pucheta Javier;1;1120;05-113;RECRIA 16  AL 15%  A.A....;202328;84;120.0;122.3;84;BENTONITA
29719;12/8/2026;10:33:04;22000.0;03:17:08;24;Barca, Fabian;1;1279;19-032;ENGORDE BOVINO 12% A.A. .;202353;84;330.0;345.2;84;BENTONITA
29724;12/8/2026;20:47:48;45000.0;02:18:04;7;Aranda Marcelo Edgardo;0;1259;09-142;CREC. MELAZA 12 % A.A...;202384;84;480.0;478.1;84;BENTONITA
29725;12/8/2026;23:07:10;29000.0;00:37:36;23;Pucheta Javier;1;1259;09-142;CREC. MELAZA 12 % A.A...;202396;84;120.0;124.1;84;BENTONITA
29726;12/8/2026;23:45:03;37000.0;05:33:40;23;Pucheta Javier;1;1259;09-142;CREC. MELAZA 12 % A.A...;202408;84;1110.0;1097.3;84;BENTONITA
29718;12/8/2026;06:36:00;24975.0;03:54:55;24;Barca, Fabian;1;1044;07-050;DESTETE PRECOZ MELAZA  12% A.A..;202338;121;250.0;252.8;121;BIONUCLEO BOVINO 1%
29722;12/8/2026;15:00:06;12000.0;01:42:07;7;Aranda Marcelo Edgardo;0;748;26-026;FIBROMIXER RECRIA 16%A.A.( Girasol Comun);202371;121;288.0;286.3;121;BIONUCLEO BOVINO 1%
29723;12/8/2026;16:47:04;12000.0;04:00:05;7;Aranda Marcelo Edgardo;0;1202;22-036;FIBROMIXER 300 16% AA Girasol;202378;121;72.0;67.3;121;BIONUCLEO BOVINO 1%
29716;12/8/2026;01:14:39;10000.0;04:43:05;23;Pucheta Javier;1;1120;05-113;RECRIA 16  AL 15%  A.A....;202318;135;1500.0;1516.0;135;CUARTA DE CEBADA (hp2º)
29717;12/8/2026;06:02:06;4000.0;00:23:53;23;Pucheta Javier;1;1120;05-113;RECRIA 16  AL 15%  A.A....;202330;135;600.0;589.0;135;CUARTA DE CEBADA (hp2º)
29719;12/8/2026;10:33:04;22000.0;03:17:08;24;Barca, Fabian;1;1279;19-032;ENGORDE BOVINO 12% A.A. .;202354;135;3080.0;3095.0;135;CUARTA DE CEBADA (hp2º)
29723;12/8/2026;16:47:04;12000.0;04:00:05;7;Aranda Marcelo Edgardo;0;1202;22-036;FIBROMIXER 300 16% AA Girasol;202381;135;300.0;305.0;135;CUARTA DE CEBADA (hp2º)
29724;12/8/2026;20:47:48;45000.0;02:18:04;7;Aranda Marcelo Edgardo;0;1259;09-142;CREC. MELAZA 12 % A.A...;202393;135;2400.0;2400.0;135;CUARTA DE CEBADA (hp2º)
29725;12/8/2026;23:07:10;29000.0;00:37:36;23;Pucheta Javier;1;1259;09-142;CREC. MELAZA 12 % A.A...;202405;135;600.0;592.0;135;CUARTA DE CEBADA (hp2º)
29722;12/8/2026;15:00:06;12000.0;01:42:07;7;Aranda Marcelo Edgardo;0;748;26-026;FIBROMIXER RECRIA 16%A.A.( Girasol Comun);202370;137;1800.0;1815.0;137;AFRECHILLO DE TRIGO 
29723;12/8/2026;16:47:04;12000.0;04:00:05;7;Aranda Marcelo Edgardo;0;1202;22-036;FIBROMIXER 300 16% AA Girasol;202380;137;450.0;479.0;137;AFRECHILLO DE TRIGO 
29716;12/8/2026;01:14:39;10000.0;04:43:05;23;Pucheta Javier;1;1120;05-113;RECRIA 16  AL 15%  A.A....;202309;154;230.0;232.5;154;CARBONATO DE CALCIO
29717;12/8/2026;06:02:06;4000.0;00:23:53;23;Pucheta Javier;1;1120;05-113;RECRIA 16  AL 15%  A.A....;202322;154;92.0;97.8;154;CARBONATO DE CALCIO
29718;12/8/2026;06:36:00;24975.0;03:54:55;24;Barca, Fabian;1;1044;07-050;DESTETE PRECOZ MELAZA  12% A.A..;202341;154;342.5;352.7;154;CARBONATO DE CALCIO
29719;12/8/2026;10:33:04;22000.0;03:17:08;24;Barca, Fabian;1;1279;19-032;ENGORDE BOVINO 12% A.A. .;202345;154;198.0;204.2;154;CARBONATO DE CALCIO
29720;12/8/2026;13:56:14;270.0;00:02:14;24;Barca, Fabian;1;139;Limpieza;LIMPIEZA CIRCUITO;202357;154;20.0;20.0;154;CARBONATO DE CALCIO
29722;12/8/2026;15:00:06;12000.0;01:42:07;7;Aranda Marcelo Edgardo;0;748;26-026;FIBROMIXER RECRIA 16%A.A.( Girasol Comun);202362;154;384.0;385.4;154;CARBONATO DE CALCIO
29723;12/8/2026;16:47:04;12000.0;04:00:05;7;Aranda Marcelo Edgardo;0;1202;22-036;FIBROMIXER 300 16% AA Girasol;202372;154;63.0;67.4;154;CARBONATO DE CALCIO
29724;12/8/2026;20:47:48;45000.0;02:18:04;7;Aranda Marcelo Edgardo;0;1259;09-142;CREC. MELAZA 12 % A.A...;202386;154;368.0;376.1;154;CARBONATO DE CALCIO
29725;12/8/2026;23:07:10;29000.0;00:37:36;23;Pucheta Javier;1;1259;09-142;CREC. MELAZA 12 % A.A...;202397;154;92.0;93.0;154;CARBONATO DE CALCIO
29726;12/8/2026;23:45:03;37000.0;05:33:40;23;Pucheta Javier;1;1259;09-142;CREC. MELAZA 12 % A.A...;202410;154;851.0;840.8;154;CARBONATO DE CALCIO
29721;12/8/2026;14:07:01;4000.0;00:46:27;24;Barca, Fabian;1;411;DPO1;DESARROLLO PORCINO AP expeller;202359;190;120.0;121.0;190;MAXIMIX CERDOS CREC. Y TERM.
29716;12/8/2026;01:14:39;10000.0;04:43:05;23;Pucheta Javier;1;1120;05-113;RECRIA 16  AL 15%  A.A....;202312;263;30.0;31.45;263;SUPLEFEED23
29717;12/8/2026;06:02:06;4000.0;00:23:53;23;Pucheta Javier;1;1120;05-113;RECRIA 16  AL 15%  A.A....;202324;263;12.0;12.45;263;SUPLEFEED23
29719;12/8/2026;10:33:04;22000.0;03:17:08;24;Barca, Fabian;1;1279;19-032;ENGORDE BOVINO 12% A.A. .;202346;263;44.0;48.15;263;SUPLEFEED23
29724;12/8/2026;20:47:48;45000.0;02:18:04;7;Aranda Marcelo Edgardo;0;1259;09-142;CREC. MELAZA 12 % A.A...;202382;263;48.0;50.4;263;SUPLEFEED23
29725;12/8/2026;23:07:10;29000.0;00:37:36;23;Pucheta Javier;1;1259;09-142;CREC. MELAZA 12 % A.A...;202394;263;12.0;12.45;263;SUPLEFEED23
29726;12/8/2026;23:45:03;37000.0;05:33:40;23;Pucheta Javier;1;1259;09-142;CREC. MELAZA 12 % A.A...;202406;263;111.0;113.25;263;SUPLEFEED23
29718;12/8/2026;06:36:00;24975.0;03:54:55;24;Barca, Fabian;1;1044;07-050;DESTETE PRECOZ MELAZA  12% A.A..;202337;265;7.5;7.5;265;NUTRAGEN
29716;12/8/2026;01:14:39;10000.0;04:43:05;23;Pucheta Javier;1;1120;05-113;RECRIA 16  AL 15%  A.A....;202311;281;50.0;50.75;281;NITROPEC
29717;12/8/2026;06:02:06;4000.0;00:23:53;23;Pucheta Javier;1;1120;05-113;RECRIA 16  AL 15%  A.A....;202323;281;20.0;20.8;281;NITROPEC
29719;12/8/2026;10:33:04;22000.0;03:17:08;24;Barca, Fabian;1;1279;19-032;ENGORDE BOVINO 12% A.A. .;202348;281;66.0;67.25;281;NITROPEC
29724;12/8/2026;20:47:48;45000.0;02:18:04;7;Aranda Marcelo Edgardo;0;1259;09-142;CREC. MELAZA 12 % A.A...;202385;281;80.0;82.0;281;NITROPEC
29725;12/8/2026;23:07:10;29000.0;00:37:36;23;Pucheta Javier;1;1259;09-142;CREC. MELAZA 12 % A.A...;202395;281;20.0;20.2;281;NITROPEC
29726;12/8/2026;23:45:03;37000.0;05:33:40;23;Pucheta Javier;1;1259;09-142;CREC. MELAZA 12 % A.A...;202409;281;185.0;186.85;281;NITROPEC
29727;13/8/2026;05:37:04;20000.0;01:40:46;23;Pucheta Javier;1;1206;99-008;CREC. MELAZA PARAGUAY;202428;2;4970.0;5024.0;2;PELLET AFRECHILLO DE TRIGO
29728;13/8/2026;07:18:10;6000.0;01:21:50;23;Pucheta Javier;1;1206;99-008;CREC. MELAZA PARAGUAY;202440;2;2130.0;2141.0;2;PELLET AFRECHILLO DE TRIGO
29734;13/8/2026;09:06:08;5000.0;01:10:04;24;Barca, Fabian;1;1303;80-002;PONEDORAS AP CASERA/ JAULA;202451;2;300.0;299.0;2;PELLET AFRECHILLO DE TRIGO
29736;13/8/2026;10:22:10;3000.0;00:20:14;24;Barca, Fabian;1;1303;80-002;PONEDORAS AP CASERA/ JAULA;202458;2;180.0;198.0;2;PELLET AFRECHILLO DE TRIGO
29740;13/8/2026;14:13:23;21000.0;00:57:04;24;Barca, Fabian;1;1042;10-031;TER MELAZA 12.8%AA...;202474;2;1659.0;1675.0;2;PELLET AFRECHILLO DE TRIGO
29741;13/8/2026;15:11:37;14000.0;02:34:48;7;Aranda Marcelo Edgardo;0;1042;10-031;TER MELAZA 12.8%AA...;202486;2;3318.0;3362.0;2;PELLET AFRECHILLO DE TRIGO
29742;13/8/2026;17:50:08;74000.0;00:00:00;7;Aranda Marcelo Edgardo;0;1259;09-142;CREC. MELAZA 12 % A.A...;202496;2;5260.0;5320.0;2;PELLET AFRECHILLO DE TRIGO
29743;13/8/2026;21:21:15;53000.0;01:45:52;7;Aranda Marcelo Edgardo;0;1259;09-142;CREC. MELAZA 12 % A.A...;202512;2;4330.0;4335.0;2;PELLET AFRECHILLO DE TRIGO
29745;13/8/2026;23:10:43;58000.0;07:33:44;23;Pucheta Javier;1;1259;09-142;CREC. MELAZA 12 % A.A...;202523;2;18619.0;18668.0;2;PELLET AFRECHILLO DE TRIGO
29727;13/8/2026;05:37:04;20000.0;01:40:46;23;Pucheta Javier;1;1206;99-008;CREC. MELAZA PARAGUAY;202422;5;4018.0;4014.0;5;MAIZ
29728;13/8/2026;07:18:10;6000.0;01:21:50;23;Pucheta Javier;1;1206;99-008;CREC. MELAZA PARAGUAY;202435;5;1722.0;1730.0;5;MAIZ
29731;13/8/2026;08:44:05;270.0;00:02:29;24;Barca, Fabian;1;139;Limpieza;LIMPIEZA CIRCUITO;202445;5;250.0;246.0;5;MAIZ
29734;13/8/2026;09:06:08;5000.0;01:10:04;24;Barca, Fabian;1;1303;80-002;PONEDORAS AP CASERA/ JAULA;202449;5;2460.0;2478.0;5;MAIZ
29736;13/8/2026;10:22:10;3000.0;00:20:14;24;Barca, Fabian;1;1303;80-002;PONEDORAS AP CASERA/ JAULA;202455;5;1476.0;1487.0;5;MAIZ
29737;13/8/2026;10:46:51;2997.0;00:47:43;24;Barca, Fabian;1;1305;82-001;PARRILLERO AP INICIADOR/ RECRIA;202461;5;1512.0;1518.0;5;MAIZ
29740;13/8/2026;14:13:23;21000.0;00:57:04;24;Barca, Fabian;1;1042;10-031;TER MELAZA 12.8%AA...;202471;5;1890.0;1909.0;5;MAIZ
29741;13/8/2026;15:11:37;14000.0;02:34:48;7;Aranda Marcelo Edgardo;0;1042;10-031;TER MELAZA 12.8%AA...;202483;5;3780.0;3772.0;5;MAIZ
29742;13/8/2026;17:50:08;74000.0;00:00:00;7;Aranda Marcelo Edgardo;0;1259;09-142;CREC. MELAZA 12 % A.A...;202495;5;6000.0;6027.0;5;MAIZ
29743;13/8/2026;21:21:15;53000.0;01:45:52;7;Aranda Marcelo Edgardo;0;1259;09-142;CREC. MELAZA 12 % A.A...;202509;5;3000.0;3018.0;5;MAIZ
29745;13/8/2026;23:10:43;58000.0;07:33:44;23;Pucheta Javier;1;1259;09-142;CREC. MELAZA 12 % A.A...;202520;5;12900.0;12956.0;5;MAIZ
29727;13/8/2026;05:37:04;20000.0;01:40:46;23;Pucheta Javier;1;1206;99-008;CREC. MELAZA PARAGUAY;202426;7;700.0;704.0;7;CASCARA ARROZ
29728;13/8/2026;07:18:10;6000.0;01:21:50;23;Pucheta Javier;1;1206;99-008;CREC. MELAZA PARAGUAY;202439;7;300.0;299.0;7;CASCARA ARROZ
29740;13/8/2026;14:13:23;21000.0;00:57:04;24;Barca, Fabian;1;1042;10-031;TER MELAZA 12.8%AA...;202476;7;140.0;137.0;7;CASCARA ARROZ
29741;13/8/2026;15:11:37;14000.0;02:34:48;7;Aranda Marcelo Edgardo;0;1042;10-031;TER MELAZA 12.8%AA...;202489;7;280.0;296.0;7;CASCARA ARROZ
29742;13/8/2026;17:50:08;74000.0;00:00:00;7;Aranda Marcelo Edgardo;0;1259;09-142;CREC. MELAZA 12 % A.A...;202503;7;2000.0;2019.0;7;CASCARA ARROZ
29743;13/8/2026;21:21:15;53000.0;01:45:52;7;Aranda Marcelo Edgardo;0;1259;09-142;CREC. MELAZA 12 % A.A...;202514;7;1000.0;986.0;7;CASCARA ARROZ
29745;13/8/2026;23:10:43;58000.0;07:33:44;23;Pucheta Javier;1;1259;09-142;CREC. MELAZA 12 % A.A...;202525;7;4300.0;4348.0;7;CASCARA ARROZ
29727;13/8/2026;05:37:04;20000.0;01:40:46;23;Pucheta Javier;1;1206;99-008;CREC. MELAZA PARAGUAY;202420;8;700.0;683.2;8;AFRECHO ARROZ
29728;13/8/2026;07:18:10;6000.0;01:21:50;23;Pucheta Javier;1;1206;99-008;CREC. MELAZA PARAGUAY;202432;8;300.0;302.5;8;AFRECHO ARROZ
29734;13/8/2026;09:06:08;5000.0;01:10:04;24;Barca, Fabian;1;1303;80-002;PONEDORAS AP CASERA/ JAULA;202446;8;190.0;191.6;8;AFRECHO ARROZ
29736;13/8/2026;10:22:10;3000.0;00:20:14;24;Barca, Fabian;1;1303;80-002;PONEDORAS AP CASERA/ JAULA;202453;8;114.0;131.6;8;AFRECHO ARROZ
29740;13/8/2026;14:13:23;21000.0;00:57:04;24;Barca, Fabian;1;1042;10-031;TER MELAZA 12.8%AA...;202479;8;560.0;573.3;8;AFRECHO ARROZ
29741;13/8/2026;15:11:37;14000.0;02:34:48;7;Aranda Marcelo Edgardo;0;1042;10-031;TER MELAZA 12.8%AA...;202481;8;1120.0;1120.1;8;AFRECHO ARROZ
29742;13/8/2026;17:50:08;74000.0;00:00:00;7;Aranda Marcelo Edgardo;0;1259;09-142;CREC. MELAZA 12 % A.A...;202493;8;1000.0;1026.6;8;AFRECHO ARROZ
29743;13/8/2026;21:21:15;53000.0;01:45:52;7;Aranda Marcelo Edgardo;0;1259;09-142;CREC. MELAZA 12 % A.A...;202505;8;500.0;501.3;8;AFRECHO ARROZ
29745;13/8/2026;23:10:43;58000.0;07:33:44;23;Pucheta Javier;1;1259;09-142;CREC. MELAZA 12 % A.A...;202516;8;2150.0;2173.9;8;AFRECHO ARROZ
29727;13/8/2026;05:37:04;20000.0;01:40:46;23;Pucheta Javier;1;1206;99-008;CREC. MELAZA PARAGUAY;202421;10;112.0;117.5;10;UREA
29728;13/8/2026;07:18:10;6000.0;01:21:50;23;Pucheta Javier;1;1206;99-008;CREC. MELAZA PARAGUAY;202436;10;48.0;46.3;10;UREA
29740;13/8/2026;14:13:23;21000.0;00:57:04;24;Barca, Fabian;1;1042;10-031;TER MELAZA 12.8%AA...;202472;10;35.0;33.7;10;UREA
29741;13/8/2026;15:11:37;14000.0;02:34:48;7;Aranda Marcelo Edgardo;0;1042;10-031;TER MELAZA 12.8%AA...;202485;10;70.0;69.9;10;UREA
29742;13/8/2026;17:50:08;74000.0;00:00:00;7;Aranda Marcelo Edgardo;0;1259;09-142;CREC. MELAZA 12 % A.A...;202500;10;140.0;148.5;10;UREA
29743;13/8/2026;21:21:15;53000.0;01:45:52;7;Aranda Marcelo Edgardo;0;1259;09-142;CREC. MELAZA 12 % A.A...;202510;10;70.0;69.1;10;UREA
29745;13/8/2026;23:10:43;58000.0;07:33:44;23;Pucheta Javier;1;1259;09-142;CREC. MELAZA 12 % A.A...;202521;10;301.0;309.7;10;UREA
29727;13/8/2026;05:37:04;20000.0;01:40:46;23;Pucheta Javier;1;1206;99-008;CREC. MELAZA PARAGUAY;202424;11;224.0;230.5;11;SAL
29728;13/8/2026;07:18:10;6000.0;01:21:50;23;Pucheta Javier;1;1206;99-008;CREC. MELAZA PARAGUAY;202438;11;96.0;98.7;11;SAL
29737;13/8/2026;10:46:51;2997.0;00:47:43;24;Barca, Fabian;1;1305;82-001;PARRILLERO AP INICIADOR/ RECRIA;202463;11;4.5;5.1;11;SAL
29740;13/8/2026;14:13:23;21000.0;00:57:04;24;Barca, Fabian;1;1042;10-031;TER MELAZA 12.8%AA...;202470;11;91.0;91.1;11;SAL
29741;13/8/2026;15:11:37;14000.0;02:34:48;7;Aranda Marcelo Edgardo;0;1042;10-031;TER MELAZA 12.8%AA...;202484;11;182.0;185.1;11;SAL
29742;13/8/2026;17:50:08;74000.0;00:00:00;7;Aranda Marcelo Edgardo;0;1259;09-142;CREC. MELAZA 12 % A.A...;202502;11;320.0;323.0;11;SAL
29743;13/8/2026;21:21:15;53000.0;01:45:52;7;Aranda Marcelo Edgardo;0;1259;09-142;CREC. MELAZA 12 % A.A...;202511;11;160.0;164.4;11;SAL
29745;13/8/2026;23:10:43;58000.0;07:33:44;23;Pucheta Javier;1;1259;09-142;CREC. MELAZA 12 % A.A...;202522;11;688.0;696.9;11;SAL
29727;13/8/2026;05:37:04;20000.0;01:40:46;23;Pucheta Javier;1;1206;99-008;CREC. MELAZA PARAGUAY;202429;19;420.0;444.0;19;EXP SOJA
29728;13/8/2026;07:18:10;6000.0;01:21:50;23;Pucheta Javier;1;1206;99-008;CREC. MELAZA PARAGUAY;202441;19;180.0;184.0;19;EXP SOJA
29734;13/8/2026;09:06:08;5000.0;01:10:04;24;Barca, Fabian;1;1303;80-002;PONEDORAS AP CASERA/ JAULA;202450;19;1470.0;1472.0;19;EXP SOJA
29736;13/8/2026;10:22:10;3000.0;00:20:14;24;Barca, Fabian;1;1303;80-002;PONEDORAS AP CASERA/ JAULA;202457;19;882.0;883.0;19;EXP SOJA
29737;13/8/2026;10:46:51;2997.0;00:47:43;24;Barca, Fabian;1;1305;82-001;PARRILLERO AP INICIADOR/ RECRIA;202464;19;1371.0;1386.0;19;EXP SOJA
29740;13/8/2026;14:13:23;21000.0;00:57:04;24;Barca, Fabian;1;1042;10-031;TER MELAZA 12.8%AA...;202478;19;210.0;238.0;19;EXP SOJA
29741;13/8/2026;15:11:37;14000.0;02:34:48;7;Aranda Marcelo Edgardo;0;1042;10-031;TER MELAZA 12.8%AA...;202491;19;420.0;455.0;19;EXP SOJA
29742;13/8/2026;17:50:08;74000.0;00:00:00;7;Aranda Marcelo Edgardo;0;1259;09-142;CREC. MELAZA 12 % A.A...;202497;19;600.0;624.0;19;EXP SOJA
29743;13/8/2026;21:21:15;53000.0;01:45:52;7;Aranda Marcelo Edgardo;0;1259;09-142;CREC. MELAZA 12 % A.A...;202513;19;300.0;279.0;19;EXP SOJA
29745;13/8/2026;23:10:43;58000.0;07:33:44;23;Pucheta Javier;1;1259;09-142;CREC. MELAZA 12 % A.A...;202524;19;1290.0;1370.0;19;EXP SOJA
29727;13/8/2026;05:37:04;20000.0;01:40:46;23;Pucheta Javier;1;1206;99-008;CREC. MELAZA PARAGUAY;202430;34;700.0;721.0;34;REPROCESO 
29728;13/8/2026;07:18:10;6000.0;01:21:50;23;Pucheta Javier;1;1206;99-008;CREC. MELAZA PARAGUAY;202443;34;300.0;314.0;34;REPROCESO 
29738;13/8/2026;12:29:48;8000.0;01:07:23;24;Barca, Fabian;1;365;05-PAR;REPROCESO;202466;34;7000.0;7000.0;34;REPROCESO 
29739;13/8/2026;13:39:15;3000.0;00:29:46;24;Barca, Fabian;1;365;05-PAR;REPROCESO;202467;34;3000.0;3000.0;34;REPROCESO 
29734;13/8/2026;09:06:08;5000.0;01:10:04;24;Barca, Fabian;1;1303;80-002;PONEDORAS AP CASERA/ JAULA;202452;70;485.0;487.6;70;CONCHILLA (BOLSA)
29736;13/8/2026;10:22:10;3000.0;00:20:14;24;Barca, Fabian;1;1303;80-002;PONEDORAS AP CASERA/ JAULA;202459;70;291.0;294.3;70;CONCHILLA (BOLSA)
29737;13/8/2026;10:46:51;2997.0;00:47:43;24;Barca, Fabian;1;1305;82-001;PARRILLERO AP INICIADOR/ RECRIA;202462;70;45.0;49.5;70;CONCHILLA (BOLSA)
29727;13/8/2026;05:37:04;20000.0;01:40:46;23;Pucheta Javier;1;1206;99-008;CREC. MELAZA PARAGUAY;202425;71;1400.0;1394.0;71;TRIGO (para balanceado)
29728;13/8/2026;07:18:10;6000.0;01:21:50;23;Pucheta Javier;1;1206;99-008;CREC. MELAZA PARAGUAY;202437;71;600.0;607.0;71;TRIGO (para balanceado)
29727;13/8/2026;05:37:04;20000.0;01:40:46;23;Pucheta Javier;1;1206;99-008;CREC. MELAZA PARAGUAY;202427;84;420.0;418.8;84;BENTONITA
29728;13/8/2026;07:18:10;6000.0;01:21:50;23;Pucheta Javier;1;1206;99-008;CREC. MELAZA PARAGUAY;202442;84;180.0;176.1;84;BENTONITA
29740;13/8/2026;14:13:23;21000.0;00:57:04;24;Barca, Fabian;1;1042;10-031;TER MELAZA 12.8%AA...;202473;84;140.0;141.1;84;BENTONITA
29741;13/8/2026;15:11:37;14000.0;02:34:48;7;Aranda Marcelo Edgardo;0;1042;10-031;TER MELAZA 12.8%AA...;202487;84;280.0;286.8;84;BENTONITA
29742;13/8/2026;17:50:08;74000.0;00:00:00;7;Aranda Marcelo Edgardo;0;1259;09-142;CREC. MELAZA 12 % A.A...;202498;84;600.0;602.4;84;BENTONITA
29743;13/8/2026;21:21:15;53000.0;01:45:52;7;Aranda Marcelo Edgardo;0;1259;09-142;CREC. MELAZA 12 % A.A...;202506;84;300.0;299.0;84;BENTONITA
29745;13/8/2026;23:10:43;58000.0;07:33:44;23;Pucheta Javier;1;1259;09-142;CREC. MELAZA 12 % A.A...;202517;84;1290.0;1293.4;84;BENTONITA
29740;13/8/2026;14:13:23;21000.0;00:57:04;24;Barca, Fabian;1;1042;10-031;TER MELAZA 12.8%AA...;202475;135;1050.0;1072.0;135;CUARTA DE CEBADA (hp2º)
29741;13/8/2026;15:11:37;14000.0;02:34:48;7;Aranda Marcelo Edgardo;0;1042;10-031;TER MELAZA 12.8%AA...;202488;135;2100.0;2126.0;135;CUARTA DE CEBADA (hp2º)
29740;13/8/2026;14:13:23;21000.0;00:57:04;24;Barca, Fabian;1;1042;10-031;TER MELAZA 12.8%AA...;202477;137;1050.0;1049.0;137;AFRECHILLO DE TRIGO 
29741;13/8/2026;15:11:37;14000.0;02:34:48;7;Aranda Marcelo Edgardo;0;1042;10-031;TER MELAZA 12.8%AA...;202490;137;2100.0;2096.0;137;AFRECHILLO DE TRIGO 
29742;13/8/2026;17:50:08;74000.0;00:00:00;7;Aranda Marcelo Edgardo;0;1259;09-142;CREC. MELAZA 12 % A.A...;202501;137;3400.0;3426.0;137;AFRECHILLO DE TRIGO 
29727;13/8/2026;05:37:04;20000.0;01:40:46;23;Pucheta Javier;1;1206;99-008;CREC. MELAZA PARAGUAY;202418;154;182.0;182.6;154;CARBONATO DE CALCIO
29728;13/8/2026;07:18:10;6000.0;01:21:50;23;Pucheta Javier;1;1206;99-008;CREC. MELAZA PARAGUAY;202433;154;78.0;78.4;154;CARBONATO DE CALCIO
29731;13/8/2026;08:44:05;270.0;00:02:29;24;Barca, Fabian;1;139;Limpieza;LIMPIEZA CIRCUITO;202444;154;20.0;23.6;154;CARBONATO DE CALCIO
29740;13/8/2026;14:13:23;21000.0;00:57:04;24;Barca, Fabian;1;1042;10-031;TER MELAZA 12.8%AA...;202468;154;154.0;150.5;154;CARBONATO DE CALCIO
29741;13/8/2026;15:11:37;14000.0;02:34:48;7;Aranda Marcelo Edgardo;0;1042;10-031;TER MELAZA 12.8%AA...;202482;154;308.0;315.4;154;CARBONATO DE CALCIO
29742;13/8/2026;17:50:08;74000.0;00:00:00;7;Aranda Marcelo Edgardo;0;1259;09-142;CREC. MELAZA 12 % A.A...;202499;154;460.0;460.9;154;CARBONATO DE CALCIO
29743;13/8/2026;21:21:15;53000.0;01:45:52;7;Aranda Marcelo Edgardo;0;1259;09-142;CREC. MELAZA 12 % A.A...;202508;154;230.0;231.8;154;CARBONATO DE CALCIO
29745;13/8/2026;23:10:43;58000.0;07:33:44;23;Pucheta Javier;1;1259;09-142;CREC. MELAZA 12 % A.A...;202518;154;989.0;994.4;154;CARBONATO DE CALCIO
29727;13/8/2026;05:37:04;20000.0;01:40:46;23;Pucheta Javier;1;1206;99-008;CREC. MELAZA PARAGUAY;202419;263;42.0;44.3;263;SUPLEFEED23
29728;13/8/2026;07:18:10;6000.0;01:21:50;23;Pucheta Javier;1;1206;99-008;CREC. MELAZA PARAGUAY;202431;263;18.0;19.75;263;SUPLEFEED23
29740;13/8/2026;14:13:23;21000.0;00:57:04;24;Barca, Fabian;1;1042;10-031;TER MELAZA 12.8%AA...;202469;263;21.0;21.4;263;SUPLEFEED23
29741;13/8/2026;15:11:37;14000.0;02:34:48;7;Aranda Marcelo Edgardo;0;1042;10-031;TER MELAZA 12.8%AA...;202480;263;42.0;44.4;263;SUPLEFEED23
29742;13/8/2026;17:50:08;74000.0;00:00:00;7;Aranda Marcelo Edgardo;0;1259;09-142;CREC. MELAZA 12 % A.A...;202492;263;60.0;60.8;263;SUPLEFEED23
29743;13/8/2026;21:21:15;53000.0;01:45:52;7;Aranda Marcelo Edgardo;0;1259;09-142;CREC. MELAZA 12 % A.A...;202504;263;30.0;31.4;263;SUPLEFEED23
29745;13/8/2026;23:10:43;58000.0;07:33:44;23;Pucheta Javier;1;1259;09-142;CREC. MELAZA 12 % A.A...;202515;263;129.0;133.1;263;SUPLEFEED23
29727;13/8/2026;05:37:04;20000.0;01:40:46;23;Pucheta Javier;1;1206;99-008;CREC. MELAZA PARAGUAY;202423;281;112.0;113.25;281;NITROPEC
29728;13/8/2026;07:18:10;6000.0;01:21:50;23;Pucheta Javier;1;1206;99-008;CREC. MELAZA PARAGUAY;202434;281;48.0;47.95;281;NITROPEC
29742;13/8/2026;17:50:08;74000.0;00:00:00;7;Aranda Marcelo Edgardo;0;1259;09-142;CREC. MELAZA 12 % A.A...;202494;281;160.0;160.55;281;NITROPEC
29743;13/8/2026;21:21:15;53000.0;01:45:52;7;Aranda Marcelo Edgardo;0;1259;09-142;CREC. MELAZA 12 % A.A...;202507;281;80.0;80.15;281;NITROPEC
29745;13/8/2026;23:10:43;58000.0;07:33:44;23;Pucheta Javier;1;1259;09-142;CREC. MELAZA 12 % A.A...;202519;281;344.0;345.2;281;NITROPEC
29734;13/8/2026;09:06:08;5000.0;01:10:04;24;Barca, Fabian;1;1303;80-002;PONEDORAS AP CASERA/ JAULA;202447;303;50.0;50.25;303;PREMIX PONEDORA F1 C/F (VETIFARMA)
29736;13/8/2026;10:22:10;3000.0;00:20:14;24;Barca, Fabian;1;1303;80-002;PONEDORAS AP CASERA/ JAULA;202454;303;30.0;29.3;303;PREMIX PONEDORA F1 C/F (VETIFARMA)
29734;13/8/2026;09:06:08;5000.0;01:10:04;24;Barca, Fabian;1;1303;80-002;PONEDORAS AP CASERA/ JAULA;202448;311;45.0;46.35;311;FOSFATO MONOCÁLCICO
29736;13/8/2026;10:22:10;3000.0;00:20:14;24;Barca, Fabian;1;1303;80-002;PONEDORAS AP CASERA/ JAULA;202456;311;27.0;26.75;311;FOSFATO MONOCÁLCICO
29737;13/8/2026;10:46:51;2997.0;00:47:43;24;Barca, Fabian;1;1305;82-001;PARRILLERO AP INICIADOR/ RECRIA;202465;311;37.5;37.5;311;FOSFATO MONOCÁLCICO
29737;13/8/2026;10:46:51;2997.0;00:47:43;24;Barca, Fabian;1;1305;82-001;PARRILLERO AP INICIADOR/ RECRIA;202460;312;30.0;29.75;312;PREMIX PARRILLERO (VETIFARMA)
29746;14/8/2026;06:45:23;15000.0;02:22:41;24;Barca, Fabian;1;1259;09-142;CREC. MELAZA 12 % A.A...;202534;2;6495.0;6497.0;2;PELLET AFRECHILLO DE TRIGO
29747;14/8/2026;09:11:42;10000.0;01:25:40;24;Barca, Fabian;1;773;25-031;FIBROMIXER PASTOREO 16%A.A. (P Girasol Común);202542;2;2280.0;2311.0;2;PELLET AFRECHILLO DE TRIGO
29748;14/8/2026;10:38:01;5000.0;00:42:24;24;Barca, Fabian;1;773;25-031;FIBROMIXER PASTOREO 16%A.A. (P Girasol Común);202550;2;1280.0;1256.0;2;PELLET AFRECHILLO DE TRIGO
29752;14/8/2026;12:45:57;6993.0;00:49:58;24;Barca, Fabian;1;984;40-017;EQUINO SERVICIO....;202562;2;1260.0;1252.0;2;PELLET AFRECHILLO DE TRIGO
29753;14/8/2026;13:36:23;1998.0;00:21:36;24;Barca, Fabian;1;984;40-017;EQUINO SERVICIO....;202573;2;340.0;346.0;2;PELLET AFRECHILLO DE TRIGO
29754;14/8/2026;14:04:04;23000.0;00:58:52;24;Barca, Fabian;1;1202;22-036;FIBROMIXER 300 16% AA Girasol;202586;2;1077.0;1089.0;2;PELLET AFRECHILLO DE TRIGO
29755;14/8/2026;15:03:51;20000.0;04:26:24;7;Aranda Marcelo Edgardo;0;1202;22-036;FIBROMIXER 300 16% AA Girasol;202596;2;5744.0;5744.0;2;PELLET AFRECHILLO DE TRIGO
29756;14/8/2026;19:30:38;12000.0;02:04:16;7;Aranda Marcelo Edgardo;0;748;26-026;FIBROMIXER RECRIA 16%A.A.( Girasol Comun);202605;2;4704.0;4725.0;2;PELLET AFRECHILLO DE TRIGO
29758;14/8/2026;23:01:50;6000.0;00:57:30;24;Barca, Fabian;1;1288;FP0039;TERNERO PREMIUM - DEST. DES. 21 (La Malvina);202622;2;1554.0;1555.0;2;PELLET AFRECHILLO DE TRIGO
29746;14/8/2026;06:45:23;15000.0;02:22:41;24;Barca, Fabian;1;1259;09-142;CREC. MELAZA 12 % A.A...;202530;5;4500.0;4499.0;5;MAIZ
29747;14/8/2026;09:11:42;10000.0;01:25:40;24;Barca, Fabian;1;773;25-031;FIBROMIXER PASTOREO 16%A.A. (P Girasol Común);202538;5;575.0;577.0;5;MAIZ
29748;14/8/2026;10:38:01;5000.0;00:42:24;24;Barca, Fabian;1;773;25-031;FIBROMIXER PASTOREO 16%A.A. (P Girasol Común);202547;5;575.0;548.0;5;MAIZ
29752;14/8/2026;12:45:57;6993.0;00:49:58;24;Barca, Fabian;1;984;40-017;EQUINO SERVICIO....;202566;5;891.0;894.0;5;MAIZ
29753;14/8/2026;13:36:23;1998.0;00:21:36;24;Barca, Fabian;1;984;40-017;EQUINO SERVICIO....;202577;5;594.0;588.0;5;MAIZ
29756;14/8/2026;19:30:38;12000.0;02:04:16;7;Aranda Marcelo Edgardo;0;748;26-026;FIBROMIXER RECRIA 16%A.A.( Girasol Comun);202603;5;984.0;1011.0;5;MAIZ
29757;14/8/2026;21:51:27;6000.0;00:57:42;7;Aranda Marcelo Edgardo;0;1287;FP0038;FEED LOT M y H DESARR. 16% (La Malvina);202615;5;3000.0;2991.0;5;MAIZ
29758;14/8/2026;23:01:50;6000.0;00:57:30;24;Barca, Fabian;1;1288;FP0039;TERNERO PREMIUM - DEST. DES. 21 (La Malvina);202620;5;1740.0;1755.0;5;MAIZ
29746;14/8/2026;06:45:23;15000.0;02:22:41;24;Barca, Fabian;1;1259;09-142;CREC. MELAZA 12 % A.A...;202536;7;1500.0;1518.0;7;CASCARA ARROZ
29747;14/8/2026;09:11:42;10000.0;01:25:40;24;Barca, Fabian;1;773;25-031;FIBROMIXER PASTOREO 16%A.A. (P Girasol Común);202543;7;450.0;473.0;7;CASCARA ARROZ
29748;14/8/2026;10:38:01;5000.0;00:42:24;24;Barca, Fabian;1;773;25-031;FIBROMIXER PASTOREO 16%A.A. (P Girasol Común);202551;7;450.0;493.0;7;CASCARA ARROZ
29752;14/8/2026;12:45:57;6993.0;00:49:58;24;Barca, Fabian;1;984;40-017;EQUINO SERVICIO....;202564;7;150.0;244.0;7;CASCARA ARROZ
29753;14/8/2026;13:36:23;1998.0;00:21:36;24;Barca, Fabian;1;984;40-017;EQUINO SERVICIO....;202575;7;100.0;89.0;7;CASCARA ARROZ
29754;14/8/2026;14:04:04;23000.0;00:58:52;24;Barca, Fabian;1;1202;22-036;FIBROMIXER 300 16% AA Girasol;202584;7;300.0;293.0;7;CASCARA ARROZ
29755;14/8/2026;15:03:51;20000.0;04:26:24;7;Aranda Marcelo Edgardo;0;1202;22-036;FIBROMIXER 300 16% AA Girasol;202595;7;1600.0;1594.0;7;CASCARA ARROZ
29756;14/8/2026;19:30:38;12000.0;02:04:16;7;Aranda Marcelo Edgardo;0;748;26-026;FIBROMIXER RECRIA 16%A.A.( Girasol Comun);202608;7;1812.0;1819.0;7;CASCARA ARROZ
29746;14/8/2026;06:45:23;15000.0;02:22:41;24;Barca, Fabian;1;1259;09-142;CREC. MELAZA 12 % A.A...;202527;8;750.0;747.9;8;AFRECHO ARROZ
29747;14/8/2026;09:11:42;10000.0;01:25:40;24;Barca, Fabian;1;773;25-031;FIBROMIXER PASTOREO 16%A.A. (P Girasol Común);202539;8;600.0;608.8;8;AFRECHO ARROZ
29748;14/8/2026;10:38:01;5000.0;00:42:24;24;Barca, Fabian;1;773;25-031;FIBROMIXER PASTOREO 16%A.A. (P Girasol Común);202548;8;600.0;616.3;8;AFRECHO ARROZ
29749;14/8/2026;11:22:56;2000.0;01:17:36;24;Barca, Fabian;1;1284;P.A. MEL;PELLETS DE ALFALFA MELAZADO;202556;8;300.0;309.1;8;AFRECHO ARROZ
29752;14/8/2026;12:45:57;6993.0;00:49:58;24;Barca, Fabian;1;984;40-017;EQUINO SERVICIO....;202559;8;150.0;162.4;8;AFRECHO ARROZ
29753;14/8/2026;13:36:23;1998.0;00:21:36;24;Barca, Fabian;1;984;40-017;EQUINO SERVICIO....;202570;8;100.0;98.4;8;AFRECHO ARROZ
29754;14/8/2026;14:04:04;23000.0;00:58:52;24;Barca, Fabian;1;1202;22-036;FIBROMIXER 300 16% AA Girasol;202583;8;360.0;375.8;8;AFRECHO ARROZ
29755;14/8/2026;15:03:51;20000.0;04:26:24;7;Aranda Marcelo Edgardo;0;1202;22-036;FIBROMIXER 300 16% AA Girasol;202593;8;1920.0;1958.0;8;AFRECHO ARROZ
29756;14/8/2026;19:30:38;12000.0;02:04:16;7;Aranda Marcelo Edgardo;0;748;26-026;FIBROMIXER RECRIA 16%A.A.( Girasol Comun);202602;8;840.0;860.7;8;AFRECHO ARROZ
29757;14/8/2026;21:51:27;6000.0;00:57:42;7;Aranda Marcelo Edgardo;0;1287;FP0038;FEED LOT M y H DESARR. 16% (La Malvina);202612;8;570.0;558.9;8;AFRECHO ARROZ
29758;14/8/2026;23:01:50;6000.0;00:57:30;24;Barca, Fabian;1;1288;FP0039;TERNERO PREMIUM - DEST. DES. 21 (La Malvina);202619;8;600.0;603.5;8;AFRECHO ARROZ
29746;14/8/2026;06:45:23;15000.0;02:22:41;24;Barca, Fabian;1;1259;09-142;CREC. MELAZA 12 % A.A...;202532;10;105.0;104.2;10;UREA
29747;14/8/2026;09:11:42;10000.0;01:25:40;24;Barca, Fabian;1;773;25-031;FIBROMIXER PASTOREO 16%A.A. (P Girasol Común);202541;10;95.0;89.9;10;UREA
29748;14/8/2026;10:38:01;5000.0;00:42:24;24;Barca, Fabian;1;773;25-031;FIBROMIXER PASTOREO 16%A.A. (P Girasol Común);202553;10;95.0;97.3;10;UREA
29754;14/8/2026;14:04:04;23000.0;00:58:52;24;Barca, Fabian;1;1202;22-036;FIBROMIXER 300 16% AA Girasol;202590;10;36.0;37.8;10;UREA
29755;14/8/2026;15:03:51;20000.0;04:26:24;7;Aranda Marcelo Edgardo;0;1202;22-036;FIBROMIXER 300 16% AA Girasol;202600;10;192.0;197.6;10;UREA
29756;14/8/2026;19:30:38;12000.0;02:04:16;7;Aranda Marcelo Edgardo;0;748;26-026;FIBROMIXER RECRIA 16%A.A.( Girasol Comun);202607;10;228.0;233.4;10;UREA
29757;14/8/2026;21:51:27;6000.0;00:57:42;7;Aranda Marcelo Edgardo;0;1287;FP0038;FEED LOT M y H DESARR. 16% (La Malvina);202614;10;60.0;66.0;10;UREA
29746;14/8/2026;06:45:23;15000.0;02:22:41;24;Barca, Fabian;1;1259;09-142;CREC. MELAZA 12 % A.A...;202533;11;240.0;239.9;11;SAL
29747;14/8/2026;09:11:42;10000.0;01:25:40;24;Barca, Fabian;1;773;25-031;FIBROMIXER PASTOREO 16%A.A. (P Girasol Común);202540;11;145.0;147.7;11;SAL
29748;14/8/2026;10:38:01;5000.0;00:42:24;24;Barca, Fabian;1;773;25-031;FIBROMIXER PASTOREO 16%A.A. (P Girasol Común);202549;11;145.0;146.1;11;SAL
29752;14/8/2026;12:45:57;6993.0;00:49:58;24;Barca, Fabian;1;984;40-017;EQUINO SERVICIO....;202561;11;17.1;13.1;11;SAL
29753;14/8/2026;13:36:23;1998.0;00:21:36;24;Barca, Fabian;1;984;40-017;EQUINO SERVICIO....;202572;11;11.4;11.2;11;SAL
29754;14/8/2026;14:04:04;23000.0;00:58:52;24;Barca, Fabian;1;1202;22-036;FIBROMIXER 300 16% AA Girasol;202585;11;42.0;46.0;11;SAL
29755;14/8/2026;15:03:51;20000.0;04:26:24;7;Aranda Marcelo Edgardo;0;1202;22-036;FIBROMIXER 300 16% AA Girasol;202594;11;224.0;229.8;11;SAL
29756;14/8/2026;19:30:38;12000.0;02:04:16;7;Aranda Marcelo Edgardo;0;748;26-026;FIBROMIXER RECRIA 16%A.A.( Girasol Comun);202604;11;264.0;261.6;11;SAL
29746;14/8/2026;06:45:23;15000.0;02:22:41;24;Barca, Fabian;1;1259;09-142;CREC. MELAZA 12 % A.A...;202535;19;450.0;457.0;19;EXP SOJA
29747;14/8/2026;09:11:42;10000.0;01:25:40;24;Barca, Fabian;1;773;25-031;FIBROMIXER PASTOREO 16%A.A. (P Girasol Común);202544;19;575.0;614.0;19;EXP SOJA
29748;14/8/2026;10:38:01;5000.0;00:42:24;24;Barca, Fabian;1;773;25-031;FIBROMIXER PASTOREO 16%A.A. (P Girasol Común);202552;19;575.0;569.0;19;EXP SOJA
29752;14/8/2026;12:45:57;6993.0;00:49:58;24;Barca, Fabian;1;984;40-017;EQUINO SERVICIO....;202565;19;150.0;149.0;19;EXP SOJA
29753;14/8/2026;13:36:23;1998.0;00:21:36;24;Barca, Fabian;1;984;40-017;EQUINO SERVICIO....;202576;19;100.0;118.0;19;EXP SOJA
29754;14/8/2026;14:04:04;23000.0;00:58:52;24;Barca, Fabian;1;1202;22-036;FIBROMIXER 300 16% AA Girasol;202582;19;300.0;300.0;19;EXP SOJA
29755;14/8/2026;15:03:51;20000.0;04:26:24;7;Aranda Marcelo Edgardo;0;1202;22-036;FIBROMIXER 300 16% AA Girasol;202592;19;1600.0;1617.0;19;EXP SOJA
29756;14/8/2026;19:30:38;12000.0;02:04:16;7;Aranda Marcelo Edgardo;0;748;26-026;FIBROMIXER RECRIA 16%A.A.( Girasol Comun);202606;19;600.0;605.0;19;EXP SOJA
29757;14/8/2026;21:51:27;6000.0;00:57:42;7;Aranda Marcelo Edgardo;0;1287;FP0038;FEED LOT M y H DESARR. 16% (La Malvina);202617;19;720.0;710.0;19;EXP SOJA
29758;14/8/2026;23:01:50;6000.0;00:57:30;24;Barca, Fabian;1;1288;FP0039;TERNERO PREMIUM - DEST. DES. 21 (La Malvina);202621;19;1920.0;1923.0;19;EXP SOJA
29752;14/8/2026;12:45:57;6993.0;00:49:58;24;Barca, Fabian;1;984;40-017;EQUINO SERVICIO....;202568;71;150.0;179.0;71;TRIGO (para balanceado)
29753;14/8/2026;13:36:23;1998.0;00:21:36;24;Barca, Fabian;1;984;40-017;EQUINO SERVICIO....;202580;71;100.0;109.0;71;TRIGO (para balanceado)
29746;14/8/2026;06:45:23;15000.0;02:22:41;24;Barca, Fabian;1;1259;09-142;CREC. MELAZA 12 % A.A...;202528;84;450.0;458.6;84;BENTONITA
29747;14/8/2026;09:11:42;10000.0;01:25:40;24;Barca, Fabian;1;773;25-031;FIBROMIXER PASTOREO 16%A.A. (P Girasol Común);202545;121;150.0;157.6;121;BIONUCLEO BOVINO 1%
29748;14/8/2026;10:38:01;5000.0;00:42:24;24;Barca, Fabian;1;773;25-031;FIBROMIXER PASTOREO 16%A.A. (P Girasol Común);202555;121;150.0;152.7;121;BIONUCLEO BOVINO 1%
29754;14/8/2026;14:04:04;23000.0;00:58:52;24;Barca, Fabian;1;1202;22-036;FIBROMIXER 300 16% AA Girasol;202589;121;72.0;74.1;121;BIONUCLEO BOVINO 1%
29755;14/8/2026;15:03:51;20000.0;04:26:24;7;Aranda Marcelo Edgardo;0;1202;22-036;FIBROMIXER 300 16% AA Girasol;202599;121;384.0;391.1;121;BIONUCLEO BOVINO 1%
29756;14/8/2026;19:30:38;12000.0;02:04:16;7;Aranda Marcelo Edgardo;0;748;26-026;FIBROMIXER RECRIA 16%A.A.( Girasol Comun);202610;121;288.0;296.8;121;BIONUCLEO BOVINO 1%
29752;14/8/2026;12:45:57;6993.0;00:49:58;24;Barca, Fabian;1;984;40-017;EQUINO SERVICIO....;202567;135;150.0;167.0;135;CUARTA DE CEBADA (hp2º)
29753;14/8/2026;13:36:23;1998.0;00:21:36;24;Barca, Fabian;1;984;40-017;EQUINO SERVICIO....;202578;135;100.0;98.0;135;CUARTA DE CEBADA (hp2º)
29754;14/8/2026;14:04:04;23000.0;00:58:52;24;Barca, Fabian;1;1202;22-036;FIBROMIXER 300 16% AA Girasol;202588;135;300.0;303.0;135;CUARTA DE CEBADA (hp2º)
29755;14/8/2026;15:03:51;20000.0;04:26:24;7;Aranda Marcelo Edgardo;0;1202;22-036;FIBROMIXER 300 16% AA Girasol;202598;135;1600.0;1617.0;135;CUARTA DE CEBADA (hp2º)
29748;14/8/2026;10:38:01;5000.0;00:42:24;24;Barca, Fabian;1;773;25-031;FIBROMIXER PASTOREO 16%A.A. (P Girasol Común);202554;137;1000.0;1020.0;137;AFRECHILLO DE TRIGO 
29753;14/8/2026;13:36:23;1998.0;00:21:36;24;Barca, Fabian;1;984;40-017;EQUINO SERVICIO....;202579;137;500.0;500.0;137;AFRECHILLO DE TRIGO 
29754;14/8/2026;14:04:04;23000.0;00:58:52;24;Barca, Fabian;1;1202;22-036;FIBROMIXER 300 16% AA Girasol;202587;137;450.0;450.0;137;AFRECHILLO DE TRIGO 
29755;14/8/2026;15:03:51;20000.0;04:26:24;7;Aranda Marcelo Edgardo;0;1202;22-036;FIBROMIXER 300 16% AA Girasol;202597;137;2400.0;2425.0;137;AFRECHILLO DE TRIGO 
29756;14/8/2026;19:30:38;12000.0;02:04:16;7;Aranda Marcelo Edgardo;0;748;26-026;FIBROMIXER RECRIA 16%A.A.( Girasol Comun);202609;137;1800.0;1815.0;137;AFRECHILLO DE TRIGO 
29757;14/8/2026;21:51:27;6000.0;00:57:42;7;Aranda Marcelo Edgardo;0;1287;FP0038;FEED LOT M y H DESARR. 16% (La Malvina);202616;137;1320.0;1330.0;137;AFRECHILLO DE TRIGO 
29746;14/8/2026;06:45:23;15000.0;02:22:41;24;Barca, Fabian;1;1259;09-142;CREC. MELAZA 12 % A.A...;202531;154;345.0;352.2;154;CARBONATO DE CALCIO
29747;14/8/2026;09:11:42;10000.0;01:25:40;24;Barca, Fabian;1;773;25-031;FIBROMIXER PASTOREO 16%A.A. (P Girasol Común);202537;154;130.0;129.3;154;CARBONATO DE CALCIO
29748;14/8/2026;10:38:01;5000.0;00:42:24;24;Barca, Fabian;1;773;25-031;FIBROMIXER PASTOREO 16%A.A. (P Girasol Común);202546;154;130.0;129.1;154;CARBONATO DE CALCIO
29752;14/8/2026;12:45:57;6993.0;00:49:58;24;Barca, Fabian;1;984;40-017;EQUINO SERVICIO....;202558;154;69.0;68.7;154;CARBONATO DE CALCIO
29753;14/8/2026;13:36:23;1998.0;00:21:36;24;Barca, Fabian;1;984;40-017;EQUINO SERVICIO....;202569;154;46.0;48.7;154;CARBONATO DE CALCIO
29754;14/8/2026;14:04:04;23000.0;00:58:52;24;Barca, Fabian;1;1202;22-036;FIBROMIXER 300 16% AA Girasol;202581;154;63.0;67.1;154;CARBONATO DE CALCIO
29755;14/8/2026;15:03:51;20000.0;04:26:24;7;Aranda Marcelo Edgardo;0;1202;22-036;FIBROMIXER 300 16% AA Girasol;202591;154;336.0;344.8;154;CARBONATO DE CALCIO
29756;14/8/2026;19:30:38;12000.0;02:04:16;7;Aranda Marcelo Edgardo;0;748;26-026;FIBROMIXER RECRIA 16%A.A.( Girasol Comun);202601;154;384.0;384.9;154;CARBONATO DE CALCIO
29757;14/8/2026;21:51:27;6000.0;00:57:42;7;Aranda Marcelo Edgardo;0;1287;FP0038;FEED LOT M y H DESARR. 16% (La Malvina);202613;171;330.0;326.7;171;PREMIX DESARROLLO PROFEED
29758;14/8/2026;23:01:50;6000.0;00:57:30;24;Barca, Fabian;1;1288;FP0039;TERNERO PREMIUM - DEST. DES. 21 (La Malvina);202618;184;186.0;183.2;184;PREMIX TERNERO PROFEED
29752;14/8/2026;12:45:57;6993.0;00:49:58;24;Barca, Fabian;1;984;40-017;EQUINO SERVICIO....;202560;205;12.0;11.25;205;APSAMIX PX EQUINO
29753;14/8/2026;13:36:23;1998.0;00:21:36;24;Barca, Fabian;1;984;40-017;EQUINO SERVICIO....;202571;205;8.0;7.8;205;APSAMIX PX EQUINO
29749;14/8/2026;11:22:56;2000.0;01:17:36;24;Barca, Fabian;1;1284;P.A. MEL;PELLETS DE ALFALFA MELAZADO;202557;240;1700.0;1701.0;240;PELLET DE ALFALFA
29746;14/8/2026;06:45:23;15000.0;02:22:41;24;Barca, Fabian;1;1259;09-142;CREC. MELAZA 12 % A.A...;202526;263;45.0;47.4;263;SUPLEFEED23
29752;14/8/2026;12:45:57;6993.0;00:49:58;24;Barca, Fabian;1;984;40-017;EQUINO SERVICIO....;202563;265;0.9;0.9;265;NUTRAGEN
29753;14/8/2026;13:36:23;1998.0;00:21:36;24;Barca, Fabian;1;984;40-017;EQUINO SERVICIO....;202574;265;0.6;0.6;265;NUTRAGEN
29746;14/8/2026;06:45:23;15000.0;02:22:41;24;Barca, Fabian;1;1259;09-142;CREC. MELAZA 12 % A.A...;202529;281;120.0;120.5;281;NITROPEC
29756;14/8/2026;19:30:38;12000.0;02:04:16;7;Aranda Marcelo Edgardo;0;748;26-026;FIBROMIXER RECRIA 16%A.A.( Girasol Comun);202611;281;96.0;94.95;281;NITROPEC
29760;15/8/2026;00:01:32;28000.0;03:13:24;24;Barca, Fabian;1;1259;09-142;CREC. MELAZA 12 % A.A...;202630;2;4811.0;4840.0;2;PELLET AFRECHILLO DE TRIGO
29761;15/8/2026;03:16:47;11000.0;02:18:46;7;Aranda Marcelo Edgardo;0;1259;09-142;CREC. MELAZA 12 % A.A...;202643;2;3113.0;3147.0;2;PELLET AFRECHILLO DE TRIGO
29762;15/8/2026;05:44:28;10000.0;01:07:42;7;Aranda Marcelo Edgardo;0;1244;R14-001;RECRIA 14 CON MAIZ (quebradora);202653;2;4350.0;4350.0;2;PELLET AFRECHILLO DE TRIGO
29760;15/8/2026;00:01:32;28000.0;03:13:24;24;Barca, Fabian;1;1259;09-142;CREC. MELAZA 12 % A.A...;202627;5;4250.0;4297.0;5;MAIZ
29761;15/8/2026;03:16:47;11000.0;02:18:46;7;Aranda Marcelo Edgardo;0;1259;09-142;CREC. MELAZA 12 % A.A...;202640;5;2750.0;2766.0;5;MAIZ
29762;15/8/2026;05:44:28;10000.0;01:07:42;7;Aranda Marcelo Edgardo;0;1244;R14-001;RECRIA 14 CON MAIZ (quebradora);202649;5;2500.0;2503.0;5;MAIZ
29760;15/8/2026;00:01:32;28000.0;03:13:24;24;Barca, Fabian;1;1259;09-142;CREC. MELAZA 12 % A.A...;202633;7;1700.0;1726.0;7;CASCARA ARROZ
29761;15/8/2026;03:16:47;11000.0;02:18:46;7;Aranda Marcelo Edgardo;0;1259;09-142;CREC. MELAZA 12 % A.A...;202645;7;1100.0;1142.0;7;CASCARA ARROZ
29760;15/8/2026;00:01:32;28000.0;03:13:24;24;Barca, Fabian;1;1259;09-142;CREC. MELAZA 12 % A.A...;202624;8;850.0;919.5;8;AFRECHO ARROZ
29761;15/8/2026;03:16:47;11000.0;02:18:46;7;Aranda Marcelo Edgardo;0;1259;09-142;CREC. MELAZA 12 % A.A...;202636;8;550.0;554.9;8;AFRECHO ARROZ
29762;15/8/2026;05:44:28;10000.0;01:07:42;7;Aranda Marcelo Edgardo;0;1244;R14-001;RECRIA 14 CON MAIZ (quebradora);202650;8;2000.0;2000.2;8;AFRECHO ARROZ
29760;15/8/2026;00:01:32;28000.0;03:13:24;24;Barca, Fabian;1;1259;09-142;CREC. MELAZA 12 % A.A...;202629;10;119.0;117.1;10;UREA
29761;15/8/2026;03:16:47;11000.0;02:18:46;7;Aranda Marcelo Edgardo;0;1259;09-142;CREC. MELAZA 12 % A.A...;202641;10;77.0;80.6;10;UREA
29760;15/8/2026;00:01:32;28000.0;03:13:24;24;Barca, Fabian;1;1259;09-142;CREC. MELAZA 12 % A.A...;202631;11;272.0;276.4;11;SAL
29761;15/8/2026;03:16:47;11000.0;02:18:46;7;Aranda Marcelo Edgardo;0;1259;09-142;CREC. MELAZA 12 % A.A...;202642;11;176.0;183.6;11;SAL
29762;15/8/2026;05:44:28;10000.0;01:07:42;7;Aranda Marcelo Edgardo;0;1244;R14-001;RECRIA 14 CON MAIZ (quebradora);202651;11;200.0;200.2;11;SAL
29760;15/8/2026;00:01:32;28000.0;03:13:24;24;Barca, Fabian;1;1259;09-142;CREC. MELAZA 12 % A.A...;202625;84;510.0;513.7;84;BENTONITA
29761;15/8/2026;03:16:47;11000.0;02:18:46;7;Aranda Marcelo Edgardo;0;1259;09-142;CREC. MELAZA 12 % A.A...;202637;84;330.0;334.4;84;BENTONITA
29760;15/8/2026;00:01:32;28000.0;03:13:24;24;Barca, Fabian;1;1259;09-142;CREC. MELAZA 12 % A.A...;202632;137;2550.0;2588.0;137;AFRECHILLO DE TRIGO 
29761;15/8/2026;03:16:47;11000.0;02:18:46;7;Aranda Marcelo Edgardo;0;1259;09-142;CREC. MELAZA 12 % A.A...;202644;137;1650.0;1666.0;137;AFRECHILLO DE TRIGO 
29760;15/8/2026;00:01:32;28000.0;03:13:24;24;Barca, Fabian;1;1259;09-142;CREC. MELAZA 12 % A.A...;202628;154;391.0;391.5;154;CARBONATO DE CALCIO
29761;15/8/2026;03:16:47;11000.0;02:18:46;7;Aranda Marcelo Edgardo;0;1259;09-142;CREC. MELAZA 12 % A.A...;202638;154;253.0;260.9;154;CARBONATO DE CALCIO
29762;15/8/2026;05:44:28;10000.0;01:07:42;7;Aranda Marcelo Edgardo;0;1244;R14-001;RECRIA 14 CON MAIZ (quebradora);202647;154;150.0;150.5;154;CARBONATO DE CALCIO
29760;15/8/2026;00:01:32;28000.0;03:13:24;24;Barca, Fabian;1;1259;09-142;CREC. MELAZA 12 % A.A...;202634;240;1360.0;1379.0;240;PELLET DE ALFALFA
29761;15/8/2026;03:16:47;11000.0;02:18:46;7;Aranda Marcelo Edgardo;0;1259;09-142;CREC. MELAZA 12 % A.A...;202646;240;880.0;889.0;240;PELLET DE ALFALFA
29762;15/8/2026;05:44:28;10000.0;01:07:42;7;Aranda Marcelo Edgardo;0;1244;R14-001;RECRIA 14 CON MAIZ (quebradora);202652;240;750.0;751.0;240;PELLET DE ALFALFA
29760;15/8/2026;00:01:32;28000.0;03:13:24;24;Barca, Fabian;1;1259;09-142;CREC. MELAZA 12 % A.A...;202623;263;51.0;52.55;263;SUPLEFEED23
29761;15/8/2026;03:16:47;11000.0;02:18:46;7;Aranda Marcelo Edgardo;0;1259;09-142;CREC. MELAZA 12 % A.A...;202635;263;33.0;34.2;263;SUPLEFEED23
29760;15/8/2026;00:01:32;28000.0;03:13:24;24;Barca, Fabian;1;1259;09-142;CREC. MELAZA 12 % A.A...;202626;281;136.0;135.15;281;NITROPEC
29761;15/8/2026;03:16:47;11000.0;02:18:46;7;Aranda Marcelo Edgardo;0;1259;09-142;CREC. MELAZA 12 % A.A...;202639;281;88.0;88.75;281;NITROPEC
29762;15/8/2026;05:44:28;10000.0;01:07:42;7;Aranda Marcelo Edgardo;0;1244;R14-001;RECRIA 14 CON MAIZ (quebradora);202648;281;50.0;49.95;281;NITROPEC
29763;17/8/2026;12:04:08;270.0;00:02:18;23;Pucheta Javier;1;139;Limpieza;LIMPIEZA CIRCUITO;202655;5;250.0;247.0;5;MAIZ
29764;17/8/2026;12:10:38;8000.0;00:57:03;23;Pucheta Javier;1;1087;FC625;DESARROLLO CERDOS SANCHEZ;202657;5;5200.0;5215.0;5;MAIZ
29765;17/8/2026;14:14:57;1000.0;00:07:37;23;Pucheta Javier;1;1087;FC625;DESARROLLO CERDOS SANCHEZ;202660;5;650.0;652.0;5;MAIZ
29766;17/8/2026;23:19:10;12000.0;00:55:58;7;Aranda Marcelo Edgardo;0;1087;FC625;DESARROLLO CERDOS SANCHEZ;202663;5;7800.0;7804.0;5;MAIZ
29764;17/8/2026;12:10:38;8000.0;00:57:03;23;Pucheta Javier;1;1087;FC625;DESARROLLO CERDOS SANCHEZ;202658;19;2600.0;2624.0;19;EXP SOJA
29765;17/8/2026;14:14:57;1000.0;00:07:37;23;Pucheta Javier;1;1087;FC625;DESARROLLO CERDOS SANCHEZ;202661;19;325.0;326.0;19;EXP SOJA
29766;17/8/2026;23:19:10;12000.0;00:55:58;7;Aranda Marcelo Edgardo;0;1087;FC625;DESARROLLO CERDOS SANCHEZ;202664;19;3900.0;3882.0;19;EXP SOJA
29763;17/8/2026;12:04:08;270.0;00:02:18;23;Pucheta Javier;1;139;Limpieza;LIMPIEZA CIRCUITO;202654;154;20.0;23.3;154;CARBONATO DE CALCIO
29764;17/8/2026;12:10:38;8000.0;00:57:03;23;Pucheta Javier;1;1087;FC625;DESARROLLO CERDOS SANCHEZ;202656;197;200.0;208.9;197;tK DESARROLLO 2,5%
29765;17/8/2026;14:14:57;1000.0;00:07:37;23;Pucheta Javier;1;1087;FC625;DESARROLLO CERDOS SANCHEZ;202659;197;25.0;25.4;197;tK DESARROLLO 2,5%
29766;17/8/2026;23:19:10;12000.0;00:55:58;7;Aranda Marcelo Edgardo;0;1087;FC625;DESARROLLO CERDOS SANCHEZ;202662;197;300.0;297.4;197;tK DESARROLLO 2,5%
29767;18/8/2026;03:30:59;1998.0;00:19:47;7;Aranda Marcelo Edgardo;0;1213;HST-001;HAPPY STARTER;202667;2;394.0;390.0;2;PELLET AFRECHILLO DE TRIGO
29768;18/8/2026;03:55:06;6000.0;00:45:23;7;Aranda Marcelo Edgardo;0;748;26-026;FIBROMIXER RECRIA 16%A.A.( Girasol Comun);202677;2;2352.0;2356.0;2;PELLET AFRECHILLO DE TRIGO
29769;18/8/2026;04:45:09;25000.0;04:00:12;7;Aranda Marcelo Edgardo;0;1120;05-113;RECRIA 16  AL 15%  A.A....;202692;2;10825.0;10858.0;2;PELLET AFRECHILLO DE TRIGO
29770;18/8/2026;08:50:34;65000.0;06:15:44;23;Pucheta Javier;1;1259;09-142;CREC. MELAZA 12 % A.A...;202703;2;9320.0;9364.0;2;PELLET AFRECHILLO DE TRIGO
29773;18/8/2026;15:10:40;25000.0;03:35:43;24;Barca, Fabian;1;1259;09-142;CREC. MELAZA 12 % A.A...;202717;2;5825.0;5812.0;2;PELLET AFRECHILLO DE TRIGO
29774;18/8/2026;18:46:59;30000.0;01:15:38;24;Barca, Fabian;1;1202;22-036;FIBROMIXER 300 16% AA Girasol;202728;2;1077.0;1071.0;2;PELLET AFRECHILLO DE TRIGO
29775;18/8/2026;20:03:31;27000.0;03:04:25;24;Barca, Fabian;1;1202;22-036;FIBROMIXER 300 16% AA Girasol;202741;2;7771.0;7786.0;2;PELLET AFRECHILLO DE TRIGO
29776;18/8/2026;23:10:24;8000.0;01:20:55;7;Aranda Marcelo Edgardo;0;1202;22-036;FIBROMIXER 300 16% AA Girasol;202750;2;3272.0;3268.0;2;PELLET AFRECHILLO DE TRIGO
29767;18/8/2026;03:30:59;1998.0;00:19:47;7;Aranda Marcelo Edgardo;0;1213;HST-001;HAPPY STARTER;202671;5;440.0;437.0;5;MAIZ
29768;18/8/2026;03:55:06;6000.0;00:45:23;7;Aranda Marcelo Edgardo;0;748;26-026;FIBROMIXER RECRIA 16%A.A.( Girasol Comun);202675;5;492.0;484.0;5;MAIZ
29769;18/8/2026;04:45:09;25000.0;04:00:12;7;Aranda Marcelo Edgardo;0;1120;05-113;RECRIA 16  AL 15%  A.A....;202690;5;7500.0;7541.0;5;MAIZ
29770;18/8/2026;08:50:34;65000.0;06:15:44;23;Pucheta Javier;1;1259;09-142;CREC. MELAZA 12 % A.A...;202701;5;12000.0;12021.0;5;MAIZ
29773;18/8/2026;15:10:40;25000.0;03:35:43;24;Barca, Fabian;1;1259;09-142;CREC. MELAZA 12 % A.A...;202714;5;7500.0;7514.0;5;MAIZ
29774;18/8/2026;18:46:59;30000.0;01:15:38;24;Barca, Fabian;1;1202;22-036;FIBROMIXER 300 16% AA Girasol;202724;5;150.0;143.0;5;MAIZ
29775;18/8/2026;20:03:31;27000.0;03:04:25;24;Barca, Fabian;1;1202;22-036;FIBROMIXER 300 16% AA Girasol;202737;5;950.0;986.0;5;MAIZ
29776;18/8/2026;23:10:24;8000.0;01:20:55;7;Aranda Marcelo Edgardo;0;1202;22-036;FIBROMIXER 300 16% AA Girasol;202747;5;400.0;408.0;5;MAIZ
29768;18/8/2026;03:55:06;6000.0;00:45:23;7;Aranda Marcelo Edgardo;0;748;26-026;FIBROMIXER RECRIA 16%A.A.( Girasol Comun);202680;7;906.0;921.0;7;CASCARA ARROZ
29769;18/8/2026;04:45:09;25000.0;04:00:12;7;Aranda Marcelo Edgardo;0;1120;05-113;RECRIA 16  AL 15%  A.A....;202693;7;2500.0;2483.0;7;CASCARA ARROZ
29770;18/8/2026;08:50:34;65000.0;06:15:44;23;Pucheta Javier;1;1259;09-142;CREC. MELAZA 12 % A.A...;202708;7;4000.0;4004.0;7;CASCARA ARROZ
29773;18/8/2026;15:10:40;25000.0;03:35:43;24;Barca, Fabian;1;1259;09-142;CREC. MELAZA 12 % A.A...;202721;7;2500.0;2521.0;7;CASCARA ARROZ
29774;18/8/2026;18:46:59;30000.0;01:15:38;24;Barca, Fabian;1;1202;22-036;FIBROMIXER 300 16% AA Girasol;202727;7;300.0;301.0;7;CASCARA ARROZ
29775;18/8/2026;20:03:31;27000.0;03:04:25;24;Barca, Fabian;1;1202;22-036;FIBROMIXER 300 16% AA Girasol;202738;7;1900.0;1932.0;7;CASCARA ARROZ
29776;18/8/2026;23:10:24;8000.0;01:20:55;7;Aranda Marcelo Edgardo;0;1202;22-036;FIBROMIXER 300 16% AA Girasol;202749;7;800.0;817.0;7;CASCARA ARROZ
29767;18/8/2026;03:30:59;1998.0;00:19:47;7;Aranda Marcelo Edgardo;0;1213;HST-001;HAPPY STARTER;202673;8;100.0;100.0;8;AFRECHO ARROZ
29768;18/8/2026;03:55:06;6000.0;00:45:23;7;Aranda Marcelo Edgardo;0;748;26-026;FIBROMIXER RECRIA 16%A.A.( Girasol Comun);202682;8;420.0;433.0;8;AFRECHO ARROZ
29769;18/8/2026;04:45:09;25000.0;04:00:12;7;Aranda Marcelo Edgardo;0;1120;05-113;RECRIA 16  AL 15%  A.A....;202686;8;1250.0;1277.0;8;AFRECHO ARROZ
29770;18/8/2026;08:50:34;65000.0;06:15:44;23;Pucheta Javier;1;1259;09-142;CREC. MELAZA 12 % A.A...;202697;8;2000.0;2009.0;8;AFRECHO ARROZ
29773;18/8/2026;15:10:40;25000.0;03:35:43;24;Barca, Fabian;1;1259;09-142;CREC. MELAZA 12 % A.A...;202710;8;1250.0;1235.1;8;AFRECHO ARROZ
29774;18/8/2026;18:46:59;30000.0;01:15:38;24;Barca, Fabian;1;1202;22-036;FIBROMIXER 300 16% AA Girasol;202725;8;360.0;370.9;8;AFRECHO ARROZ
29775;18/8/2026;20:03:31;27000.0;03:04:25;24;Barca, Fabian;1;1202;22-036;FIBROMIXER 300 16% AA Girasol;202735;8;1330.0;1371.3;8;AFRECHO ARROZ
29776;18/8/2026;23:10:24;8000.0;01:20:55;7;Aranda Marcelo Edgardo;0;1202;22-036;FIBROMIXER 300 16% AA Girasol;202746;8;560.0;568.0;8;AFRECHO ARROZ
29768;18/8/2026;03:55:06;6000.0;00:45:23;7;Aranda Marcelo Edgardo;0;748;26-026;FIBROMIXER RECRIA 16%A.A.( Girasol Comun);202683;10;114.0;114.6;10;UREA
29769;18/8/2026;04:45:09;25000.0;04:00:12;7;Aranda Marcelo Edgardo;0;1120;05-113;RECRIA 16  AL 15%  A.A....;202691;10;175.0;187.5;10;UREA
29770;18/8/2026;08:50:34;65000.0;06:15:44;23;Pucheta Javier;1;1259;09-142;CREC. MELAZA 12 % A.A...;202702;10;280.0;292.5;10;UREA
29773;18/8/2026;15:10:40;25000.0;03:35:43;24;Barca, Fabian;1;1259;09-142;CREC. MELAZA 12 % A.A...;202715;10;175.0;170.6;10;UREA
29774;18/8/2026;18:46:59;30000.0;01:15:38;24;Barca, Fabian;1;1202;22-036;FIBROMIXER 300 16% AA Girasol;202732;10;36.0;36.4;10;UREA
29775;18/8/2026;20:03:31;27000.0;03:04:25;24;Barca, Fabian;1;1202;22-036;FIBROMIXER 300 16% AA Girasol;202740;10;228.0;220.9;10;UREA
29776;18/8/2026;23:10:24;8000.0;01:20:55;7;Aranda Marcelo Edgardo;0;1202;22-036;FIBROMIXER 300 16% AA Girasol;202754;10;96.0;94.1;10;UREA
29767;18/8/2026;03:30:59;1998.0;00:19:47;7;Aranda Marcelo Edgardo;0;1213;HST-001;HAPPY STARTER;202666;11;11.0;11.0;11;SAL
29768;18/8/2026;03:55:06;6000.0;00:45:23;7;Aranda Marcelo Edgardo;0;748;26-026;FIBROMIXER RECRIA 16%A.A.( Girasol Comun);202676;11;132.0;140.0;11;SAL
29769;18/8/2026;04:45:09;25000.0;04:00:12;7;Aranda Marcelo Edgardo;0;1120;05-113;RECRIA 16  AL 15%  A.A....;202689;11;400.0;409.1;11;SAL
29770;18/8/2026;08:50:34;65000.0;06:15:44;23;Pucheta Javier;1;1259;09-142;CREC. MELAZA 12 % A.A...;202705;11;640.0;647.9;11;SAL
29773;18/8/2026;15:10:40;25000.0;03:35:43;24;Barca, Fabian;1;1259;09-142;CREC. MELAZA 12 % A.A...;202716;11;400.0;396.8;11;SAL
29774;18/8/2026;18:46:59;30000.0;01:15:38;24;Barca, Fabian;1;1202;22-036;FIBROMIXER 300 16% AA Girasol;202726;11;42.0;40.5;11;SAL
29775;18/8/2026;20:03:31;27000.0;03:04:25;24;Barca, Fabian;1;1202;22-036;FIBROMIXER 300 16% AA Girasol;202736;11;266.0;268.1;11;SAL
29776;18/8/2026;23:10:24;8000.0;01:20:55;7;Aranda Marcelo Edgardo;0;1202;22-036;FIBROMIXER 300 16% AA Girasol;202748;11;112.0;117.0;11;SAL
29767;18/8/2026;03:30:59;1998.0;00:19:47;7;Aranda Marcelo Edgardo;0;1213;HST-001;HAPPY STARTER;202670;19;610.0;618.0;19;EXP SOJA
29768;18/8/2026;03:55:06;6000.0;00:45:23;7;Aranda Marcelo Edgardo;0;748;26-026;FIBROMIXER RECRIA 16%A.A.( Girasol Comun);202678;19;300.0;308.0;19;EXP SOJA
29769;18/8/2026;04:45:09;25000.0;04:00:12;7;Aranda Marcelo Edgardo;0;1120;05-113;RECRIA 16  AL 15%  A.A....;202695;19;750.0;767.0;19;EXP SOJA
29770;18/8/2026;08:50:34;65000.0;06:15:44;23;Pucheta Javier;1;1259;09-142;CREC. MELAZA 12 % A.A...;202704;19;1200.0;1240.0;19;EXP SOJA
29773;18/8/2026;15:10:40;25000.0;03:35:43;24;Barca, Fabian;1;1259;09-142;CREC. MELAZA 12 % A.A...;202718;19;750.0;780.0;19;EXP SOJA
29774;18/8/2026;18:46:59;30000.0;01:15:38;24;Barca, Fabian;1;1202;22-036;FIBROMIXER 300 16% AA Girasol;202723;19;300.0;298.0;19;EXP SOJA
29775;18/8/2026;20:03:31;27000.0;03:04:25;24;Barca, Fabian;1;1202;22-036;FIBROMIXER 300 16% AA Girasol;202734;19;1900.0;1906.0;19;EXP SOJA
29776;18/8/2026;23:10:24;8000.0;01:20:55;7;Aranda Marcelo Edgardo;0;1202;22-036;FIBROMIXER 300 16% AA Girasol;202745;19;800.0;812.0;19;EXP SOJA
29770;18/8/2026;08:50:34;65000.0;06:15:44;23;Pucheta Javier;1;1259;09-142;CREC. MELAZA 12 % A.A...;202707;34;2000.0;2010.0;34;REPROCESO 
29773;18/8/2026;15:10:40;25000.0;03:35:43;24;Barca, Fabian;1;1259;09-142;CREC. MELAZA 12 % A.A...;202720;34;1250.0;1279.0;34;REPROCESO 
29774;18/8/2026;18:46:59;30000.0;01:15:38;24;Barca, Fabian;1;1202;22-036;FIBROMIXER 300 16% AA Girasol;202731;73;150.0;184.0;73;PELLET CASCARA DE SOJA
29775;18/8/2026;20:03:31;27000.0;03:04:25;24;Barca, Fabian;1;1202;22-036;FIBROMIXER 300 16% AA Girasol;202743;73;950.0;984.0;73;PELLET CASCARA DE SOJA
29776;18/8/2026;23:10:24;8000.0;01:20:55;7;Aranda Marcelo Edgardo;0;1202;22-036;FIBROMIXER 300 16% AA Girasol;202752;73;400.0;401.0;73;PELLET CASCARA DE SOJA
29769;18/8/2026;04:45:09;25000.0;04:00:12;7;Aranda Marcelo Edgardo;0;1120;05-113;RECRIA 16  AL 15%  A.A....;202694;84;750.0;747.3;84;BENTONITA
29770;18/8/2026;08:50:34;65000.0;06:15:44;23;Pucheta Javier;1;1259;09-142;CREC. MELAZA 12 % A.A...;202698;84;1200.0;1200.1;84;BENTONITA
29773;18/8/2026;15:10:40;25000.0;03:35:43;24;Barca, Fabian;1;1259;09-142;CREC. MELAZA 12 % A.A...;202711;84;750.0;746.4;84;BENTONITA
29767;18/8/2026;03:30:59;1998.0;00:19:47;7;Aranda Marcelo Edgardo;0;1213;HST-001;HAPPY STARTER;202672;121;20.0;19.7;121;BIONUCLEO BOVINO 1%
29768;18/8/2026;03:55:06;6000.0;00:45:23;7;Aranda Marcelo Edgardo;0;748;26-026;FIBROMIXER RECRIA 16%A.A.( Girasol Comun);202684;121;144.0;142.6;121;BIONUCLEO BOVINO 1%
29774;18/8/2026;18:46:59;30000.0;01:15:38;24;Barca, Fabian;1;1202;22-036;FIBROMIXER 300 16% AA Girasol;202730;121;72.0;74.0;121;BIONUCLEO BOVINO 1%
29775;18/8/2026;20:03:31;27000.0;03:04:25;24;Barca, Fabian;1;1202;22-036;FIBROMIXER 300 16% AA Girasol;202739;121;456.0;461.3;121;BIONUCLEO BOVINO 1%
29776;18/8/2026;23:10:24;8000.0;01:20:55;7;Aranda Marcelo Edgardo;0;1202;22-036;FIBROMIXER 300 16% AA Girasol;202753;121;192.0;197.3;121;BIONUCLEO BOVINO 1%
29768;18/8/2026;03:55:06;6000.0;00:45:23;7;Aranda Marcelo Edgardo;0;748;26-026;FIBROMIXER RECRIA 16%A.A.( Girasol Comun);202681;137;900.0;909.0;137;AFRECHILLO DE TRIGO 
29770;18/8/2026;08:50:34;65000.0;06:15:44;23;Pucheta Javier;1;1259;09-142;CREC. MELAZA 12 % A.A...;202706;137;6000.0;5996.0;137;AFRECHILLO DE TRIGO 
29773;18/8/2026;15:10:40;25000.0;03:35:43;24;Barca, Fabian;1;1259;09-142;CREC. MELAZA 12 % A.A...;202719;137;3750.0;3752.0;137;AFRECHILLO DE TRIGO 
29774;18/8/2026;18:46:59;30000.0;01:15:38;24;Barca, Fabian;1;1202;22-036;FIBROMIXER 300 16% AA Girasol;202729;137;450.0;460.0;137;AFRECHILLO DE TRIGO 
29775;18/8/2026;20:03:31;27000.0;03:04:25;24;Barca, Fabian;1;1202;22-036;FIBROMIXER 300 16% AA Girasol;202742;137;2850.0;2878.0;137;AFRECHILLO DE TRIGO 
29776;18/8/2026;23:10:24;8000.0;01:20:55;7;Aranda Marcelo Edgardo;0;1202;22-036;FIBROMIXER 300 16% AA Girasol;202751;137;1200.0;1198.0;137;AFRECHILLO DE TRIGO 
29767;18/8/2026;03:30:59;1998.0;00:19:47;7;Aranda Marcelo Edgardo;0;1213;HST-001;HAPPY STARTER;202665;154;24.6;28.3;154;CARBONATO DE CALCIO
29768;18/8/2026;03:55:06;6000.0;00:45:23;7;Aranda Marcelo Edgardo;0;748;26-026;FIBROMIXER RECRIA 16%A.A.( Girasol Comun);202674;154;192.0;182.8;154;CARBONATO DE CALCIO
29769;18/8/2026;04:45:09;25000.0;04:00:12;7;Aranda Marcelo Edgardo;0;1120;05-113;RECRIA 16  AL 15%  A.A....;202685;154;575.0;576.5;154;CARBONATO DE CALCIO
29770;18/8/2026;08:50:34;65000.0;06:15:44;23;Pucheta Javier;1;1259;09-142;CREC. MELAZA 12 % A.A...;202700;154;920.0;928.2;154;CARBONATO DE CALCIO
29773;18/8/2026;15:10:40;25000.0;03:35:43;24;Barca, Fabian;1;1259;09-142;CREC. MELAZA 12 % A.A...;202712;154;575.0;575.1;154;CARBONATO DE CALCIO
29774;18/8/2026;18:46:59;30000.0;01:15:38;24;Barca, Fabian;1;1202;22-036;FIBROMIXER 300 16% AA Girasol;202722;154;63.0;63.1;154;CARBONATO DE CALCIO
29775;18/8/2026;20:03:31;27000.0;03:04:25;24;Barca, Fabian;1;1202;22-036;FIBROMIXER 300 16% AA Girasol;202733;154;399.0;406.4;154;CARBONATO DE CALCIO
29776;18/8/2026;23:10:24;8000.0;01:20:55;7;Aranda Marcelo Edgardo;0;1202;22-036;FIBROMIXER 300 16% AA Girasol;202744;154;168.0;178.9;154;CARBONATO DE CALCIO
29767;18/8/2026;03:30:59;1998.0;00:19:47;7;Aranda Marcelo Edgardo;0;1213;HST-001;HAPPY STARTER;202669;240;400.0;390.0;240;PELLET DE ALFALFA
29769;18/8/2026;04:45:09;25000.0;04:00:12;7;Aranda Marcelo Edgardo;0;1120;05-113;RECRIA 16  AL 15%  A.A....;202688;263;75.0;76.7;263;SUPLEFEED23
29770;18/8/2026;08:50:34;65000.0;06:15:44;23;Pucheta Javier;1;1259;09-142;CREC. MELAZA 12 % A.A...;202696;263;120.0;122.1;263;SUPLEFEED23
29773;18/8/2026;15:10:40;25000.0;03:35:43;24;Barca, Fabian;1;1259;09-142;CREC. MELAZA 12 % A.A...;202709;263;75.0;75.5;263;SUPLEFEED23
29767;18/8/2026;03:30:59;1998.0;00:19:47;7;Aranda Marcelo Edgardo;0;1213;HST-001;HAPPY STARTER;202668;265;0.6;0.6;265;NUTRAGEN
29768;18/8/2026;03:55:06;6000.0;00:45:23;7;Aranda Marcelo Edgardo;0;748;26-026;FIBROMIXER RECRIA 16%A.A.( Girasol Comun);202679;281;48.0;48.0;281;NITROPEC
29769;18/8/2026;04:45:09;25000.0;04:00:12;7;Aranda Marcelo Edgardo;0;1120;05-113;RECRIA 16  AL 15%  A.A....;202687;281;200.0;201.2;281;NITROPEC
29770;18/8/2026;08:50:34;65000.0;06:15:44;23;Pucheta Javier;1;1259;09-142;CREC. MELAZA 12 % A.A...;202699;281;320.0;322.2;281;NITROPEC
29773;18/8/2026;15:10:40;25000.0;03:35:43;24;Barca, Fabian;1;1259;09-142;CREC. MELAZA 12 % A.A...;202713;281;200.0;202.5;281;NITROPEC
29780;19/8/2026;01:42:29;8000.0;01:11:28;7;Aranda Marcelo Edgardo;0;463;08-032;INICIADOR MELAZA (10%A.A.);202769;2;3376.0;3387.0;2;PELLET AFRECHILLO DE TRIGO
29781;19/8/2026;03:02:55;32000.0;01:32:35;7;Aranda Marcelo Edgardo;0;1259;09-142;CREC. MELAZA 12 % A.A...;202781;2;3064.0;3075.0;2;PELLET AFRECHILLO DE TRIGO
29782;19/8/2026;04:35:47;24000.0;03:43:39;7;Aranda Marcelo Edgardo;0;1259;09-142;CREC. MELAZA 12 % A.A...;202793;2;9192.0;9202.0;2;PELLET AFRECHILLO DE TRIGO
29783;19/8/2026;08:29:00;24975.0;03:58:31;23;Pucheta Javier;1;984;40-017;EQUINO SERVICIO....;202802;2;7500.0;7488.0;2;PELLET AFRECHILLO DE TRIGO
29787;19/8/2026;14:06:46;7992.0;00:54:43;23;Pucheta Javier;1;53;41-001;EQUINO DEPORTIVO (4.5%A.A.)*;202823;2;3888.0;3859.0;2;PELLET AFRECHILLO DE TRIGO
29788;19/8/2026;15:11:13;5000.0;01:15:17;24;Barca, Fabian;1;1151;03-024;VACA LECHERA 16..... .;202830;2;2460.0;2450.0;2;PELLET AFRECHILLO DE TRIGO
29789;19/8/2026;16:28:34;10000.0;01:57:11;24;Barca, Fabian;1;748;26-026;FIBROMIXER RECRIA 16%A.A.( Girasol Comun);202841;2;3920.0;3941.0;2;PELLET AFRECHILLO DE TRIGO
29791;19/8/2026;18:29:17;30000.0;04:58:39;24;Barca, Fabian;1;1254;09-141;CRE. MELAZA 10% A.A. (Los Roanos);202852;2;12180.0;12156.0;2;PELLET AFRECHILLO DE TRIGO
29792;19/8/2026;23:31:09;28000.0;03:59:30;7;Aranda Marcelo Edgardo;0;1259;09-142;CREC. MELAZA 12 % A.A...;202868;2;11284.0;11318.0;2;PELLET AFRECHILLO DE TRIGO
29777;19/8/2026;00:37:13;270.0;00:02:11;7;Aranda Marcelo Edgardo;0;139;Limpieza;LIMPIEZA CIRCUITO;202756;5;250.0;249.0;5;MAIZ
29778;19/8/2026;01:09:03;2002.0;00:16:42;7;Aranda Marcelo Edgardo;0;1293;FC824;CERDAS GESTACION  (Sanchez) ;202758;5;1540.0;1523.0;5;MAIZ
29779;19/8/2026;01:28:01;2000.0;00:10:22;7;Aranda Marcelo Edgardo;0;1281;FC426;INICIADOR CERDOS SANCHEZ MAG 100;202761;5;1200.0;1207.0;5;MAIZ
29780;19/8/2026;01:42:29;8000.0;01:11:28;7;Aranda Marcelo Edgardo;0;463;08-032;INICIADOR MELAZA (10%A.A.);202772;5;2040.0;2059.0;5;MAIZ
29781;19/8/2026;03:02:55;32000.0;01:32:35;7;Aranda Marcelo Edgardo;0;1259;09-142;CREC. MELAZA 12 % A.A...;202776;5;2400.0;2388.0;5;MAIZ
29782;19/8/2026;04:35:47;24000.0;03:43:39;7;Aranda Marcelo Edgardo;0;1259;09-142;CREC. MELAZA 12 % A.A...;202790;5;7200.0;7216.0;5;MAIZ
29783;19/8/2026;08:29:00;24975.0;03:58:31;23;Pucheta Javier;1;984;40-017;EQUINO SERVICIO....;202806;5;7425.0;7478.0;5;MAIZ
29784;19/8/2026;12:37:33;1000.0;00:07:59;23;Pucheta Javier;1;1067;TPO3;TERMINADOR PORCINO AP.;202811;5;660.0;668.0;5;MAIZ
29785;19/8/2026;13:08:20;3000.0;00:26:55;23;Pucheta Javier;1;1295;FC639;DESARROLLO (Dodorico);202814;5;1968.0;1966.0;5;MAIZ
29786;19/8/2026;13:40:21;3000.0;00:21:40;23;Pucheta Javier;1;1296;FC727;TERMINACION 1 (Dodorico);202817;5;2205.0;2220.0;5;MAIZ
29787;19/8/2026;14:06:46;7992.0;00:54:43;23;Pucheta Javier;1;53;41-001;EQUINO DEPORTIVO (4.5%A.A.)*;202826;5;2080.0;2075.0;5;MAIZ
29788;19/8/2026;15:11:13;5000.0;01:15:17;24;Barca, Fabian;1;1151;03-024;VACA LECHERA 16..... .;202834;5;1455.0;1449.0;5;MAIZ
29789;19/8/2026;16:28:34;10000.0;01:57:11;24;Barca, Fabian;1;748;26-026;FIBROMIXER RECRIA 16%A.A.( Girasol Comun);202838;5;820.0;803.0;5;MAIZ
29791;19/8/2026;18:29:17;30000.0;04:58:39;24;Barca, Fabian;1;1254;09-141;CRE. MELAZA 10% A.A. (Los Roanos);202856;5;9000.0;9014.0;5;MAIZ
29792;19/8/2026;23:31:09;28000.0;03:59:30;7;Aranda Marcelo Edgardo;0;1259;09-142;CREC. MELAZA 12 % A.A...;202865;5;8960.0;8969.0;5;MAIZ
29780;19/8/2026;01:42:29;8000.0;01:11:28;7;Aranda Marcelo Edgardo;0;463;08-032;INICIADOR MELAZA (10%A.A.);202770;7;560.0;582.0;7;CASCARA ARROZ
29781;19/8/2026;03:02:55;32000.0;01:32:35;7;Aranda Marcelo Edgardo;0;1259;09-142;CREC. MELAZA 12 % A.A...;202784;7;800.0;785.0;7;CASCARA ARROZ
29782;19/8/2026;04:35:47;24000.0;03:43:39;7;Aranda Marcelo Edgardo;0;1259;09-142;CREC. MELAZA 12 % A.A...;202796;7;960.0;990.0;7;CASCARA ARROZ
29783;19/8/2026;08:29:00;24975.0;03:58:31;23;Pucheta Javier;1;984;40-017;EQUINO SERVICIO....;202804;7;1250.0;1258.0;7;CASCARA ARROZ
29787;19/8/2026;14:06:46;7992.0;00:54:43;23;Pucheta Javier;1;53;41-001;EQUINO DEPORTIVO (4.5%A.A.)*;202825;7;336.0;357.0;7;CASCARA ARROZ
29788;19/8/2026;15:11:13;5000.0;01:15:17;24;Barca, Fabian;1;1151;03-024;VACA LECHERA 16..... .;202831;7;275.0;272.0;7;CASCARA ARROZ
29789;19/8/2026;16:28:34;10000.0;01:57:11;24;Barca, Fabian;1;748;26-026;FIBROMIXER RECRIA 16%A.A.( Girasol Comun);202843;7;1510.0;1480.0;7;CASCARA ARROZ
29791;19/8/2026;18:29:17;30000.0;04:58:39;24;Barca, Fabian;1;1254;09-141;CRE. MELAZA 10% A.A. (Los Roanos);202857;7;1500.0;1510.0;7;CASCARA ARROZ
29792;19/8/2026;23:31:09;28000.0;03:59:30;7;Aranda Marcelo Edgardo;0;1259;09-142;CREC. MELAZA 12 % A.A...;202870;7;1120.0;1133.0;7;CASCARA ARROZ
29780;19/8/2026;01:42:29;8000.0;01:11:28;7;Aranda Marcelo Edgardo;0;463;08-032;INICIADOR MELAZA (10%A.A.);202767;8;800.0;786.9;8;AFRECHO ARROZ
29781;19/8/2026;03:02:55;32000.0;01:32:35;7;Aranda Marcelo Edgardo;0;1259;09-142;CREC. MELAZA 12 % A.A...;202773;8;400.0;403.4;8;AFRECHO ARROZ
29782;19/8/2026;04:35:47;24000.0;03:43:39;7;Aranda Marcelo Edgardo;0;1259;09-142;CREC. MELAZA 12 % A.A...;202787;8;1200.0;1180.6;8;AFRECHO ARROZ
29783;19/8/2026;08:29:00;24975.0;03:58:31;23;Pucheta Javier;1;984;40-017;EQUINO SERVICIO....;202799;8;1250.0;1250.9;8;AFRECHO ARROZ
29784;19/8/2026;12:37:33;1000.0;00:07:59;23;Pucheta Javier;1;1067;TPO3;TERMINADOR PORCINO AP.;202809;8;100.0;107.5;8;AFRECHO ARROZ
29787;19/8/2026;14:06:46;7992.0;00:54:43;23;Pucheta Javier;1;53;41-001;EQUINO DEPORTIVO (4.5%A.A.)*;202821;8;560.0;552.0;8;AFRECHO ARROZ
29789;19/8/2026;16:28:34;10000.0;01:57:11;24;Barca, Fabian;1;748;26-026;FIBROMIXER RECRIA 16%A.A.( Girasol Comun);202839;8;700.0;707.3;8;AFRECHO ARROZ
29791;19/8/2026;18:29:17;30000.0;04:58:39;24;Barca, Fabian;1;1254;09-141;CRE. MELAZA 10% A.A. (Los Roanos);202849;8;1800.0;1800.4;8;AFRECHO ARROZ
29792;19/8/2026;23:31:09;28000.0;03:59:30;7;Aranda Marcelo Edgardo;0;1259;09-142;CREC. MELAZA 12 % A.A...;202861;8;1960.0;1937.9;8;AFRECHO ARROZ
29780;19/8/2026;01:42:29;8000.0;01:11:28;7;Aranda Marcelo Edgardo;0;463;08-032;INICIADOR MELAZA (10%A.A.);202768;10;40.0;38.5;10;UREA
29781;19/8/2026;03:02:55;32000.0;01:32:35;7;Aranda Marcelo Edgardo;0;1259;09-142;CREC. MELAZA 12 % A.A...;202779;10;56.0;61.7;10;UREA
29782;19/8/2026;04:35:47;24000.0;03:43:39;7;Aranda Marcelo Edgardo;0;1259;09-142;CREC. MELAZA 12 % A.A...;202791;10;168.0;173.1;10;UREA
29789;19/8/2026;16:28:34;10000.0;01:57:11;24;Barca, Fabian;1;748;26-026;FIBROMIXER RECRIA 16%A.A.( Girasol Comun);202846;10;190.0;188.0;10;UREA
29791;19/8/2026;18:29:17;30000.0;04:58:39;24;Barca, Fabian;1;1254;09-141;CRE. MELAZA 10% A.A. (Los Roanos);202850;10;180.0;186.0;10;UREA
29792;19/8/2026;23:31:09;28000.0;03:59:30;7;Aranda Marcelo Edgardo;0;1259;09-142;CREC. MELAZA 12 % A.A...;202866;10;196.0;190.6;10;UREA
29780;19/8/2026;01:42:29;8000.0;01:11:28;7;Aranda Marcelo Edgardo;0;463;08-032;INICIADOR MELAZA (10%A.A.);202766;11;40.0;38.6;11;SAL
29781;19/8/2026;03:02:55;32000.0;01:32:35;7;Aranda Marcelo Edgardo;0;1259;09-142;CREC. MELAZA 12 % A.A...;202780;11;128.0;133.2;11;SAL
29782;19/8/2026;04:35:47;24000.0;03:43:39;7;Aranda Marcelo Edgardo;0;1259;09-142;CREC. MELAZA 12 % A.A...;202792;11;384.0;391.3;11;SAL
29783;19/8/2026;08:29:00;24975.0;03:58:31;23;Pucheta Javier;1;984;40-017;EQUINO SERVICIO....;202801;11;142.5;152.7;11;SAL
29787;19/8/2026;14:06:46;7992.0;00:54:43;23;Pucheta Javier;1;53;41-001;EQUINO DEPORTIVO (4.5%A.A.)*;202819;11;40.0;36.4;11;SAL
29788;19/8/2026;15:11:13;5000.0;01:15:17;24;Barca, Fabian;1;1151;03-024;VACA LECHERA 16..... .;202829;11;40.0;37.4;11;SAL
29789;19/8/2026;16:28:34;10000.0;01:57:11;24;Barca, Fabian;1;748;26-026;FIBROMIXER RECRIA 16%A.A.( Girasol Comun);202844;11;220.0;221.3;11;SAL
29791;19/8/2026;18:29:17;30000.0;04:58:39;24;Barca, Fabian;1;1254;09-141;CRE. MELAZA 10% A.A. (Los Roanos);202851;11;480.0;479.9;11;SAL
29792;19/8/2026;23:31:09;28000.0;03:59:30;7;Aranda Marcelo Edgardo;0;1259;09-142;CREC. MELAZA 12 % A.A...;202867;11;448.0;448.6;11;SAL
29778;19/8/2026;01:09:03;2002.0;00:16:42;7;Aranda Marcelo Edgardo;0;1293;FC824;CERDAS GESTACION  (Sanchez) ;202760;19;360.0;370.0;19;EXP SOJA
29779;19/8/2026;01:28:01;2000.0;00:10:22;7;Aranda Marcelo Edgardo;0;1281;FC426;INICIADOR CERDOS SANCHEZ MAG 100;202763;19;600.0;599.0;19;EXP SOJA
29780;19/8/2026;01:42:29;8000.0;01:11:28;7;Aranda Marcelo Edgardo;0;463;08-032;INICIADOR MELAZA (10%A.A.);202771;19;1040.0;1048.0;19;EXP SOJA
29781;19/8/2026;03:02:55;32000.0;01:32:35;7;Aranda Marcelo Edgardo;0;1259;09-142;CREC. MELAZA 12 % A.A...;202782;19;240.0;253.0;19;EXP SOJA
29782;19/8/2026;04:35:47;24000.0;03:43:39;7;Aranda Marcelo Edgardo;0;1259;09-142;CREC. MELAZA 12 % A.A...;202794;19;720.0;776.0;19;EXP SOJA
29783;19/8/2026;08:29:00;24975.0;03:58:31;23;Pucheta Javier;1;984;40-017;EQUINO SERVICIO....;202805;19;1250.0;1269.0;19;EXP SOJA
29784;19/8/2026;12:37:33;1000.0;00:07:59;23;Pucheta Javier;1;1067;TPO3;TERMINADOR PORCINO AP.;202812;19;220.0;218.0;19;EXP SOJA
29785;19/8/2026;13:08:20;3000.0;00:26:55;23;Pucheta Javier;1;1295;FC639;DESARROLLO (Dodorico);202815;19;942.0;944.0;19;EXP SOJA
29786;19/8/2026;13:40:21;3000.0;00:21:40;23;Pucheta Javier;1;1296;FC727;TERMINACION 1 (Dodorico);202818;19;720.0;727.0;19;EXP SOJA
29787;19/8/2026;14:06:46;7992.0;00:54:43;23;Pucheta Javier;1;53;41-001;EQUINO DEPORTIVO (4.5%A.A.)*;202827;19;840.0;850.0;19;EXP SOJA
29788;19/8/2026;15:11:13;5000.0;01:15:17;24;Barca, Fabian;1;1151;03-024;VACA LECHERA 16..... .;202835;19;450.0;453.0;19;EXP SOJA
29789;19/8/2026;16:28:34;10000.0;01:57:11;24;Barca, Fabian;1;748;26-026;FIBROMIXER RECRIA 16%A.A.( Girasol Comun);202842;19;500.0;521.0;19;EXP SOJA
29791;19/8/2026;18:29:17;30000.0;04:58:39;24;Barca, Fabian;1;1254;09-141;CRE. MELAZA 10% A.A. (Los Roanos);202859;19;1800.0;1820.0;19;EXP SOJA
29792;19/8/2026;23:31:09;28000.0;03:59:30;7;Aranda Marcelo Edgardo;0;1259;09-142;CREC. MELAZA 12 % A.A...;202869;19;840.0;864.0;19;EXP SOJA
29781;19/8/2026;03:02:55;32000.0;01:32:35;7;Aranda Marcelo Edgardo;0;1259;09-142;CREC. MELAZA 12 % A.A...;202783;34;400.0;406.0;34;REPROCESO 
29782;19/8/2026;04:35:47;24000.0;03:43:39;7;Aranda Marcelo Edgardo;0;1259;09-142;CREC. MELAZA 12 % A.A...;202795;34;1200.0;1230.0;34;REPROCESO 
29788;19/8/2026;15:11:13;5000.0;01:15:17;24;Barca, Fabian;1;1151;03-024;VACA LECHERA 16..... .;202828;47;120.0;122.9;47;CONCHILLA
29782;19/8/2026;04:35:47;24000.0;03:43:39;7;Aranda Marcelo Edgardo;0;1259;09-142;CREC. MELAZA 12 % A.A...;202797;73;1440.0;1494.0;73;PELLET CASCARA DE SOJA
29783;19/8/2026;08:29:00;24975.0;03:58:31;23;Pucheta Javier;1;984;40-017;EQUINO SERVICIO....;202807;73;1250.0;1258.0;73;PELLET CASCARA DE SOJA
29788;19/8/2026;15:11:13;5000.0;01:15:17;24;Barca, Fabian;1;1151;03-024;VACA LECHERA 16..... .;202836;73;150.0;155.0;73;PELLET CASCARA DE SOJA
29791;19/8/2026;18:29:17;30000.0;04:58:39;24;Barca, Fabian;1;1254;09-141;CRE. MELAZA 10% A.A. (Los Roanos);202858;73;1500.0;1512.0;73;PELLET CASCARA DE SOJA
29792;19/8/2026;23:31:09;28000.0;03:59:30;7;Aranda Marcelo Edgardo;0;1259;09-142;CREC. MELAZA 12 % A.A...;202871;73;1400.0;1399.0;73;PELLET CASCARA DE SOJA
29781;19/8/2026;03:02:55;32000.0;01:32:35;7;Aranda Marcelo Edgardo;0;1259;09-142;CREC. MELAZA 12 % A.A...;202775;84;240.0;241.5;84;BENTONITA
29782;19/8/2026;04:35:47;24000.0;03:43:39;7;Aranda Marcelo Edgardo;0;1259;09-142;CREC. MELAZA 12 % A.A...;202786;84;720.0;725.3;84;BENTONITA
29791;19/8/2026;18:29:17;30000.0;04:58:39;24;Barca, Fabian;1;1254;09-141;CRE. MELAZA 10% A.A. (Los Roanos);202854;84;900.0;901.6;84;BENTONITA
29792;19/8/2026;23:31:09;28000.0;03:59:30;7;Aranda Marcelo Edgardo;0;1259;09-142;CREC. MELAZA 12 % A.A...;202862;84;840.0;847.6;84;BENTONITA
29789;19/8/2026;16:28:34;10000.0;01:57:11;24;Barca, Fabian;1;748;26-026;FIBROMIXER RECRIA 16%A.A.( Girasol Comun);202847;121;240.0;237.2;121;BIONUCLEO BOVINO 1%
29783;19/8/2026;08:29:00;24975.0;03:58:31;23;Pucheta Javier;1;984;40-017;EQUINO SERVICIO....;202808;137;4250.0;4277.0;137;AFRECHILLO DE TRIGO 
29789;19/8/2026;16:28:34;10000.0;01:57:11;24;Barca, Fabian;1;748;26-026;FIBROMIXER RECRIA 16%A.A.( Girasol Comun);202845;137;1500.0;1514.0;137;AFRECHILLO DE TRIGO 
29777;19/8/2026;00:37:13;270.0;00:02:11;7;Aranda Marcelo Edgardo;0;139;Limpieza;LIMPIEZA CIRCUITO;202755;154;20.0;19.4;154;CARBONATO DE CALCIO
29780;19/8/2026;01:42:29;8000.0;01:11:28;7;Aranda Marcelo Edgardo;0;463;08-032;INICIADOR MELAZA (10%A.A.);202764;154;80.0;80.6;154;CARBONATO DE CALCIO
29781;19/8/2026;03:02:55;32000.0;01:32:35;7;Aranda Marcelo Edgardo;0;1259;09-142;CREC. MELAZA 12 % A.A...;202778;154;184.0;188.1;154;CARBONATO DE CALCIO
29782;19/8/2026;04:35:47;24000.0;03:43:39;7;Aranda Marcelo Edgardo;0;1259;09-142;CREC. MELAZA 12 % A.A...;202788;154;552.0;557.3;154;CARBONATO DE CALCIO
29783;19/8/2026;08:29:00;24975.0;03:58:31;23;Pucheta Javier;1;984;40-017;EQUINO SERVICIO....;202798;154;575.0;581.6;154;CARBONATO DE CALCIO
29787;19/8/2026;14:06:46;7992.0;00:54:43;23;Pucheta Javier;1;53;41-001;EQUINO DEPORTIVO (4.5%A.A.)*;202822;154;213.6;207.2;154;CARBONATO DE CALCIO
29789;19/8/2026;16:28:34;10000.0;01:57:11;24;Barca, Fabian;1;748;26-026;FIBROMIXER RECRIA 16%A.A.( Girasol Comun);202837;154;320.0;322.0;154;CARBONATO DE CALCIO
29791;19/8/2026;18:29:17;30000.0;04:58:39;24;Barca, Fabian;1;1254;09-141;CRE. MELAZA 10% A.A. (Los Roanos);202848;154;390.0;401.1;154;CARBONATO DE CALCIO
29792;19/8/2026;23:31:09;28000.0;03:59:30;7;Aranda Marcelo Edgardo;0;1259;09-142;CREC. MELAZA 12 % A.A...;202864;154;644.0;658.3;154;CARBONATO DE CALCIO
29784;19/8/2026;12:37:33;1000.0;00:07:59;23;Pucheta Javier;1;1067;TPO3;TERMINADOR PORCINO AP.;202810;190;20.0;24.4;190;MAXIMIX CERDOS CREC. Y TERM.
29785;19/8/2026;13:08:20;3000.0;00:26:55;23;Pucheta Javier;1;1295;FC639;DESARROLLO (Dodorico);202813;190;90.0;89.8;190;MAXIMIX CERDOS CREC. Y TERM.
29786;19/8/2026;13:40:21;3000.0;00:21:40;23;Pucheta Javier;1;1296;FC727;TERMINACION 1 (Dodorico);202816;190;75.0;76.9;190;MAXIMIX CERDOS CREC. Y TERM.
29783;19/8/2026;08:29:00;24975.0;03:58:31;23;Pucheta Javier;1;984;40-017;EQUINO SERVICIO....;202800;205;100.0;100.3;205;APSAMIX PX EQUINO
29787;19/8/2026;14:06:46;7992.0;00:54:43;23;Pucheta Javier;1;53;41-001;EQUINO DEPORTIVO (4.5%A.A.)*;202820;205;40.0;40.05;205;APSAMIX PX EQUINO
29778;19/8/2026;01:09:03;2002.0;00:16:42;7;Aranda Marcelo Edgardo;0;1293;FC824;CERDAS GESTACION  (Sanchez) ;202757;248;100.0;100.7;248;MAGNUM VITAL GESTACION 5%
29780;19/8/2026;01:42:29;8000.0;01:11:28;7;Aranda Marcelo Edgardo;0;463;08-032;INICIADOR MELAZA (10%A.A.);202765;263;24.0;23.55;263;SUPLEFEED23
29781;19/8/2026;03:02:55;32000.0;01:32:35;7;Aranda Marcelo Edgardo;0;1259;09-142;CREC. MELAZA 12 % A.A...;202774;263;24.0;25.1;263;SUPLEFEED23
29782;19/8/2026;04:35:47;24000.0;03:43:39;7;Aranda Marcelo Edgardo;0;1259;09-142;CREC. MELAZA 12 % A.A...;202785;263;72.0;73.3;263;SUPLEFEED23
29788;19/8/2026;15:11:13;5000.0;01:15:17;24;Barca, Fabian;1;1151;03-024;VACA LECHERA 16..... .;202833;263;10.0;10.3;263;SUPLEFEED23
29791;19/8/2026;18:29:17;30000.0;04:58:39;24;Barca, Fabian;1;1254;09-141;CRE. MELAZA 10% A.A. (Los Roanos);202855;263;90.0;92.45;263;SUPLEFEED23
29792;19/8/2026;23:31:09;28000.0;03:59:30;7;Aranda Marcelo Edgardo;0;1259;09-142;CREC. MELAZA 12 % A.A...;202860;263;84.0;84.9;263;SUPLEFEED23
29783;19/8/2026;08:29:00;24975.0;03:58:31;23;Pucheta Javier;1;984;40-017;EQUINO SERVICIO....;202803;265;7.5;7.5;265;NUTRAGEN
29787;19/8/2026;14:06:46;7992.0;00:54:43;23;Pucheta Javier;1;53;41-001;EQUINO DEPORTIVO (4.5%A.A.)*;202824;265;2.4;2.4;265;NUTRAGEN
29781;19/8/2026;03:02:55;32000.0;01:32:35;7;Aranda Marcelo Edgardo;0;1259;09-142;CREC. MELAZA 12 % A.A...;202777;281;64.0;64.35;281;NITROPEC
29782;19/8/2026;04:35:47;24000.0;03:43:39;7;Aranda Marcelo Edgardo;0;1259;09-142;CREC. MELAZA 12 % A.A...;202789;281;192.0;191.35;281;NITROPEC
29788;19/8/2026;15:11:13;5000.0;01:15:17;24;Barca, Fabian;1;1151;03-024;VACA LECHERA 16..... .;202832;281;40.0;39.6;281;NITROPEC
29789;19/8/2026;16:28:34;10000.0;01:57:11;24;Barca, Fabian;1;748;26-026;FIBROMIXER RECRIA 16%A.A.( Girasol Comun);202840;281;80.0;80.35;281;NITROPEC
29791;19/8/2026;18:29:17;30000.0;04:58:39;24;Barca, Fabian;1;1254;09-141;CRE. MELAZA 10% A.A. (Los Roanos);202853;281;180.0;181.1;281;NITROPEC
29792;19/8/2026;23:31:09;28000.0;03:59:30;7;Aranda Marcelo Edgardo;0;1259;09-142;CREC. MELAZA 12 % A.A...;202863;281;224.0;224.05;281;NITROPEC
29779;19/8/2026;01:28:01;2000.0;00:10:22;7;Aranda Marcelo Edgardo;0;1281;FC426;INICIADOR CERDOS SANCHEZ MAG 100;202762;293;200.0;200.8;293;MAGNUM 100
29778;19/8/2026;01:09:03;2002.0;00:16:42;7;Aranda Marcelo Edgardo;0;1293;FC824;CERDAS GESTACION  (Sanchez) ;202759;317;2.0;2.0;317;SECUESTRANTE SANCHEZ
29793;20/8/2026;03:35:03;40000.0;04:03:19;7;Aranda Marcelo Edgardo;0;1259;09-142;CREC. MELAZA 12 % A.A...;202880;2;10075.0;10111.0;2;PELLET AFRECHILLO DE TRIGO
29794;20/8/2026;07:42:29;15000.0;01:06:58;23;Pucheta Javier;1;1259;09-142;CREC. MELAZA 12 % A.A...;202891;2;2277.0;2286.0;2;PELLET AFRECHILLO DE TRIGO
29795;20/8/2026;08:50:00;6000.0;00:55:03;23;Pucheta Javier;1;1259;09-142;CREC. MELAZA 12 % A.A...;202905;2;1518.0;1521.0;2;PELLET AFRECHILLO DE TRIGO
29796;20/8/2026;09:50:03;22000.0;03:03:15;23;Pucheta Javier;1;1120;05-113;RECRIA 16  AL 15%  A.A....;202918;2;5566.0;5586.0;2;PELLET AFRECHILLO DE TRIGO
29797;20/8/2026;12:57:36;2000.0;01:33:10;23;Pucheta Javier;1;1209;FP0042;CABAÑA PRESENTACIÓN (LA MALVINA);202926;2;500.0;493.0;2;PELLET AFRECHILLO DE TRIGO
29798;20/8/2026;14:36:34;14985.0;02:29:36;24;Barca, Fabian;1;1044;07-050;DESTETE PRECOZ MELAZA  12% A.A..;202937;2;6645.0;6677.0;2;PELLET AFRECHILLO DE TRIGO
29799;20/8/2026;17:25:44;32000.0;04:34:52;24;Barca, Fabian;1;1290;FP0041;TERNERO DESTETE  COMAGRO;202940;2;8960.0;9001.0;2;PELLET AFRECHILLO DE TRIGO
29800;20/8/2026;22:07:02;10000.0;01:00:19;24;Barca, Fabian;1;748;26-026;FIBROMIXER RECRIA 16%A.A.( Girasol Comun);202946;2;1176.0;1198.0;2;PELLET AFRECHILLO DE TRIGO
29801;20/8/2026;23:10:10;7000.0;00:49:40;7;Aranda Marcelo Edgardo;0;748;26-026;FIBROMIXER RECRIA 16%A.A.( Girasol Comun);202958;2;3794.0;3798.0;2;PELLET AFRECHILLO DE TRIGO
29793;20/8/2026;03:35:03;40000.0;04:03:19;7;Aranda Marcelo Edgardo;0;1259;09-142;CREC. MELAZA 12 % A.A...;202877;5;8000.0;8007.0;5;MAIZ
29794;20/8/2026;07:42:29;15000.0;01:06:58;23;Pucheta Javier;1;1259;09-142;CREC. MELAZA 12 % A.A...;202888;5;2880.0;2897.0;5;MAIZ
29795;20/8/2026;08:50:00;6000.0;00:55:03;23;Pucheta Javier;1;1259;09-142;CREC. MELAZA 12 % A.A...;202902;5;1920.0;1909.0;5;MAIZ
29796;20/8/2026;09:50:03;22000.0;03:03:15;23;Pucheta Javier;1;1120;05-113;RECRIA 16  AL 15%  A.A....;202915;5;7040.0;7085.0;5;MAIZ
29797;20/8/2026;12:57:36;2000.0;01:33:10;23;Pucheta Javier;1;1209;FP0042;CABAÑA PRESENTACIÓN (LA MALVINA);202923;5;1236.0;1244.0;5;MAIZ
29798;20/8/2026;14:36:34;14985.0;02:29:36;24;Barca, Fabian;1;1044;07-050;DESTETE PRECOZ MELAZA  12% A.A..;202929;5;3885.0;3868.0;5;MAIZ
29799;20/8/2026;17:25:44;32000.0;04:34:52;24;Barca, Fabian;1;1290;FP0041;TERNERO DESTETE  COMAGRO;202939;5;10880.0;10958.0;5;MAIZ
29800;20/8/2026;22:07:02;10000.0;01:00:19;24;Barca, Fabian;1;748;26-026;FIBROMIXER RECRIA 16%A.A.( Girasol Comun);202943;5;246.0;256.0;5;MAIZ
29801;20/8/2026;23:10:10;7000.0;00:49:40;7;Aranda Marcelo Edgardo;0;748;26-026;FIBROMIXER RECRIA 16%A.A.( Girasol Comun);202954;5;581.0;594.0;5;MAIZ
29793;20/8/2026;03:35:03;40000.0;04:03:19;7;Aranda Marcelo Edgardo;0;1259;09-142;CREC. MELAZA 12 % A.A...;202882;7;1000.0;996.0;7;CASCARA ARROZ
29794;20/8/2026;07:42:29;15000.0;01:06:58;23;Pucheta Javier;1;1259;09-142;CREC. MELAZA 12 % A.A...;202895;7;320.0;308.0;7;CASCARA ARROZ
29795;20/8/2026;08:50:00;6000.0;00:55:03;23;Pucheta Javier;1;1259;09-142;CREC. MELAZA 12 % A.A...;202908;7;240.0;255.0;7;CASCARA ARROZ
29796;20/8/2026;09:50:03;22000.0;03:03:15;23;Pucheta Javier;1;1120;05-113;RECRIA 16  AL 15%  A.A....;202920;7;880.0;901.0;7;CASCARA ARROZ
29798;20/8/2026;14:36:34;14985.0;02:29:36;24;Barca, Fabian;1;1044;07-050;DESTETE PRECOZ MELAZA  12% A.A..;202932;7;750.0;763.0;7;CASCARA ARROZ
29800;20/8/2026;22:07:02;10000.0;01:00:19;24;Barca, Fabian;1;748;26-026;FIBROMIXER RECRIA 16%A.A.( Girasol Comun);202949;7;453.0;458.0;7;CASCARA ARROZ
29801;20/8/2026;23:10:10;7000.0;00:49:40;7;Aranda Marcelo Edgardo;0;748;26-026;FIBROMIXER RECRIA 16%A.A.( Girasol Comun);202961;7;350.0;342.0;7;CASCARA ARROZ
29793;20/8/2026;03:35:03;40000.0;04:03:19;7;Aranda Marcelo Edgardo;0;1259;09-142;CREC. MELAZA 12 % A.A...;202873;8;1750.0;1758.7;8;AFRECHO ARROZ
29794;20/8/2026;07:42:29;15000.0;01:06:58;23;Pucheta Javier;1;1259;09-142;CREC. MELAZA 12 % A.A...;202885;8;450.0;467.9;8;AFRECHO ARROZ
29795;20/8/2026;08:50:00;6000.0;00:55:03;23;Pucheta Javier;1;1259;09-142;CREC. MELAZA 12 % A.A...;202898;8;300.0;293.1;8;AFRECHO ARROZ
29796;20/8/2026;09:50:03;22000.0;03:03:15;23;Pucheta Javier;1;1120;05-113;RECRIA 16  AL 15%  A.A....;202911;8;1100.0;1076.2;8;AFRECHO ARROZ
29798;20/8/2026;14:36:34;14985.0;02:29:36;24;Barca, Fabian;1;1044;07-050;DESTETE PRECOZ MELAZA  12% A.A..;202928;8;750.0;793.1;8;AFRECHO ARROZ
29800;20/8/2026;22:07:02;10000.0;01:00:19;24;Barca, Fabian;1;748;26-026;FIBROMIXER RECRIA 16%A.A.( Girasol Comun);202944;8;210.0;226.6;8;AFRECHO ARROZ
29801;20/8/2026;23:10:10;7000.0;00:49:40;7;Aranda Marcelo Edgardo;0;748;26-026;FIBROMIXER RECRIA 16%A.A.( Girasol Comun);202955;8;490.0;495.8;8;AFRECHO ARROZ
29793;20/8/2026;03:35:03;40000.0;04:03:19;7;Aranda Marcelo Edgardo;0;1259;09-142;CREC. MELAZA 12 % A.A...;202878;10;175.0;181.9;10;UREA
29794;20/8/2026;07:42:29;15000.0;01:06:58;23;Pucheta Javier;1;1259;09-142;CREC. MELAZA 12 % A.A...;202890;10;63.0;65.5;10;UREA
29795;20/8/2026;08:50:00;6000.0;00:55:03;23;Pucheta Javier;1;1259;09-142;CREC. MELAZA 12 % A.A...;202903;10;42.0;43.5;10;UREA
29796;20/8/2026;09:50:03;22000.0;03:03:15;23;Pucheta Javier;1;1120;05-113;RECRIA 16  AL 15%  A.A....;202916;10;154.0;162.2;10;UREA
29797;20/8/2026;12:57:36;2000.0;01:33:10;23;Pucheta Javier;1;1209;FP0042;CABAÑA PRESENTACIÓN (LA MALVINA);202925;10;14.0;9.3;10;UREA
29798;20/8/2026;14:36:34;14985.0;02:29:36;24;Barca, Fabian;1;1044;07-050;DESTETE PRECOZ MELAZA  12% A.A..;202936;10;45.0;46.3;10;UREA
29800;20/8/2026;22:07:02;10000.0;01:00:19;24;Barca, Fabian;1;748;26-026;FIBROMIXER RECRIA 16%A.A.( Girasol Comun);202950;10;57.0;61.6;10;UREA
29801;20/8/2026;23:10:10;7000.0;00:49:40;7;Aranda Marcelo Edgardo;0;748;26-026;FIBROMIXER RECRIA 16%A.A.( Girasol Comun);202960;10;133.0;136.1;10;UREA
29793;20/8/2026;03:35:03;40000.0;04:03:19;7;Aranda Marcelo Edgardo;0;1259;09-142;CREC. MELAZA 12 % A.A...;202879;11;400.0;414.7;11;SAL
29794;20/8/2026;07:42:29;15000.0;01:06:58;23;Pucheta Javier;1;1259;09-142;CREC. MELAZA 12 % A.A...;202892;11;128.0;128.5;11;SAL
29795;20/8/2026;08:50:00;6000.0;00:55:03;23;Pucheta Javier;1;1259;09-142;CREC. MELAZA 12 % A.A...;202904;11;96.0;93.5;11;SAL
29796;20/8/2026;09:50:03;22000.0;03:03:15;23;Pucheta Javier;1;1120;05-113;RECRIA 16  AL 15%  A.A....;202913;11;352.0;346.6;11;SAL
29798;20/8/2026;14:36:34;14985.0;02:29:36;24;Barca, Fabian;1;1044;07-050;DESTETE PRECOZ MELAZA  12% A.A..;202934;11;90.0;93.3;11;SAL
29800;20/8/2026;22:07:02;10000.0;01:00:19;24;Barca, Fabian;1;748;26-026;FIBROMIXER RECRIA 16%A.A.( Girasol Comun);202947;11;66.0;70.5;11;SAL
29801;20/8/2026;23:10:10;7000.0;00:49:40;7;Aranda Marcelo Edgardo;0;748;26-026;FIBROMIXER RECRIA 16%A.A.( Girasol Comun);202957;11;154.0;155.2;11;SAL
29793;20/8/2026;03:35:03;40000.0;04:03:19;7;Aranda Marcelo Edgardo;0;1259;09-142;CREC. MELAZA 12 % A.A...;202881;19;750.0;774.0;19;EXP SOJA
29794;20/8/2026;07:42:29;15000.0;01:06:58;23;Pucheta Javier;1;1259;09-142;CREC. MELAZA 12 % A.A...;202893;19;270.0;276.0;19;EXP SOJA
29795;20/8/2026;08:50:00;6000.0;00:55:03;23;Pucheta Javier;1;1259;09-142;CREC. MELAZA 12 % A.A...;202906;19;180.0;189.0;19;EXP SOJA
29796;20/8/2026;09:50:03;22000.0;03:03:15;23;Pucheta Javier;1;1120;05-113;RECRIA 16  AL 15%  A.A....;202921;19;660.0;677.0;19;EXP SOJA
29797;20/8/2026;12:57:36;2000.0;01:33:10;23;Pucheta Javier;1;1209;FP0042;CABAÑA PRESENTACIÓN (LA MALVINA);202927;19;180.0;184.0;19;EXP SOJA
29798;20/8/2026;14:36:34;14985.0;02:29:36;24;Barca, Fabian;1;1044;07-050;DESTETE PRECOZ MELAZA  12% A.A..;202931;19;2475.0;2501.0;19;EXP SOJA
29799;20/8/2026;17:25:44;32000.0;04:34:52;24;Barca, Fabian;1;1290;FP0041;TERNERO DESTETE  COMAGRO;202941;19;11040.0;11102.0;19;EXP SOJA
29800;20/8/2026;22:07:02;10000.0;01:00:19;24;Barca, Fabian;1;748;26-026;FIBROMIXER RECRIA 16%A.A.( Girasol Comun);202948;19;150.0;151.0;19;EXP SOJA
29801;20/8/2026;23:10:10;7000.0;00:49:40;7;Aranda Marcelo Edgardo;0;748;26-026;FIBROMIXER RECRIA 16%A.A.( Girasol Comun);202959;19;350.0;388.0;19;EXP SOJA
29793;20/8/2026;03:35:03;40000.0;04:03:19;7;Aranda Marcelo Edgardo;0;1259;09-142;CREC. MELAZA 12 % A.A...;202883;73;1250.0;1254.0;73;PELLET CASCARA DE SOJA
29794;20/8/2026;07:42:29;15000.0;01:06:58;23;Pucheta Javier;1;1259;09-142;CREC. MELAZA 12 % A.A...;202896;73;560.0;565.0;73;PELLET CASCARA DE SOJA
29795;20/8/2026;08:50:00;6000.0;00:55:03;23;Pucheta Javier;1;1259;09-142;CREC. MELAZA 12 % A.A...;202909;73;420.0;423.0;73;PELLET CASCARA DE SOJA
29796;20/8/2026;09:50:03;22000.0;03:03:15;23;Pucheta Javier;1;1120;05-113;RECRIA 16  AL 15%  A.A....;202922;73;1540.0;1571.0;73;PELLET CASCARA DE SOJA
29801;20/8/2026;23:10:10;7000.0;00:49:40;7;Aranda Marcelo Edgardo;0;748;26-026;FIBROMIXER RECRIA 16%A.A.( Girasol Comun);202962;73;700.0;702.0;73;PELLET CASCARA DE SOJA
29793;20/8/2026;03:35:03;40000.0;04:03:19;7;Aranda Marcelo Edgardo;0;1259;09-142;CREC. MELAZA 12 % A.A...;202874;84;750.0;750.8;84;BENTONITA
29794;20/8/2026;07:42:29;15000.0;01:06:58;23;Pucheta Javier;1;1259;09-142;CREC. MELAZA 12 % A.A...;202886;84;270.0;273.3;84;BENTONITA
29795;20/8/2026;08:50:00;6000.0;00:55:03;23;Pucheta Javier;1;1259;09-142;CREC. MELAZA 12 % A.A...;202899;84;180.0;180.2;84;BENTONITA
29796;20/8/2026;09:50:03;22000.0;03:03:15;23;Pucheta Javier;1;1120;05-113;RECRIA 16  AL 15%  A.A....;202917;84;660.0;659.7;84;BENTONITA
29798;20/8/2026;14:36:34;14985.0;02:29:36;24;Barca, Fabian;1;1044;07-050;DESTETE PRECOZ MELAZA  12% A.A..;202933;121;150.0;150.3;121;BIONUCLEO BOVINO 1%
29800;20/8/2026;22:07:02;10000.0;01:00:19;24;Barca, Fabian;1;748;26-026;FIBROMIXER RECRIA 16%A.A.( Girasol Comun);202952;121;72.0;73.7;121;BIONUCLEO BOVINO 1%
29801;20/8/2026;23:10:10;7000.0;00:49:40;7;Aranda Marcelo Edgardo;0;748;26-026;FIBROMIXER RECRIA 16%A.A.( Girasol Comun);202963;121;168.0;174.7;121;BIONUCLEO BOVINO 1%
29794;20/8/2026;07:42:29;15000.0;01:06:58;23;Pucheta Javier;1;1259;09-142;CREC. MELAZA 12 % A.A...;202894;137;1200.0;1200.0;137;AFRECHILLO DE TRIGO 
29795;20/8/2026;08:50:00;6000.0;00:55:03;23;Pucheta Javier;1;1259;09-142;CREC. MELAZA 12 % A.A...;202907;137;900.0;912.0;137;AFRECHILLO DE TRIGO 
29796;20/8/2026;09:50:03;22000.0;03:03:15;23;Pucheta Javier;1;1120;05-113;RECRIA 16  AL 15%  A.A....;202919;137;3300.0;3295.0;137;AFRECHILLO DE TRIGO 
29800;20/8/2026;22:07:02;10000.0;01:00:19;24;Barca, Fabian;1;748;26-026;FIBROMIXER RECRIA 16%A.A.( Girasol Comun);202951;137;450.0;469.0;137;AFRECHILLO DE TRIGO 
29793;20/8/2026;03:35:03;40000.0;04:03:19;7;Aranda Marcelo Edgardo;0;1259;09-142;CREC. MELAZA 12 % A.A...;202875;154;575.0;578.6;154;CARBONATO DE CALCIO
29794;20/8/2026;07:42:29;15000.0;01:06:58;23;Pucheta Javier;1;1259;09-142;CREC. MELAZA 12 % A.A...;202889;154;207.0;206.3;154;CARBONATO DE CALCIO
29795;20/8/2026;08:50:00;6000.0;00:55:03;23;Pucheta Javier;1;1259;09-142;CREC. MELAZA 12 % A.A...;202900;154;138.0;134.1;154;CARBONATO DE CALCIO
29796;20/8/2026;09:50:03;22000.0;03:03:15;23;Pucheta Javier;1;1120;05-113;RECRIA 16  AL 15%  A.A....;202910;154;506.0;518.7;154;CARBONATO DE CALCIO
29798;20/8/2026;14:36:34;14985.0;02:29:36;24;Barca, Fabian;1;1044;07-050;DESTETE PRECOZ MELAZA  12% A.A..;202935;154;205.5;212.0;154;CARBONATO DE CALCIO
29800;20/8/2026;22:07:02;10000.0;01:00:19;24;Barca, Fabian;1;748;26-026;FIBROMIXER RECRIA 16%A.A.( Girasol Comun);202942;154;96.0;102.1;154;CARBONATO DE CALCIO
29801;20/8/2026;23:10:10;7000.0;00:49:40;7;Aranda Marcelo Edgardo;0;748;26-026;FIBROMIXER RECRIA 16%A.A.( Girasol Comun);202953;154;224.0;232.3;154;CARBONATO DE CALCIO
29799;20/8/2026;17:25:44;32000.0;04:34:52;24;Barca, Fabian;1;1290;FP0041;TERNERO DESTETE  COMAGRO;202938;184;1120.0;1131.7;184;PREMIX TERNERO PROFEED
29797;20/8/2026;12:57:36;2000.0;01:33:10;23;Pucheta Javier;1;1209;FP0042;CABAÑA PRESENTACIÓN (LA MALVINA);202924;243;70.0;74.7;243;PREMIX PROFEED CABAÑA PRESENTACIÓN
29793;20/8/2026;03:35:03;40000.0;04:03:19;7;Aranda Marcelo Edgardo;0;1259;09-142;CREC. MELAZA 12 % A.A...;202872;263;75.0;76.15;263;SUPLEFEED23
29794;20/8/2026;07:42:29;15000.0;01:06:58;23;Pucheta Javier;1;1259;09-142;CREC. MELAZA 12 % A.A...;202884;263;27.0;27.0;263;SUPLEFEED23
29795;20/8/2026;08:50:00;6000.0;00:55:03;23;Pucheta Javier;1;1259;09-142;CREC. MELAZA 12 % A.A...;202897;263;18.0;17.55;263;SUPLEFEED23
29796;20/8/2026;09:50:03;22000.0;03:03:15;23;Pucheta Javier;1;1120;05-113;RECRIA 16  AL 15%  A.A....;202914;263;66.0;66.3;263;SUPLEFEED23
29798;20/8/2026;14:36:34;14985.0;02:29:36;24;Barca, Fabian;1;1044;07-050;DESTETE PRECOZ MELAZA  12% A.A..;202930;265;4.5;4.5;265;NUTRAGEN
29793;20/8/2026;03:35:03;40000.0;04:03:19;7;Aranda Marcelo Edgardo;0;1259;09-142;CREC. MELAZA 12 % A.A...;202876;281;200.0;198.6;281;NITROPEC
29794;20/8/2026;07:42:29;15000.0;01:06:58;23;Pucheta Javier;1;1259;09-142;CREC. MELAZA 12 % A.A...;202887;281;72.0;72.5;281;NITROPEC
29795;20/8/2026;08:50:00;6000.0;00:55:03;23;Pucheta Javier;1;1259;09-142;CREC. MELAZA 12 % A.A...;202901;281;48.0;48.05;281;NITROPEC
29796;20/8/2026;09:50:03;22000.0;03:03:15;23;Pucheta Javier;1;1120;05-113;RECRIA 16  AL 15%  A.A....;202912;281;176.0;176.8;281;NITROPEC
29800;20/8/2026;22:07:02;10000.0;01:00:19;24;Barca, Fabian;1;748;26-026;FIBROMIXER RECRIA 16%A.A.( Girasol Comun);202945;281;24.0;23.9;281;NITROPEC
29801;20/8/2026;23:10:10;7000.0;00:49:40;7;Aranda Marcelo Edgardo;0;748;26-026;FIBROMIXER RECRIA 16%A.A.( Girasol Comun);202956;281;56.0;55.5;281;NITROPEC
29802;21/8/2026;00:06:20;55000.0;11:36:50;7;Aranda Marcelo Edgardo;0;1259;09-142;CREC. MELAZA 12 % A.A...;202972;2;22165.0;22252.0;2;PELLET AFRECHILLO DE TRIGO
29803;21/8/2026;11:49:08;15000.0;00:22:20;23;Pucheta Javier;1;1042;10-031;TER MELAZA 12.8%AA...;202983;2;487.0;493.0;2;PELLET AFRECHILLO DE TRIGO
29804;21/8/2026;12:12:05;14000.0;02:09:02;23;Pucheta Javier;1;1042;10-031;TER MELAZA 12.8%AA...;202993;2;6818.0;6836.0;2;PELLET AFRECHILLO DE TRIGO
29805;21/8/2026;14:25:33;2000.0;00:48:59;23;Pucheta Javier;1;773;25-031;FIBROMIXER PASTOREO 16%A.A. (P Girasol Común);203000;2;912.0;898.0;2;PELLET AFRECHILLO DE TRIGO
29806;21/8/2026;15:16:54;11988.0;00:39:18;24;Barca, Fabian;1;984;40-017;EQUINO SERVICIO....;203009;2;960.0;972.0;2;PELLET AFRECHILLO DE TRIGO
29807;21/8/2026;15:56:49;8991.0;01:35:30;24;Barca, Fabian;1;984;40-017;EQUINO SERVICIO....;203021;2;3330.0;3354.0;2;PELLET AFRECHILLO DE TRIGO
29808;21/8/2026;17:34:19;2997.0;01:02:25;24;Barca, Fabian;1;652;42-002;EQUINO POTRILLO AP EXPELLER SOJA;203031;2;1140.0;1148.0;2;PELLET AFRECHILLO DE TRIGO
29810;21/8/2026;18:45:36;20000.0;02:58:20;24;Barca, Fabian;1;1259;09-142;CREC. MELAZA 12 % A.A...;203043;2;6045.0;6071.0;2;PELLET AFRECHILLO DE TRIGO
29802;21/8/2026;00:06:20;55000.0;11:36:50;7;Aranda Marcelo Edgardo;0;1259;09-142;CREC. MELAZA 12 % A.A...;202969;5;17600.0;17639.0;5;MAIZ
29803;21/8/2026;11:49:08;15000.0;00:22:20;23;Pucheta Javier;1;1042;10-031;TER MELAZA 12.8%AA...;202980;5;285.0;282.0;5;MAIZ
29804;21/8/2026;12:12:05;14000.0;02:09:02;23;Pucheta Javier;1;1042;10-031;TER MELAZA 12.8%AA...;202990;5;3990.0;4008.0;5;MAIZ
29805;21/8/2026;14:25:33;2000.0;00:48:59;23;Pucheta Javier;1;773;25-031;FIBROMIXER PASTOREO 16%A.A. (P Girasol Común);202997;5;230.0;227.0;5;MAIZ
29806;21/8/2026;15:16:54;11988.0;00:39:18;24;Barca, Fabian;1;984;40-017;EQUINO SERVICIO....;203013;5;891.0;907.0;5;MAIZ
29807;21/8/2026;15:56:49;8991.0;01:35:30;24;Barca, Fabian;1;984;40-017;EQUINO SERVICIO....;203025;5;2673.0;2681.0;5;MAIZ
29808;21/8/2026;17:34:19;2997.0;01:02:25;24;Barca, Fabian;1;652;42-002;EQUINO POTRILLO AP EXPELLER SOJA;203034;5;933.0;943.0;5;MAIZ
29810;21/8/2026;18:45:36;20000.0;02:58:20;24;Barca, Fabian;1;1259;09-142;CREC. MELAZA 12 % A.A...;203040;5;4800.0;4815.0;5;MAIZ
29802;21/8/2026;00:06:20;55000.0;11:36:50;7;Aranda Marcelo Edgardo;0;1259;09-142;CREC. MELAZA 12 % A.A...;202974;7;2200.0;2235.0;7;CASCARA ARROZ
29803;21/8/2026;11:49:08;15000.0;00:22:20;23;Pucheta Javier;1;1042;10-031;TER MELAZA 12.8%AA...;202984;7;20.0;19.0;7;CASCARA ARROZ
29804;21/8/2026;12:12:05;14000.0;02:09:02;23;Pucheta Javier;1;1042;10-031;TER MELAZA 12.8%AA...;202994;7;280.0;287.0;7;CASCARA ARROZ
29805;21/8/2026;14:25:33;2000.0;00:48:59;23;Pucheta Javier;1;773;25-031;FIBROMIXER PASTOREO 16%A.A. (P Girasol Común);203001;7;180.0;195.0;7;CASCARA ARROZ
29806;21/8/2026;15:16:54;11988.0;00:39:18;24;Barca, Fabian;1;984;40-017;EQUINO SERVICIO....;203011;7;150.0;161.0;7;CASCARA ARROZ
29807;21/8/2026;15:56:49;8991.0;01:35:30;24;Barca, Fabian;1;984;40-017;EQUINO SERVICIO....;203023;7;450.0;460.0;7;CASCARA ARROZ
29808;21/8/2026;17:34:19;2997.0;01:02:25;24;Barca, Fabian;1;652;42-002;EQUINO POTRILLO AP EXPELLER SOJA;203033;7;90.0;94.0;7;CASCARA ARROZ
29810;21/8/2026;18:45:36;20000.0;02:58:20;24;Barca, Fabian;1;1259;09-142;CREC. MELAZA 12 % A.A...;203046;7;600.0;604.0;7;CASCARA ARROZ
29802;21/8/2026;00:06:20;55000.0;11:36:50;7;Aranda Marcelo Edgardo;0;1259;09-142;CREC. MELAZA 12 % A.A...;202965;8;2750.0;2792.0;8;AFRECHO ARROZ
29803;21/8/2026;11:49:08;15000.0;00:22:20;23;Pucheta Javier;1;1042;10-031;TER MELAZA 12.8%AA...;202978;8;50.0;47.7;8;AFRECHO ARROZ
29804;21/8/2026;12:12:05;14000.0;02:09:02;23;Pucheta Javier;1;1042;10-031;TER MELAZA 12.8%AA...;202988;8;700.0;707.1;8;AFRECHO ARROZ
29805;21/8/2026;14:25:33;2000.0;00:48:59;23;Pucheta Javier;1;773;25-031;FIBROMIXER PASTOREO 16%A.A. (P Girasol Común);202998;8;240.0;250.2;8;AFRECHO ARROZ
29806;21/8/2026;15:16:54;11988.0;00:39:18;24;Barca, Fabian;1;984;40-017;EQUINO SERVICIO....;203006;8;150.0;151.6;8;AFRECHO ARROZ
29807;21/8/2026;15:56:49;8991.0;01:35:30;24;Barca, Fabian;1;984;40-017;EQUINO SERVICIO....;203018;8;450.0;438.0;8;AFRECHO ARROZ
29810;21/8/2026;18:45:36;20000.0;02:58:20;24;Barca, Fabian;1;1259;09-142;CREC. MELAZA 12 % A.A...;203037;8;750.0;792.6;8;AFRECHO ARROZ
29802;21/8/2026;00:06:20;55000.0;11:36:50;7;Aranda Marcelo Edgardo;0;1259;09-142;CREC. MELAZA 12 % A.A...;202970;10;385.0;398.1;10;UREA
29803;21/8/2026;11:49:08;15000.0;00:22:20;23;Pucheta Javier;1;1042;10-031;TER MELAZA 12.8%AA...;202981;10;5.0;6.2;10;UREA
29804;21/8/2026;12:12:05;14000.0;02:09:02;23;Pucheta Javier;1;1042;10-031;TER MELAZA 12.8%AA...;202991;10;70.0;72.6;10;UREA
29805;21/8/2026;14:25:33;2000.0;00:48:59;23;Pucheta Javier;1;773;25-031;FIBROMIXER PASTOREO 16%A.A. (P Girasol Común);203003;10;38.0;37.6;10;UREA
29810;21/8/2026;18:45:36;20000.0;02:58:20;24;Barca, Fabian;1;1259;09-142;CREC. MELAZA 12 % A.A...;203042;10;105.0;113.6;10;UREA
29802;21/8/2026;00:06:20;55000.0;11:36:50;7;Aranda Marcelo Edgardo;0;1259;09-142;CREC. MELAZA 12 % A.A...;202971;11;880.0;886.6;11;SAL
29803;21/8/2026;11:49:08;15000.0;00:22:20;23;Pucheta Javier;1;1042;10-031;TER MELAZA 12.8%AA...;202979;11;13.0;13.9;11;SAL
29804;21/8/2026;12:12:05;14000.0;02:09:02;23;Pucheta Javier;1;1042;10-031;TER MELAZA 12.8%AA...;202989;11;182.0;181.4;11;SAL
29805;21/8/2026;14:25:33;2000.0;00:48:59;23;Pucheta Javier;1;773;25-031;FIBROMIXER PASTOREO 16%A.A. (P Girasol Común);202999;11;58.0;60.6;11;SAL
29806;21/8/2026;15:16:54;11988.0;00:39:18;24;Barca, Fabian;1;984;40-017;EQUINO SERVICIO....;203008;11;17.1;16.7;11;SAL
29807;21/8/2026;15:56:49;8991.0;01:35:30;24;Barca, Fabian;1;984;40-017;EQUINO SERVICIO....;203020;11;51.3;59.1;11;SAL
29808;21/8/2026;17:34:19;2997.0;01:02:25;24;Barca, Fabian;1;652;42-002;EQUINO POTRILLO AP EXPELLER SOJA;203028;11;24.0;25.3;11;SAL
29810;21/8/2026;18:45:36;20000.0;02:58:20;24;Barca, Fabian;1;1259;09-142;CREC. MELAZA 12 % A.A...;203044;11;240.0;241.2;11;SAL
29802;21/8/2026;00:06:20;55000.0;11:36:50;7;Aranda Marcelo Edgardo;0;1259;09-142;CREC. MELAZA 12 % A.A...;202973;19;1650.0;1688.0;19;EXP SOJA
29805;21/8/2026;14:25:33;2000.0;00:48:59;23;Pucheta Javier;1;773;25-031;FIBROMIXER PASTOREO 16%A.A. (P Girasol Común);203002;19;230.0;241.0;19;EXP SOJA
29806;21/8/2026;15:16:54;11988.0;00:39:18;24;Barca, Fabian;1;984;40-017;EQUINO SERVICIO....;203012;19;150.0;140.0;19;EXP SOJA
29807;21/8/2026;15:56:49;8991.0;01:35:30;24;Barca, Fabian;1;984;40-017;EQUINO SERVICIO....;203024;19;450.0;454.0;19;EXP SOJA
29808;21/8/2026;17:34:19;2997.0;01:02:25;24;Barca, Fabian;1;652;42-002;EQUINO POTRILLO AP EXPELLER SOJA;203035;19;720.0;723.0;19;EXP SOJA
29810;21/8/2026;18:45:36;20000.0;02:58:20;24;Barca, Fabian;1;1259;09-142;CREC. MELAZA 12 % A.A...;203045;19;450.0;474.0;19;EXP SOJA
29802;21/8/2026;00:06:20;55000.0;11:36:50;7;Aranda Marcelo Edgardo;0;1259;09-142;CREC. MELAZA 12 % A.A...;202975;73;3850.0;3888.0;73;PELLET CASCARA DE SOJA
29806;21/8/2026;15:16:54;11988.0;00:39:18;24;Barca, Fabian;1;984;40-017;EQUINO SERVICIO....;203014;73;150.0;149.0;73;PELLET CASCARA DE SOJA
29807;21/8/2026;15:56:49;8991.0;01:35:30;24;Barca, Fabian;1;984;40-017;EQUINO SERVICIO....;203026;73;450.0;466.0;73;PELLET CASCARA DE SOJA
29810;21/8/2026;18:45:36;20000.0;02:58:20;24;Barca, Fabian;1;1259;09-142;CREC. MELAZA 12 % A.A...;203047;73;1050.0;1041.0;73;PELLET CASCARA DE SOJA
29802;21/8/2026;00:06:20;55000.0;11:36:50;7;Aranda Marcelo Edgardo;0;1259;09-142;CREC. MELAZA 12 % A.A...;202966;84;1650.0;1667.9;84;BENTONITA
29803;21/8/2026;11:49:08;15000.0;00:22:20;23;Pucheta Javier;1;1042;10-031;TER MELAZA 12.8%AA...;202982;84;20.0;23.1;84;BENTONITA
29804;21/8/2026;12:12:05;14000.0;02:09:02;23;Pucheta Javier;1;1042;10-031;TER MELAZA 12.8%AA...;202992;84;280.0;290.3;84;BENTONITA
29810;21/8/2026;18:45:36;20000.0;02:58:20;24;Barca, Fabian;1;1259;09-142;CREC. MELAZA 12 % A.A...;203038;84;450.0;447.4;84;BENTONITA
29805;21/8/2026;14:25:33;2000.0;00:48:59;23;Pucheta Javier;1;773;25-031;FIBROMIXER PASTOREO 16%A.A. (P Girasol Común);203004;121;60.0;62.2;121;BIONUCLEO BOVINO 1%
29806;21/8/2026;15:16:54;11988.0;00:39:18;24;Barca, Fabian;1;984;40-017;EQUINO SERVICIO....;203016;137;300.0;319.0;137;AFRECHILLO DE TRIGO 
29807;21/8/2026;15:56:49;8991.0;01:35:30;24;Barca, Fabian;1;984;40-017;EQUINO SERVICIO....;203027;137;900.0;892.0;137;AFRECHILLO DE TRIGO 
29802;21/8/2026;00:06:20;55000.0;11:36:50;7;Aranda Marcelo Edgardo;0;1259;09-142;CREC. MELAZA 12 % A.A...;202967;154;1265.0;1268.8;154;CARBONATO DE CALCIO
29803;21/8/2026;11:49:08;15000.0;00:22:20;23;Pucheta Javier;1;1042;10-031;TER MELAZA 12.8%AA...;202977;154;22.0;23.1;154;CARBONATO DE CALCIO
29804;21/8/2026;12:12:05;14000.0;02:09:02;23;Pucheta Javier;1;1042;10-031;TER MELAZA 12.8%AA...;202987;154;308.0;317.6;154;CARBONATO DE CALCIO
29805;21/8/2026;14:25:33;2000.0;00:48:59;23;Pucheta Javier;1;773;25-031;FIBROMIXER PASTOREO 16%A.A. (P Girasol Común);202996;154;52.0;45.9;154;CARBONATO DE CALCIO
29806;21/8/2026;15:16:54;11988.0;00:39:18;24;Barca, Fabian;1;984;40-017;EQUINO SERVICIO....;203005;154;69.0;69.2;154;CARBONATO DE CALCIO
29807;21/8/2026;15:56:49;8991.0;01:35:30;24;Barca, Fabian;1;984;40-017;EQUINO SERVICIO....;203017;154;207.0;208.6;154;CARBONATO DE CALCIO
29808;21/8/2026;17:34:19;2997.0;01:02:25;24;Barca, Fabian;1;652;42-002;EQUINO POTRILLO AP EXPELLER SOJA;203030;154;74.1;81.6;154;CARBONATO DE CALCIO
29810;21/8/2026;18:45:36;20000.0;02:58:20;24;Barca, Fabian;1;1259;09-142;CREC. MELAZA 12 % A.A...;203041;154;345.0;357.0;154;CARBONATO DE CALCIO
29806;21/8/2026;15:16:54;11988.0;00:39:18;24;Barca, Fabian;1;984;40-017;EQUINO SERVICIO....;203007;205;12.0;12.5;205;APSAMIX PX EQUINO
29807;21/8/2026;15:56:49;8991.0;01:35:30;24;Barca, Fabian;1;984;40-017;EQUINO SERVICIO....;203019;205;36.0;37.05;205;APSAMIX PX EQUINO
29808;21/8/2026;17:34:19;2997.0;01:02:25;24;Barca, Fabian;1;652;42-002;EQUINO POTRILLO AP EXPELLER SOJA;203029;205;18.0;18.0;205;APSAMIX PX EQUINO
29803;21/8/2026;11:49:08;15000.0;00:22:20;23;Pucheta Javier;1;1042;10-031;TER MELAZA 12.8%AA...;202985;240;95.0;99.0;240;PELLET DE ALFALFA
29804;21/8/2026;12:12:05;14000.0;02:09:02;23;Pucheta Javier;1;1042;10-031;TER MELAZA 12.8%AA...;202995;240;1330.0;1332.0;240;PELLET DE ALFALFA
29806;21/8/2026;15:16:54;11988.0;00:39:18;24;Barca, Fabian;1;984;40-017;EQUINO SERVICIO....;203015;240;150.0;162.0;240;PELLET DE ALFALFA
29802;21/8/2026;00:06:20;55000.0;11:36:50;7;Aranda Marcelo Edgardo;0;1259;09-142;CREC. MELAZA 12 % A.A...;202964;263;165.0;164.55;263;SUPLEFEED23
29803;21/8/2026;11:49:08;15000.0;00:22:20;23;Pucheta Javier;1;1042;10-031;TER MELAZA 12.8%AA...;202976;263;3.0;3.65;263;SUPLEFEED23
29804;21/8/2026;12:12:05;14000.0;02:09:02;23;Pucheta Javier;1;1042;10-031;TER MELAZA 12.8%AA...;202986;263;42.0;42.8;263;SUPLEFEED23
29810;21/8/2026;18:45:36;20000.0;02:58:20;24;Barca, Fabian;1;1259;09-142;CREC. MELAZA 12 % A.A...;203036;263;45.0;47.35;263;SUPLEFEED23
29806;21/8/2026;15:16:54;11988.0;00:39:18;24;Barca, Fabian;1;984;40-017;EQUINO SERVICIO....;203010;265;0.9;0.9;265;NUTRAGEN
29807;21/8/2026;15:56:49;8991.0;01:35:30;24;Barca, Fabian;1;984;40-017;EQUINO SERVICIO....;203022;265;2.7;2.7;265;NUTRAGEN
29808;21/8/2026;17:34:19;2997.0;01:02:25;24;Barca, Fabian;1;652;42-002;EQUINO POTRILLO AP EXPELLER SOJA;203032;265;0.9;0.9;265;NUTRAGEN
29802;21/8/2026;00:06:20;55000.0;11:36:50;7;Aranda Marcelo Edgardo;0;1259;09-142;CREC. MELAZA 12 % A.A...;202968;281;440.0;441.25;281;NITROPEC
29810;21/8/2026;18:45:36;20000.0;02:58:20;24;Barca, Fabian;1;1259;09-142;CREC. MELAZA 12 % A.A...;203039;281;120.0;120.3;281;NITROPEC
29813;23/8/2026;23:30:04;5000.0;00:49:59;24;Barca, Fabian;1;1244;R14-001;RECRIA 14 CON MAIZ (quebradora);203053;2;2175.0;2177.0;2;PELLET AFRECHILLO DE TRIGO
29813;23/8/2026;23:30:04;5000.0;00:49:59;24;Barca, Fabian;1;1244;R14-001;RECRIA 14 CON MAIZ (quebradora);203049;5;1250.0;1247.0;5;MAIZ
29813;23/8/2026;23:30:04;5000.0;00:49:59;24;Barca, Fabian;1;1244;R14-001;RECRIA 14 CON MAIZ (quebradora);203050;8;1000.0;999.6;8;AFRECHO ARROZ
29813;23/8/2026;23:30:04;5000.0;00:49:59;24;Barca, Fabian;1;1244;R14-001;RECRIA 14 CON MAIZ (quebradora);203052;11;100.0;100.3;11;SAL
29813;23/8/2026;23:30:04;5000.0;00:49:59;24;Barca, Fabian;1;1244;R14-001;RECRIA 14 CON MAIZ (quebradora);203048;154;75.0;75.0;154;CARBONATO DE CALCIO
29813;23/8/2026;23:30:04;5000.0;00:49:59;24;Barca, Fabian;1;1244;R14-001;RECRIA 14 CON MAIZ (quebradora);203051;240;375.0;379.0;240;PELLET DE ALFALFA
29813;23/8/2026;23:30:04;5000.0;00:49:59;24;Barca, Fabian;1;1244;R14-001;RECRIA 14 CON MAIZ (quebradora);203054;281;25.0;25.4;281;NITROPEC
29818;24/8/2026;01:32:45;30000.0;04:18:46;24;Barca, Fabian;1;1259;09-142;CREC. MELAZA 12 % A.A...;203072;2;12090.0;12100.0;2;PELLET AFRECHILLO DE TRIGO
29820;24/8/2026;05:53:10;30000.0;00:54:26;24;Barca, Fabian;1;1259;09-142;CREC. MELAZA 12 % A.A...;203084;2;2115.0;2106.0;2;PELLET AFRECHILLO DE TRIGO
29821;24/8/2026;06:48:16;25000.0;00:27:37;7;Aranda Marcelo Edgardo;0;1259;09-142;CREC. MELAZA 12 % A.A...;203095;2;1692.0;1703.0;2;PELLET AFRECHILLO DE TRIGO
29822;24/8/2026;07:16:26;25000.0;04:31:44;7;Aranda Marcelo Edgardo;0;1259;09-142;CREC. MELAZA 12 % A.A...;203106;2;10075.0;10127.0;2;PELLET AFRECHILLO DE TRIGO
29823;24/8/2026;12:26:29;7992.0;04:29:16;7;Aranda Marcelo Edgardo;0;1210;CP-001;CRECIMIENTO POWER;203119;2;3824.0;3826.0;2;PELLET AFRECHILLO DE TRIGO
29824;24/8/2026;17:01:03;5000.0;01:10:30;23;Pucheta Javier;1;1212;TPW-001;TORO POWER;203123;2;2480.0;2517.0;2;PELLET AFRECHILLO DE TRIGO
29825;24/8/2026;18:18:07;7000.0;01:19:33;23;Pucheta Javier;1;1259;09-142;CREC. MELAZA 12 % A.A...;203136;2;2821.0;2823.0;2;PELLET AFRECHILLO DE TRIGO
29826;24/8/2026;19:42:57;16000.0;02:37:51;23;Pucheta Javier;1;1042;10-031;TER MELAZA 12.8%AA...;203147;2;8592.0;8580.0;2;PELLET AFRECHILLO DE TRIGO
29827;24/8/2026;22:32:30;31000.0;01:32:01;24;Barca, Fabian;1;1259;09-142;CREC. MELAZA 12 % A.A...;203157;2;4030.0;4062.0;2;PELLET AFRECHILLO DE TRIGO
29814;24/8/2026;00:28:56;270.0;00:02:12;24;Barca, Fabian;1;139;Limpieza;LIMPIEZA CIRCUITO;203056;5;250.0;251.0;5;MAIZ
29815;24/8/2026;00:34:38;6000.0;00:32:37;24;Barca, Fabian;1;1088;FC713;TERMINACIÓN CERDOS SANCHEZ;203058;5;4452.0;4472.0;5;MAIZ
29816;24/8/2026;01:11:28;2002.0;00:12:09;24;Barca, Fabian;1;1292;FC916;CERDAS LACTANCIA (Sanchez);203061;5;1220.0;1229.0;5;MAIZ
29818;24/8/2026;01:32:45;30000.0;04:18:46;24;Barca, Fabian;1;1259;09-142;CREC. MELAZA 12 % A.A...;203069;5;9600.0;9625.0;5;MAIZ
29820;24/8/2026;05:53:10;30000.0;00:54:26;24;Barca, Fabian;1;1259;09-142;CREC. MELAZA 12 % A.A...;203081;5;1700.0;1681.0;5;MAIZ
29821;24/8/2026;06:48:16;25000.0;00:27:37;7;Aranda Marcelo Edgardo;0;1259;09-142;CREC. MELAZA 12 % A.A...;203091;5;1360.0;1370.0;5;MAIZ
29822;24/8/2026;07:16:26;25000.0;04:31:44;7;Aranda Marcelo Edgardo;0;1259;09-142;CREC. MELAZA 12 % A.A...;203103;5;8000.0;8033.0;5;MAIZ
29823;24/8/2026;12:26:29;7992.0;04:29:16;7;Aranda Marcelo Edgardo;0;1210;CP-001;CRECIMIENTO POWER;203112;5;2360.0;2366.0;5;MAIZ
29824;24/8/2026;17:01:03;5000.0;01:10:30;23;Pucheta Javier;1;1212;TPW-001;TORO POWER;203126;5;1320.0;1335.0;5;MAIZ
29825;24/8/2026;18:18:07;7000.0;01:19:33;23;Pucheta Javier;1;1259;09-142;CREC. MELAZA 12 % A.A...;203132;5;2240.0;2242.0;5;MAIZ
29826;24/8/2026;19:42:57;16000.0;02:37:51;23;Pucheta Javier;1;1042;10-031;TER MELAZA 12.8%AA...;203145;5;4800.0;4799.0;5;MAIZ
29827;24/8/2026;22:32:30;31000.0;01:32:01;24;Barca, Fabian;1;1259;09-142;CREC. MELAZA 12 % A.A...;203154;5;3200.0;3234.0;5;MAIZ
29818;24/8/2026;01:32:45;30000.0;04:18:46;24;Barca, Fabian;1;1259;09-142;CREC. MELAZA 12 % A.A...;203074;7;1200.0;1248.0;7;CASCARA ARROZ
29822;24/8/2026;07:16:26;25000.0;04:31:44;7;Aranda Marcelo Edgardo;0;1259;09-142;CREC. MELAZA 12 % A.A...;203108;7;1000.0;1027.0;7;CASCARA ARROZ
29824;24/8/2026;17:01:03;5000.0;01:10:30;23;Pucheta Javier;1;1212;TPW-001;TORO POWER;203124;7;125.0;136.0;7;CASCARA ARROZ
29825;24/8/2026;18:18:07;7000.0;01:19:33;23;Pucheta Javier;1;1259;09-142;CREC. MELAZA 12 % A.A...;203138;7;280.0;285.0;7;CASCARA ARROZ
29826;24/8/2026;19:42:57;16000.0;02:37:51;23;Pucheta Javier;1;1042;10-031;TER MELAZA 12.8%AA...;203148;7;320.0;402.0;7;CASCARA ARROZ
29827;24/8/2026;22:32:30;31000.0;01:32:01;24;Barca, Fabian;1;1259;09-142;CREC. MELAZA 12 % A.A...;203159;7;400.0;427.0;7;CASCARA ARROZ
29818;24/8/2026;01:32:45;30000.0;04:18:46;24;Barca, Fabian;1;1259;09-142;CREC. MELAZA 12 % A.A...;203065;8;1500.0;1524.5;8;AFRECHO ARROZ
29820;24/8/2026;05:53:10;30000.0;00:54:26;24;Barca, Fabian;1;1259;09-142;CREC. MELAZA 12 % A.A...;203077;8;250.0;259.8;8;AFRECHO ARROZ
29821;24/8/2026;06:48:16;25000.0;00:27:37;7;Aranda Marcelo Edgardo;0;1259;09-142;CREC. MELAZA 12 % A.A...;203088;8;200.0;211.1;8;AFRECHO ARROZ
29822;24/8/2026;07:16:26;25000.0;04:31:44;7;Aranda Marcelo Edgardo;0;1259;09-142;CREC. MELAZA 12 % A.A...;203099;8;1250.0;1258.8;8;AFRECHO ARROZ
29825;24/8/2026;18:18:07;7000.0;01:19:33;23;Pucheta Javier;1;1259;09-142;CREC. MELAZA 12 % A.A...;203129;8;350.0;359.7;8;AFRECHO ARROZ
29826;24/8/2026;19:42:57;16000.0;02:37:51;23;Pucheta Javier;1;1042;10-031;TER MELAZA 12.8%AA...;203142;8;1280.0;1292.6;8;AFRECHO ARROZ
29827;24/8/2026;22:32:30;31000.0;01:32:01;24;Barca, Fabian;1;1259;09-142;CREC. MELAZA 12 % A.A...;203150;8;500.0;504.3;8;AFRECHO ARROZ
29818;24/8/2026;01:32:45;30000.0;04:18:46;24;Barca, Fabian;1;1259;09-142;CREC. MELAZA 12 % A.A...;203070;10;210.0;205.0;10;UREA
29820;24/8/2026;05:53:10;30000.0;00:54:26;24;Barca, Fabian;1;1259;09-142;CREC. MELAZA 12 % A.A...;203082;10;35.0;35.3;10;UREA
29821;24/8/2026;06:48:16;25000.0;00:27:37;7;Aranda Marcelo Edgardo;0;1259;09-142;CREC. MELAZA 12 % A.A...;203093;10;28.0;25.4;10;UREA
29822;24/8/2026;07:16:26;25000.0;04:31:44;7;Aranda Marcelo Edgardo;0;1259;09-142;CREC. MELAZA 12 % A.A...;203104;10;175.0;163.9;10;UREA
29823;24/8/2026;12:26:29;7992.0;04:29:16;7;Aranda Marcelo Edgardo;0;1210;CP-001;CRECIMIENTO POWER;203115;10;72.0;73.4;10;UREA
29825;24/8/2026;18:18:07;7000.0;01:19:33;23;Pucheta Javier;1;1259;09-142;CREC. MELAZA 12 % A.A...;203133;10;49.0;54.1;10;UREA
29826;24/8/2026;19:42:57;16000.0;02:37:51;23;Pucheta Javier;1;1042;10-031;TER MELAZA 12.8%AA...;203144;10;80.0;74.5;10;UREA
29827;24/8/2026;22:32:30;31000.0;01:32:01;24;Barca, Fabian;1;1259;09-142;CREC. MELAZA 12 % A.A...;203155;10;70.0;75.1;10;UREA
29818;24/8/2026;01:32:45;30000.0;04:18:46;24;Barca, Fabian;1;1259;09-142;CREC. MELAZA 12 % A.A...;203071;11;480.0;482.6;11;SAL
29820;24/8/2026;05:53:10;30000.0;00:54:26;24;Barca, Fabian;1;1259;09-142;CREC. MELAZA 12 % A.A...;203083;11;80.0;83.6;11;SAL
29821;24/8/2026;06:48:16;25000.0;00:27:37;7;Aranda Marcelo Edgardo;0;1259;09-142;CREC. MELAZA 12 % A.A...;203094;11;64.0;61.6;11;SAL
29822;24/8/2026;07:16:26;25000.0;04:31:44;7;Aranda Marcelo Edgardo;0;1259;09-142;CREC. MELAZA 12 % A.A...;203105;11;400.0;405.3;11;SAL
29823;24/8/2026;12:26:29;7992.0;04:29:16;7;Aranda Marcelo Edgardo;0;1210;CP-001;CRECIMIENTO POWER;203116;11;124.8;121.6;11;SAL
29824;24/8/2026;17:01:03;5000.0;01:10:30;23;Pucheta Javier;1;1212;TPW-001;TORO POWER;203122;11;40.0;38.4;11;SAL
29825;24/8/2026;18:18:07;7000.0;01:19:33;23;Pucheta Javier;1;1259;09-142;CREC. MELAZA 12 % A.A...;203135;11;112.0;120.0;11;SAL
29826;24/8/2026;19:42:57;16000.0;02:37:51;23;Pucheta Javier;1;1042;10-031;TER MELAZA 12.8%AA...;203143;11;208.0;211.9;11;SAL
29827;24/8/2026;22:32:30;31000.0;01:32:01;24;Barca, Fabian;1;1259;09-142;CREC. MELAZA 12 % A.A...;203156;11;160.0;166.1;11;SAL
29815;24/8/2026;00:34:38;6000.0;00:32:37;24;Barca, Fabian;1;1088;FC713;TERMINACIÓN CERDOS SANCHEZ;203059;19;1398.0;1406.0;19;EXP SOJA
29816;24/8/2026;01:11:28;2002.0;00:12:09;24;Barca, Fabian;1;1292;FC916;CERDAS LACTANCIA (Sanchez);203063;19;680.0;688.0;19;EXP SOJA
29818;24/8/2026;01:32:45;30000.0;04:18:46;24;Barca, Fabian;1;1259;09-142;CREC. MELAZA 12 % A.A...;203073;19;900.0;888.0;19;EXP SOJA
29820;24/8/2026;05:53:10;30000.0;00:54:26;24;Barca, Fabian;1;1259;09-142;CREC. MELAZA 12 % A.A...;203085;19;150.0;154.0;19;EXP SOJA
29821;24/8/2026;06:48:16;25000.0;00:27:37;7;Aranda Marcelo Edgardo;0;1259;09-142;CREC. MELAZA 12 % A.A...;203096;19;120.0;116.0;19;EXP SOJA
29822;24/8/2026;07:16:26;25000.0;04:31:44;7;Aranda Marcelo Edgardo;0;1259;09-142;CREC. MELAZA 12 % A.A...;203107;19;750.0;781.0;19;EXP SOJA
29823;24/8/2026;12:26:29;7992.0;04:29:16;7;Aranda Marcelo Edgardo;0;1210;CP-001;CRECIMIENTO POWER;203118;19;400.0;401.0;19;EXP SOJA
29824;24/8/2026;17:01:03;5000.0;01:10:30;23;Pucheta Javier;1;1212;TPW-001;TORO POWER;203125;19;350.0;359.0;19;EXP SOJA
29825;24/8/2026;18:18:07;7000.0;01:19:33;23;Pucheta Javier;1;1259;09-142;CREC. MELAZA 12 % A.A...;203137;19;210.0;230.0;19;EXP SOJA
29827;24/8/2026;22:32:30;31000.0;01:32:01;24;Barca, Fabian;1;1259;09-142;CREC. MELAZA 12 % A.A...;203158;19;300.0;322.0;19;EXP SOJA
29818;24/8/2026;01:32:45;30000.0;04:18:46;24;Barca, Fabian;1;1259;09-142;CREC. MELAZA 12 % A.A...;203075;73;2100.0;2138.0;73;PELLET CASCARA DE SOJA
29820;24/8/2026;05:53:10;30000.0;00:54:26;24;Barca, Fabian;1;1259;09-142;CREC. MELAZA 12 % A.A...;203086;73;350.0;369.0;73;PELLET CASCARA DE SOJA
29821;24/8/2026;06:48:16;25000.0;00:27:37;7;Aranda Marcelo Edgardo;0;1259;09-142;CREC. MELAZA 12 % A.A...;203097;73;280.0;271.0;73;PELLET CASCARA DE SOJA
29822;24/8/2026;07:16:26;25000.0;04:31:44;7;Aranda Marcelo Edgardo;0;1259;09-142;CREC. MELAZA 12 % A.A...;203109;73;1750.0;1776.0;73;PELLET CASCARA DE SOJA
29825;24/8/2026;18:18:07;7000.0;01:19:33;23;Pucheta Javier;1;1259;09-142;CREC. MELAZA 12 % A.A...;203139;73;490.0;507.0;73;PELLET CASCARA DE SOJA
29827;24/8/2026;22:32:30;31000.0;01:32:01;24;Barca, Fabian;1;1259;09-142;CREC. MELAZA 12 % A.A...;203160;73;700.0;753.0;73;PELLET CASCARA DE SOJA
29818;24/8/2026;01:32:45;30000.0;04:18:46;24;Barca, Fabian;1;1259;09-142;CREC. MELAZA 12 % A.A...;203066;84;900.0;910.1;84;BENTONITA
29820;24/8/2026;05:53:10;30000.0;00:54:26;24;Barca, Fabian;1;1259;09-142;CREC. MELAZA 12 % A.A...;203078;84;150.0;158.1;84;BENTONITA
29821;24/8/2026;06:48:16;25000.0;00:27:37;7;Aranda Marcelo Edgardo;0;1259;09-142;CREC. MELAZA 12 % A.A...;203089;84;120.0;121.4;84;BENTONITA
29822;24/8/2026;07:16:26;25000.0;04:31:44;7;Aranda Marcelo Edgardo;0;1259;09-142;CREC. MELAZA 12 % A.A...;203100;84;750.0;760.7;84;BENTONITA
29825;24/8/2026;18:18:07;7000.0;01:19:33;23;Pucheta Javier;1;1259;09-142;CREC. MELAZA 12 % A.A...;203130;84;210.0;212.7;84;BENTONITA
29826;24/8/2026;19:42:57;16000.0;02:37:51;23;Pucheta Javier;1;1042;10-031;TER MELAZA 12.8%AA...;203146;84;320.0;321.0;84;BENTONITA
29827;24/8/2026;22:32:30;31000.0;01:32:01;24;Barca, Fabian;1;1259;09-142;CREC. MELAZA 12 % A.A...;203151;84;300.0;314.2;84;BENTONITA
29814;24/8/2026;00:28:56;270.0;00:02:12;24;Barca, Fabian;1;139;Limpieza;LIMPIEZA CIRCUITO;203055;154;20.0;15.8;154;CARBONATO DE CALCIO
29818;24/8/2026;01:32:45;30000.0;04:18:46;24;Barca, Fabian;1;1259;09-142;CREC. MELAZA 12 % A.A...;203068;154;690.0;689.2;154;CARBONATO DE CALCIO
29820;24/8/2026;05:53:10;30000.0;00:54:26;24;Barca, Fabian;1;1259;09-142;CREC. MELAZA 12 % A.A...;203079;154;115.0;115.1;154;CARBONATO DE CALCIO
29821;24/8/2026;06:48:16;25000.0;00:27:37;7;Aranda Marcelo Edgardo;0;1259;09-142;CREC. MELAZA 12 % A.A...;203090;154;92.0;85.9;154;CARBONATO DE CALCIO
29822;24/8/2026;07:16:26;25000.0;04:31:44;7;Aranda Marcelo Edgardo;0;1259;09-142;CREC. MELAZA 12 % A.A...;203101;154;575.0;577.4;154;CARBONATO DE CALCIO
29823;24/8/2026;12:26:29;7992.0;04:29:16;7;Aranda Marcelo Edgardo;0;1210;CP-001;CRECIMIENTO POWER;203110;154;112.0;105.6;154;CARBONATO DE CALCIO
29824;24/8/2026;17:01:03;5000.0;01:10:30;23;Pucheta Javier;1;1212;TPW-001;TORO POWER;203120;154;140.0;143.8;154;CARBONATO DE CALCIO
29825;24/8/2026;18:18:07;7000.0;01:19:33;23;Pucheta Javier;1;1259;09-142;CREC. MELAZA 12 % A.A...;203131;154;161.0;165.0;154;CARBONATO DE CALCIO
29826;24/8/2026;19:42:57;16000.0;02:37:51;23;Pucheta Javier;1;1042;10-031;TER MELAZA 12.8%AA...;203140;154;352.0;348.5;154;CARBONATO DE CALCIO
29827;24/8/2026;22:32:30;31000.0;01:32:01;24;Barca, Fabian;1;1259;09-142;CREC. MELAZA 12 % A.A...;203152;154;230.0;241.4;154;CARBONATO DE CALCIO
29823;24/8/2026;12:26:29;7992.0;04:29:16;7;Aranda Marcelo Edgardo;0;1210;CP-001;CRECIMIENTO POWER;203113;172;0.8;0.8;172;STAFAC500
29815;24/8/2026;00:34:38;6000.0;00:32:37;24;Barca, Fabian;1;1088;FC713;TERMINACIÓN CERDOS SANCHEZ;203057;198;150.0;153.9;198;tK TERMINACIÓN 2,5%
29816;24/8/2026;01:11:28;2002.0;00:12:09;24;Barca, Fabian;1;1292;FC916;CERDAS LACTANCIA (Sanchez);203060;219;100.0;105.3;219;MAGNUM VITAL LACTANCIA 5%
29823;24/8/2026;12:26:29;7992.0;04:29:16;7;Aranda Marcelo Edgardo;0;1210;CP-001;CRECIMIENTO POWER;203117;240;1072.0;1075.0;240;PELLET DE ALFALFA
29824;24/8/2026;17:01:03;5000.0;01:10:30;23;Pucheta Javier;1;1212;TPW-001;TORO POWER;203127;240;525.0;544.0;240;PELLET DE ALFALFA
29818;24/8/2026;01:32:45;30000.0;04:18:46;24;Barca, Fabian;1;1259;09-142;CREC. MELAZA 12 % A.A...;203064;263;90.0;92.2;263;SUPLEFEED23
29820;24/8/2026;05:53:10;30000.0;00:54:26;24;Barca, Fabian;1;1259;09-142;CREC. MELAZA 12 % A.A...;203076;263;15.0;16.8;263;SUPLEFEED23
29821;24/8/2026;06:48:16;25000.0;00:27:37;7;Aranda Marcelo Edgardo;0;1259;09-142;CREC. MELAZA 12 % A.A...;203087;263;12.0;12.85;263;SUPLEFEED23
29822;24/8/2026;07:16:26;25000.0;04:31:44;7;Aranda Marcelo Edgardo;0;1259;09-142;CREC. MELAZA 12 % A.A...;203098;263;75.0;76.55;263;SUPLEFEED23
29823;24/8/2026;12:26:29;7992.0;04:29:16;7;Aranda Marcelo Edgardo;0;1210;CP-001;CRECIMIENTO POWER;203111;263;32.0;31.95;263;SUPLEFEED23
29824;24/8/2026;17:01:03;5000.0;01:10:30;23;Pucheta Javier;1;1212;TPW-001;TORO POWER;203121;263;20.0;19.25;263;SUPLEFEED23
29825;24/8/2026;18:18:07;7000.0;01:19:33;23;Pucheta Javier;1;1259;09-142;CREC. MELAZA 12 % A.A...;203128;263;21.0;20.65;263;SUPLEFEED23
29826;24/8/2026;19:42:57;16000.0;02:37:51;23;Pucheta Javier;1;1042;10-031;TER MELAZA 12.8%AA...;203141;263;48.0;50.0;263;SUPLEFEED23
29827;24/8/2026;22:32:30;31000.0;01:32:01;24;Barca, Fabian;1;1259;09-142;CREC. MELAZA 12 % A.A...;203149;263;30.0;31.2;263;SUPLEFEED23
29823;24/8/2026;12:26:29;7992.0;04:29:16;7;Aranda Marcelo Edgardo;0;1210;CP-001;CRECIMIENTO POWER;203114;265;2.4;2.4;265;NUTRAGEN
29818;24/8/2026;01:32:45;30000.0;04:18:46;24;Barca, Fabian;1;1259;09-142;CREC. MELAZA 12 % A.A...;203067;281;240.0;240.3;281;NITROPEC
29820;24/8/2026;05:53:10;30000.0;00:54:26;24;Barca, Fabian;1;1259;09-142;CREC. MELAZA 12 % A.A...;203080;281;40.0;39.9;281;NITROPEC
29821;24/8/2026;06:48:16;25000.0;00:27:37;7;Aranda Marcelo Edgardo;0;1259;09-142;CREC. MELAZA 12 % A.A...;203092;281;32.0;32.7;281;NITROPEC
29822;24/8/2026;07:16:26;25000.0;04:31:44;7;Aranda Marcelo Edgardo;0;1259;09-142;CREC. MELAZA 12 % A.A...;203102;281;200.0;199.85;281;NITROPEC
29825;24/8/2026;18:18:07;7000.0;01:19:33;23;Pucheta Javier;1;1259;09-142;CREC. MELAZA 12 % A.A...;203134;281;56.0;56.5;281;NITROPEC
29827;24/8/2026;22:32:30;31000.0;01:32:01;24;Barca, Fabian;1;1259;09-142;CREC. MELAZA 12 % A.A...;203153;281;80.0;80.15;281;NITROPEC
29816;24/8/2026;01:11:28;2002.0;00:12:09;24;Barca, Fabian;1;1292;FC916;CERDAS LACTANCIA (Sanchez);203062;317;2.0;2.0;317;SECUESTRANTE SANCHEZ
29828;25/8/2026;00:05:21;21000.0;03:18:20;24;Barca, Fabian;1;1254;09-141;CRE. MELAZA 10% A.A. (Los Roanos);203167;2;8526.0;8542.0;2;PELLET AFRECHILLO DE TRIGO
29829;25/8/2026;03:24:32;11988.0;01:41:35;24;Barca, Fabian;1;1044;07-050;DESTETE PRECOZ MELAZA  12% A.A..;203182;2;5316.0;5336.0;2;PELLET AFRECHILLO DE TRIGO
29830;25/8/2026;05:07:33;32000.0;02:40:52;24;Barca, Fabian;1;1259;09-142;CREC. MELAZA 12 % A.A...;203191;2;6851.0;6873.0;2;PELLET AFRECHILLO DE TRIGO
29831;25/8/2026;07:49:40;15000.0;02:18:09;7;Aranda Marcelo Edgardo;0;1259;09-142;CREC. MELAZA 12 % A.A...;203202;2;6045.0;6110.0;2;PELLET AFRECHILLO DE TRIGO
29832;25/8/2026;10:10:59;20000.0;02:51:35;7;Aranda Marcelo Edgardo;0;1120;05-113;RECRIA 16  AL 15%  A.A....;203215;2;4460.0;4496.0;2;PELLET AFRECHILLO DE TRIGO
29833;25/8/2026;13:07:11;12000.0;01:44:22;7;Aranda Marcelo Edgardo;0;1279;19-032;ENGORDE BOVINO 12% A.A. .;203226;2;4344.0;4341.0;2;PELLET AFRECHILLO DE TRIGO
29834;25/8/2026;15:10:45;12000.0;01:10:24;7;Aranda Marcelo Edgardo;0;1093;01-026;TORO SERVICIOS.;203236;2;1665.0;1647.0;2;PELLET AFRECHILLO DE TRIGO
29828;25/8/2026;00:05:21;21000.0;03:18:20;24;Barca, Fabian;1;1254;09-141;CRE. MELAZA 10% A.A. (Los Roanos);203168;5;6300.0;6357.0;5;MAIZ
29829;25/8/2026;03:24:32;11988.0;01:41:35;24;Barca, Fabian;1;1044;07-050;DESTETE PRECOZ MELAZA  12% A.A..;203177;5;3108.0;3131.0;5;MAIZ
29830;25/8/2026;05:07:33;32000.0;02:40:52;24;Barca, Fabian;1;1259;09-142;CREC. MELAZA 12 % A.A...;203188;5;5440.0;5472.0;5;MAIZ
29831;25/8/2026;07:49:40;15000.0;02:18:09;7;Aranda Marcelo Edgardo;0;1259;09-142;CREC. MELAZA 12 % A.A...;203199;5;4800.0;4840.0;5;MAIZ
29832;25/8/2026;10:10:59;20000.0;02:51:35;7;Aranda Marcelo Edgardo;0;1120;05-113;RECRIA 16  AL 15%  A.A....;203212;5;6000.0;6033.0;5;MAIZ
29833;25/8/2026;13:07:11;12000.0;01:44:22;7;Aranda Marcelo Edgardo;0;1279;19-032;ENGORDE BOVINO 12% A.A. .;203230;5;3600.0;3586.0;5;MAIZ
29834;25/8/2026;15:10:45;12000.0;01:10:24;7;Aranda Marcelo Edgardo;0;1093;01-026;TORO SERVICIOS.;203238;5;1075.0;1090.0;5;MAIZ
29835;25/8/2026;23:29:51;270.0;00:02:17;24;Barca, Fabian;1;139;Limpieza;LIMPIEZA CIRCUITO;203243;5;250.0;249.0;5;MAIZ
29836;25/8/2026;23:36:00;6000.0;00:32:04;24;Barca, Fabian;1;1088;FC713;TERMINACIÓN CERDOS SANCHEZ;203245;5;4452.0;4437.0;5;MAIZ
29828;25/8/2026;00:05:21;21000.0;03:18:20;24;Barca, Fabian;1;1254;09-141;CRE. MELAZA 10% A.A. (Los Roanos);203169;7;1050.0;1093.0;7;CASCARA ARROZ
29829;25/8/2026;03:24:32;11988.0;01:41:35;24;Barca, Fabian;1;1044;07-050;DESTETE PRECOZ MELAZA  12% A.A..;203181;7;600.0;622.0;7;CASCARA ARROZ
29830;25/8/2026;05:07:33;32000.0;02:40:52;24;Barca, Fabian;1;1259;09-142;CREC. MELAZA 12 % A.A...;203193;7;680.0;719.0;7;CASCARA ARROZ
29831;25/8/2026;07:49:40;15000.0;02:18:09;7;Aranda Marcelo Edgardo;0;1259;09-142;CREC. MELAZA 12 % A.A...;203204;7;600.0;643.0;7;CASCARA ARROZ
29832;25/8/2026;10:10:59;20000.0;02:51:35;7;Aranda Marcelo Edgardo;0;1120;05-113;RECRIA 16  AL 15%  A.A....;203217;7;800.0;832.0;7;CASCARA ARROZ
29833;25/8/2026;13:07:11;12000.0;01:44:22;7;Aranda Marcelo Edgardo;0;1279;19-032;ENGORDE BOVINO 12% A.A. .;203228;7;240.0;252.0;7;CASCARA ARROZ
29834;25/8/2026;15:10:45;12000.0;01:10:24;7;Aranda Marcelo Edgardo;0;1093;01-026;TORO SERVICIOS.;203237;7;125.0;128.0;7;CASCARA ARROZ
29828;25/8/2026;00:05:21;21000.0;03:18:20;24;Barca, Fabian;1;1254;09-141;CRE. MELAZA 10% A.A. (Los Roanos);203162;8;1260.0;1295.1;8;AFRECHO ARROZ
29829;25/8/2026;03:24:32;11988.0;01:41:35;24;Barca, Fabian;1;1044;07-050;DESTETE PRECOZ MELAZA  12% A.A..;203173;8;600.0;587.1;8;AFRECHO ARROZ
29830;25/8/2026;05:07:33;32000.0;02:40:52;24;Barca, Fabian;1;1259;09-142;CREC. MELAZA 12 % A.A...;203184;8;850.0;852.7;8;AFRECHO ARROZ
29831;25/8/2026;07:49:40;15000.0;02:18:09;7;Aranda Marcelo Edgardo;0;1259;09-142;CREC. MELAZA 12 % A.A...;203196;8;750.0;748.8;8;AFRECHO ARROZ
29832;25/8/2026;10:10:59;20000.0;02:51:35;7;Aranda Marcelo Edgardo;0;1120;05-113;RECRIA 16  AL 15%  A.A....;203208;8;2000.0;1971.3;8;AFRECHO ARROZ
29833;25/8/2026;13:07:11;12000.0;01:44:22;7;Aranda Marcelo Edgardo;0;1279;19-032;ENGORDE BOVINO 12% A.A. .;203222;8;1200.0;1169.9;8;AFRECHO ARROZ
29834;25/8/2026;15:10:45;12000.0;01:10:24;7;Aranda Marcelo Edgardo;0;1093;01-026;TORO SERVICIOS.;203234;8;500.0;488.0;8;AFRECHO ARROZ
29828;25/8/2026;00:05:21;21000.0;03:18:20;24;Barca, Fabian;1;1254;09-141;CRE. MELAZA 10% A.A. (Los Roanos);203165;10;126.0;132.2;10;UREA
29829;25/8/2026;03:24:32;11988.0;01:41:35;24;Barca, Fabian;1;1044;07-050;DESTETE PRECOZ MELAZA  12% A.A..;203179;10;36.0;38.3;10;UREA
29830;25/8/2026;05:07:33;32000.0;02:40:52;24;Barca, Fabian;1;1259;09-142;CREC. MELAZA 12 % A.A...;203189;10;119.0;127.0;10;UREA
29831;25/8/2026;07:49:40;15000.0;02:18:09;7;Aranda Marcelo Edgardo;0;1259;09-142;CREC. MELAZA 12 % A.A...;203200;10;105.0;110.9;10;UREA
29832;25/8/2026;10:10:59;20000.0;02:51:35;7;Aranda Marcelo Edgardo;0;1120;05-113;RECRIA 16  AL 15%  A.A....;203213;10;140.0;136.5;10;UREA
29833;25/8/2026;13:07:11;12000.0;01:44:22;7;Aranda Marcelo Edgardo;0;1279;19-032;ENGORDE BOVINO 12% A.A. .;203223;10;36.0;35.4;10;UREA
29828;25/8/2026;00:05:21;21000.0;03:18:20;24;Barca, Fabian;1;1254;09-141;CRE. MELAZA 10% A.A. (Los Roanos);203166;11;336.0;341.4;11;SAL
29829;25/8/2026;03:24:32;11988.0;01:41:35;24;Barca, Fabian;1;1044;07-050;DESTETE PRECOZ MELAZA  12% A.A..;203175;11;72.0;77.7;11;SAL
29830;25/8/2026;05:07:33;32000.0;02:40:52;24;Barca, Fabian;1;1259;09-142;CREC. MELAZA 12 % A.A...;203190;11;272.0;274.4;11;SAL
29831;25/8/2026;07:49:40;15000.0;02:18:09;7;Aranda Marcelo Edgardo;0;1259;09-142;CREC. MELAZA 12 % A.A...;203201;11;240.0;239.9;11;SAL
29832;25/8/2026;10:10:59;20000.0;02:51:35;7;Aranda Marcelo Edgardo;0;1120;05-113;RECRIA 16  AL 15%  A.A....;203210;11;320.0;316.6;11;SAL
29833;25/8/2026;13:07:11;12000.0;01:44:22;7;Aranda Marcelo Edgardo;0;1279;19-032;ENGORDE BOVINO 12% A.A. .;203225;11;192.0;194.9;11;SAL
29834;25/8/2026;15:10:45;12000.0;01:10:24;7;Aranda Marcelo Edgardo;0;1093;01-026;TORO SERVICIOS.;203235;11;40.0;37.6;11;SAL
29828;25/8/2026;00:05:21;21000.0;03:18:20;24;Barca, Fabian;1;1254;09-141;CRE. MELAZA 10% A.A. (Los Roanos);203171;19;1260.0;1297.0;19;EXP SOJA
29829;25/8/2026;03:24:32;11988.0;01:41:35;24;Barca, Fabian;1;1044;07-050;DESTETE PRECOZ MELAZA  12% A.A..;203180;19;1980.0;2009.0;19;EXP SOJA
29830;25/8/2026;05:07:33;32000.0;02:40:52;24;Barca, Fabian;1;1259;09-142;CREC. MELAZA 12 % A.A...;203192;19;510.0;559.0;19;EXP SOJA
29831;25/8/2026;07:49:40;15000.0;02:18:09;7;Aranda Marcelo Edgardo;0;1259;09-142;CREC. MELAZA 12 % A.A...;203203;19;450.0;464.0;19;EXP SOJA
29832;25/8/2026;10:10:59;20000.0;02:51:35;7;Aranda Marcelo Edgardo;0;1120;05-113;RECRIA 16  AL 15%  A.A....;203218;19;600.0;639.0;19;EXP SOJA
29833;25/8/2026;13:07:11;12000.0;01:44:22;7;Aranda Marcelo Edgardo;0;1279;19-032;ENGORDE BOVINO 12% A.A. .;203231;19;360.0;358.0;19;EXP SOJA
29834;25/8/2026;15:10:45;12000.0;01:10:24;7;Aranda Marcelo Edgardo;0;1093;01-026;TORO SERVICIOS.;203240;19;315.0;315.0;19;EXP SOJA
29836;25/8/2026;23:36:00;6000.0;00:32:04;24;Barca, Fabian;1;1088;FC713;TERMINACIÓN CERDOS SANCHEZ;203246;19;1398.0;1410.0;19;EXP SOJA
29828;25/8/2026;00:05:21;21000.0;03:18:20;24;Barca, Fabian;1;1254;09-141;CRE. MELAZA 10% A.A. (Los Roanos);203170;73;1050.0;1073.0;73;PELLET CASCARA DE SOJA
29830;25/8/2026;05:07:33;32000.0;02:40:52;24;Barca, Fabian;1;1259;09-142;CREC. MELAZA 12 % A.A...;203194;73;1190.0;1155.0;73;PELLET CASCARA DE SOJA
29831;25/8/2026;07:49:40;15000.0;02:18:09;7;Aranda Marcelo Edgardo;0;1259;09-142;CREC. MELAZA 12 % A.A...;203206;73;1050.0;1043.0;73;PELLET CASCARA DE SOJA
29832;25/8/2026;10:10:59;20000.0;02:51:35;7;Aranda Marcelo Edgardo;0;1120;05-113;RECRIA 16  AL 15%  A.A....;203219;73;1400.0;1440.0;73;PELLET CASCARA DE SOJA
29834;25/8/2026;15:10:45;12000.0;01:10:24;7;Aranda Marcelo Edgardo;0;1093;01-026;TORO SERVICIOS.;203239;73;620.0;628.0;73;PELLET CASCARA DE SOJA
29828;25/8/2026;00:05:21;21000.0;03:18:20;24;Barca, Fabian;1;1254;09-141;CRE. MELAZA 10% A.A. (Los Roanos);203172;84;630.0;637.3;84;BENTONITA
29830;25/8/2026;05:07:33;32000.0;02:40:52;24;Barca, Fabian;1;1259;09-142;CREC. MELAZA 12 % A.A...;203185;84;510.0;509.6;84;BENTONITA
29831;25/8/2026;07:49:40;15000.0;02:18:09;7;Aranda Marcelo Edgardo;0;1259;09-142;CREC. MELAZA 12 % A.A...;203197;84;450.0;448.2;84;BENTONITA
29832;25/8/2026;10:10:59;20000.0;02:51:35;7;Aranda Marcelo Edgardo;0;1120;05-113;RECRIA 16  AL 15%  A.A....;203214;84;600.0;610.5;84;BENTONITA
29833;25/8/2026;13:07:11;12000.0;01:44:22;7;Aranda Marcelo Edgardo;0;1279;19-032;ENGORDE BOVINO 12% A.A. .;203227;84;180.0;181.0;84;BENTONITA
29829;25/8/2026;03:24:32;11988.0;01:41:35;24;Barca, Fabian;1;1044;07-050;DESTETE PRECOZ MELAZA  12% A.A..;203174;121;120.0;133.5;121;BIONUCLEO BOVINO 1%
29833;25/8/2026;13:07:11;12000.0;01:44:22;7;Aranda Marcelo Edgardo;0;1279;19-032;ENGORDE BOVINO 12% A.A. .;203229;135;1680.0;1692.0;135;CUARTA DE CEBADA (hp2º)
29834;25/8/2026;15:10:45;12000.0;01:10:24;7;Aranda Marcelo Edgardo;0;1093;01-026;TORO SERVICIOS.;203241;135;500.0;497.0;135;CUARTA DE CEBADA (hp2º)
29832;25/8/2026;10:10:59;20000.0;02:51:35;7;Aranda Marcelo Edgardo;0;1120;05-113;RECRIA 16  AL 15%  A.A....;203216;137;3000.0;3026.0;137;AFRECHILLO DE TRIGO 
29828;25/8/2026;00:05:21;21000.0;03:18:20;24;Barca, Fabian;1;1254;09-141;CRE. MELAZA 10% A.A. (Los Roanos);203161;154;273.0;275.4;154;CARBONATO DE CALCIO
29829;25/8/2026;03:24:32;11988.0;01:41:35;24;Barca, Fabian;1;1044;07-050;DESTETE PRECOZ MELAZA  12% A.A..;203176;154;164.4;182.2;154;CARBONATO DE CALCIO
29830;25/8/2026;05:07:33;32000.0;02:40:52;24;Barca, Fabian;1;1259;09-142;CREC. MELAZA 12 % A.A...;203186;154;391.0;381.0;154;CARBONATO DE CALCIO
29831;25/8/2026;07:49:40;15000.0;02:18:09;7;Aranda Marcelo Edgardo;0;1259;09-142;CREC. MELAZA 12 % A.A...;203198;154;345.0;337.3;154;CARBONATO DE CALCIO
29832;25/8/2026;10:10:59;20000.0;02:51:35;7;Aranda Marcelo Edgardo;0;1120;05-113;RECRIA 16  AL 15%  A.A....;203207;154;460.0;473.1;154;CARBONATO DE CALCIO
29833;25/8/2026;13:07:11;12000.0;01:44:22;7;Aranda Marcelo Edgardo;0;1279;19-032;ENGORDE BOVINO 12% A.A. .;203220;154;108.0;113.7;154;CARBONATO DE CALCIO
29834;25/8/2026;15:10:45;12000.0;01:10:24;7;Aranda Marcelo Edgardo;0;1093;01-026;TORO SERVICIOS.;203233;154;145.0;147.4;154;CARBONATO DE CALCIO
29835;25/8/2026;23:29:51;270.0;00:02:17;24;Barca, Fabian;1;139;Limpieza;LIMPIEZA CIRCUITO;203242;154;20.0;19.6;154;CARBONATO DE CALCIO
29836;25/8/2026;23:36:00;6000.0;00:32:04;24;Barca, Fabian;1;1088;FC713;TERMINACIÓN CERDOS SANCHEZ;203244;198;150.0;157.2;198;tK TERMINACIÓN 2,5%
29828;25/8/2026;00:05:21;21000.0;03:18:20;24;Barca, Fabian;1;1254;09-141;CRE. MELAZA 10% A.A. (Los Roanos);203164;263;63.0;65.15;263;SUPLEFEED23
29830;25/8/2026;05:07:33;32000.0;02:40:52;24;Barca, Fabian;1;1259;09-142;CREC. MELAZA 12 % A.A...;203183;263;51.0;52.45;263;SUPLEFEED23
29831;25/8/2026;07:49:40;15000.0;02:18:09;7;Aranda Marcelo Edgardo;0;1259;09-142;CREC. MELAZA 12 % A.A...;203195;263;45.0;45.45;263;SUPLEFEED23
29832;25/8/2026;10:10:59;20000.0;02:51:35;7;Aranda Marcelo Edgardo;0;1120;05-113;RECRIA 16  AL 15%  A.A....;203211;263;60.0;62.15;263;SUPLEFEED23
29833;25/8/2026;13:07:11;12000.0;01:44:22;7;Aranda Marcelo Edgardo;0;1279;19-032;ENGORDE BOVINO 12% A.A. .;203221;263;24.0;25.1;263;SUPLEFEED23
29834;25/8/2026;15:10:45;12000.0;01:10:24;7;Aranda Marcelo Edgardo;0;1093;01-026;TORO SERVICIOS.;203232;263;15.0;15.1;263;SUPLEFEED23
29829;25/8/2026;03:24:32;11988.0;01:41:35;24;Barca, Fabian;1;1044;07-050;DESTETE PRECOZ MELAZA  12% A.A..;203178;265;3.6;3.6;265;NUTRAGEN
29828;25/8/2026;00:05:21;21000.0;03:18:20;24;Barca, Fabian;1;1254;09-141;CRE. MELAZA 10% A.A. (Los Roanos);203163;281;126.0;126.5;281;NITROPEC
29830;25/8/2026;05:07:33;32000.0;02:40:52;24;Barca, Fabian;1;1259;09-142;CREC. MELAZA 12 % A.A...;203187;281;136.0;136.0;281;NITROPEC
29831;25/8/2026;07:49:40;15000.0;02:18:09;7;Aranda Marcelo Edgardo;0;1259;09-142;CREC. MELAZA 12 % A.A...;203205;281;120.0;121.2;281;NITROPEC
29832;25/8/2026;10:10:59;20000.0;02:51:35;7;Aranda Marcelo Edgardo;0;1120;05-113;RECRIA 16  AL 15%  A.A....;203209;281;160.0;159.05;281;NITROPEC
29833;25/8/2026;13:07:11;12000.0;01:44:22;7;Aranda Marcelo Edgardo;0;1279;19-032;ENGORDE BOVINO 12% A.A. .;203224;281;36.0;36.95;281;NITROPEC
29844;26/8/2026;02:05:55;30000.0;05:04:20;24;Barca, Fabian;1;1120;05-113;RECRIA 16  AL 15%  A.A....;203266;2;7590.0;7615.0;2;PELLET AFRECHILLO DE TRIGO
29846;26/8/2026;07:13:58;30000.0;01:27:30;24;Barca, Fabian;1;1120;05-113;RECRIA 16  AL 15%  A.A....;203277;2;313.0;299.0;2;PELLET AFRECHILLO DE TRIGO
29847;26/8/2026;08:42:22;7000.0;00:09:16;7;Aranda Marcelo Edgardo;0;1120;05-113;RECRIA 16  AL 15%  A.A....;203291;2;323.0;322.0;2;PELLET AFRECHILLO DE TRIGO
29848;26/8/2026;08:53:09;6000.0;00:34:31;7;Aranda Marcelo Edgardo;0;1120;05-113;RECRIA 16  AL 15%  A.A....;203304;2;1938.0;1945.0;2;PELLET AFRECHILLO DE TRIGO
29849;26/8/2026;09:30:09;12000.0;01:36:04;7;Aranda Marcelo Edgardo;0;1120;05-113;RECRIA 16  AL 15%  A.A....;203319;2;3876.0;3898.0;2;PELLET AFRECHILLO DE TRIGO
29850;26/8/2026;11:13:33;5000.0;00:28:07;7;Aranda Marcelo Edgardo;0;1120;05-113;RECRIA 16  AL 15%  A.A....;203332;2;1615.0;1621.0;2;PELLET AFRECHILLO DE TRIGO
29851;26/8/2026;12:02:36;6000.0;01:03:04;7;Aranda Marcelo Edgardo;0;529;20-011;SUPLEMENTO 25/35   16% A.A.;203338;2;2580.0;2575.0;2;PELLET AFRECHILLO DE TRIGO
29852;26/8/2026;13:05:58;25000.0;03:21:57;7;Aranda Marcelo Edgardo;0;1259;09-142;CREC. MELAZA 12 % A.A...;203350;2;7277.0;7324.0;2;PELLET AFRECHILLO DE TRIGO
29853;26/8/2026;23:16:07;20000.0;00:12:38;24;Barca, Fabian;1;1259;09-142;CREC. MELAZA 12 % A.A...;203361;2;383.0;397.0;2;PELLET AFRECHILLO DE TRIGO
29854;26/8/2026;23:30:39;24000.0;01:49:07;24;Barca, Fabian;1;1259;09-142;CREC. MELAZA 12 % A.A...;203374;2;3830.0;3809.0;2;PELLET AFRECHILLO DE TRIGO
29837;26/8/2026;00:11:57;2000.0;00:12:37;24;Barca, Fabian;1;1190;FC820;CERDAS GESTACIÓN (LA MALVINA) MAXIMIX.;203248;5;1470.0;1467.0;5;MAIZ
29838;26/8/2026;00:37:30;2000.0;00:11:27;24;Barca, Fabian;1;1281;FC426;INICIADOR CERDOS SANCHEZ MAG 100;203250;5;1200.0;1205.0;5;MAIZ
29839;26/8/2026;00:53:29;3000.0;00:17:19;24;Barca, Fabian;1;1295;FC639;DESARROLLO (Dodorico);203254;5;1968.0;1963.0;5;MAIZ
29840;26/8/2026;01:13:40;3000.0;00:42:08;24;Barca, Fabian;1;1296;FC727;TERMINACION 1 (Dodorico);203257;5;2205.0;2198.0;5;MAIZ
29844;26/8/2026;02:05:55;30000.0;05:04:20;24;Barca, Fabian;1;1120;05-113;RECRIA 16  AL 15%  A.A....;203264;5;9000.0;9032.0;5;MAIZ
29846;26/8/2026;07:13:58;30000.0;01:27:30;24;Barca, Fabian;1;1120;05-113;RECRIA 16  AL 15%  A.A....;203276;5;300.0;308.0;5;MAIZ
29847;26/8/2026;08:42:22;7000.0;00:09:16;7;Aranda Marcelo Edgardo;0;1120;05-113;RECRIA 16  AL 15%  A.A....;203288;5;300.0;303.0;5;MAIZ
29848;26/8/2026;08:53:09;6000.0;00:34:31;7;Aranda Marcelo Edgardo;0;1120;05-113;RECRIA 16  AL 15%  A.A....;203301;5;1800.0;1801.0;5;MAIZ
29849;26/8/2026;09:30:09;12000.0;01:36:04;7;Aranda Marcelo Edgardo;0;1120;05-113;RECRIA 16  AL 15%  A.A....;203316;5;3600.0;3625.0;5;MAIZ
29850;26/8/2026;11:13:33;5000.0;00:28:07;7;Aranda Marcelo Edgardo;0;1120;05-113;RECRIA 16  AL 15%  A.A....;203329;5;1500.0;1510.0;5;MAIZ
29852;26/8/2026;13:05:58;25000.0;03:21:57;7;Aranda Marcelo Edgardo;0;1259;09-142;CREC. MELAZA 12 % A.A...;203347;5;6080.0;6136.0;5;MAIZ
29853;26/8/2026;23:16:07;20000.0;00:12:38;24;Barca, Fabian;1;1259;09-142;CREC. MELAZA 12 % A.A...;203359;5;320.0;322.0;5;MAIZ
29854;26/8/2026;23:30:39;24000.0;01:49:07;24;Barca, Fabian;1;1259;09-142;CREC. MELAZA 12 % A.A...;203371;5;3200.0;3208.0;5;MAIZ
29844;26/8/2026;02:05:55;30000.0;05:04:20;24;Barca, Fabian;1;1120;05-113;RECRIA 16  AL 15%  A.A....;203269;7;1200.0;1228.0;7;CASCARA ARROZ
29846;26/8/2026;07:13:58;30000.0;01:27:30;24;Barca, Fabian;1;1120;05-113;RECRIA 16  AL 15%  A.A....;203279;7;40.0;37.0;7;CASCARA ARROZ
29847;26/8/2026;08:42:22;7000.0;00:09:16;7;Aranda Marcelo Edgardo;0;1120;05-113;RECRIA 16  AL 15%  A.A....;203294;7;40.0;44.0;7;CASCARA ARROZ
29848;26/8/2026;08:53:09;6000.0;00:34:31;7;Aranda Marcelo Edgardo;0;1120;05-113;RECRIA 16  AL 15%  A.A....;203306;7;240.0;261.0;7;CASCARA ARROZ
29849;26/8/2026;09:30:09;12000.0;01:36:04;7;Aranda Marcelo Edgardo;0;1120;05-113;RECRIA 16  AL 15%  A.A....;203321;7;480.0;530.0;7;CASCARA ARROZ
29850;26/8/2026;11:13:33;5000.0;00:28:07;7;Aranda Marcelo Edgardo;0;1120;05-113;RECRIA 16  AL 15%  A.A....;203334;7;200.0;201.0;7;CASCARA ARROZ
29851;26/8/2026;12:02:36;6000.0;01:03:04;7;Aranda Marcelo Edgardo;0;529;20-011;SUPLEMENTO 25/35   16% A.A.;203339;7;720.0;735.0;7;CASCARA ARROZ
29852;26/8/2026;13:05:58;25000.0;03:21:57;7;Aranda Marcelo Edgardo;0;1259;09-142;CREC. MELAZA 12 % A.A...;203352;7;760.0;761.0;7;CASCARA ARROZ
29853;26/8/2026;23:16:07;20000.0;00:12:38;24;Barca, Fabian;1;1259;09-142;CREC. MELAZA 12 % A.A...;203364;7;40.0;40.0;7;CASCARA ARROZ
29854;26/8/2026;23:30:39;24000.0;01:49:07;24;Barca, Fabian;1;1259;09-142;CREC. MELAZA 12 % A.A...;203376;7;400.0;391.0;7;CASCARA ARROZ
29844;26/8/2026;02:05:55;30000.0;05:04:20;24;Barca, Fabian;1;1120;05-113;RECRIA 16  AL 15%  A.A....;203260;8;2100.0;2111.1;8;AFRECHO ARROZ
29846;26/8/2026;07:13:58;30000.0;01:27:30;24;Barca, Fabian;1;1120;05-113;RECRIA 16  AL 15%  A.A....;203273;8;60.0;62.8;8;AFRECHO ARROZ
29847;26/8/2026;08:42:22;7000.0;00:09:16;7;Aranda Marcelo Edgardo;0;1120;05-113;RECRIA 16  AL 15%  A.A....;203297;8;50.0;50.0;8;AFRECHO ARROZ
29848;26/8/2026;08:53:09;6000.0;00:34:31;7;Aranda Marcelo Edgardo;0;1120;05-113;RECRIA 16  AL 15%  A.A....;203299;8;300.0;295.4;8;AFRECHO ARROZ
29849;26/8/2026;09:30:09;12000.0;01:36:04;7;Aranda Marcelo Edgardo;0;1120;05-113;RECRIA 16  AL 15%  A.A....;203312;8;600.0;631.3;8;AFRECHO ARROZ
29850;26/8/2026;11:13:33;5000.0;00:28:07;7;Aranda Marcelo Edgardo;0;1120;05-113;RECRIA 16  AL 15%  A.A....;203325;8;250.0;253.8;8;AFRECHO ARROZ
29851;26/8/2026;12:02:36;6000.0;01:03:04;7;Aranda Marcelo Edgardo;0;529;20-011;SUPLEMENTO 25/35   16% A.A.;203337;8;1200.0;1207.2;8;AFRECHO ARROZ
29852;26/8/2026;13:05:58;25000.0;03:21:57;7;Aranda Marcelo Edgardo;0;1259;09-142;CREC. MELAZA 12 % A.A...;203343;8;1330.0;1327.2;8;AFRECHO ARROZ
29853;26/8/2026;23:16:07;20000.0;00:12:38;24;Barca, Fabian;1;1259;09-142;CREC. MELAZA 12 % A.A...;203356;8;70.0;78.3;8;AFRECHO ARROZ
29854;26/8/2026;23:30:39;24000.0;01:49:07;24;Barca, Fabian;1;1259;09-142;CREC. MELAZA 12 % A.A...;203367;8;700.0;715.5;8;AFRECHO ARROZ
29844;26/8/2026;02:05:55;30000.0;05:04:20;24;Barca, Fabian;1;1120;05-113;RECRIA 16  AL 15%  A.A....;203265;10;210.0;206.5;10;UREA
29846;26/8/2026;07:13:58;30000.0;01:27:30;24;Barca, Fabian;1;1120;05-113;RECRIA 16  AL 15%  A.A....;203283;10;7.0;7.0;10;UREA
29847;26/8/2026;08:42:22;7000.0;00:09:16;7;Aranda Marcelo Edgardo;0;1120;05-113;RECRIA 16  AL 15%  A.A....;203290;10;7.0;5.1;10;UREA
29848;26/8/2026;08:53:09;6000.0;00:34:31;7;Aranda Marcelo Edgardo;0;1120;05-113;RECRIA 16  AL 15%  A.A....;203302;10;42.0;42.2;10;UREA
29849;26/8/2026;09:30:09;12000.0;01:36:04;7;Aranda Marcelo Edgardo;0;1120;05-113;RECRIA 16  AL 15%  A.A....;203317;10;84.0;85.7;10;UREA
29850;26/8/2026;11:13:33;5000.0;00:28:07;7;Aranda Marcelo Edgardo;0;1120;05-113;RECRIA 16  AL 15%  A.A....;203330;10;35.0;39.5;10;UREA
29852;26/8/2026;13:05:58;25000.0;03:21:57;7;Aranda Marcelo Edgardo;0;1259;09-142;CREC. MELAZA 12 % A.A...;203348;10;133.0;141.7;10;UREA
29853;26/8/2026;23:16:07;20000.0;00:12:38;24;Barca, Fabian;1;1259;09-142;CREC. MELAZA 12 % A.A...;203360;10;7.0;4.2;10;UREA
29854;26/8/2026;23:30:39;24000.0;01:49:07;24;Barca, Fabian;1;1259;09-142;CREC. MELAZA 12 % A.A...;203372;10;70.0;67.7;10;UREA
29844;26/8/2026;02:05:55;30000.0;05:04:20;24;Barca, Fabian;1;1120;05-113;RECRIA 16  AL 15%  A.A....;203262;11;480.0;491.7;11;SAL
29846;26/8/2026;07:13:58;30000.0;01:27:30;24;Barca, Fabian;1;1120;05-113;RECRIA 16  AL 15%  A.A....;203282;11;16.0;18.5;11;SAL
29847;26/8/2026;08:42:22;7000.0;00:09:16;7;Aranda Marcelo Edgardo;0;1120;05-113;RECRIA 16  AL 15%  A.A....;203286;11;16.0;19.0;11;SAL
29848;26/8/2026;08:53:09;6000.0;00:34:31;7;Aranda Marcelo Edgardo;0;1120;05-113;RECRIA 16  AL 15%  A.A....;203300;11;96.0;96.5;11;SAL
29849;26/8/2026;09:30:09;12000.0;01:36:04;7;Aranda Marcelo Edgardo;0;1120;05-113;RECRIA 16  AL 15%  A.A....;203314;11;192.0;195.5;11;SAL
29850;26/8/2026;11:13:33;5000.0;00:28:07;7;Aranda Marcelo Edgardo;0;1120;05-113;RECRIA 16  AL 15%  A.A....;203326;11;80.0;84.4;11;SAL
29852;26/8/2026;13:05:58;25000.0;03:21:57;7;Aranda Marcelo Edgardo;0;1259;09-142;CREC. MELAZA 12 % A.A...;203349;11;304.0;311.7;11;SAL
29853;26/8/2026;23:16:07;20000.0;00:12:38;24;Barca, Fabian;1;1259;09-142;CREC. MELAZA 12 % A.A...;203363;11;16.0;15.5;11;SAL
29854;26/8/2026;23:30:39;24000.0;01:49:07;24;Barca, Fabian;1;1259;09-142;CREC. MELAZA 12 % A.A...;203373;11;160.0;160.7;11;SAL
29837;26/8/2026;00:11:57;2000.0;00:12:37;24;Barca, Fabian;1;1190;FC820;CERDAS GESTACIÓN (LA MALVINA) MAXIMIX.;203249;19;468.0;485.0;19;EXP SOJA
29838;26/8/2026;00:37:30;2000.0;00:11:27;24;Barca, Fabian;1;1281;FC426;INICIADOR CERDOS SANCHEZ MAG 100;203251;19;600.0;596.0;19;EXP SOJA
29839;26/8/2026;00:53:29;3000.0;00:17:19;24;Barca, Fabian;1;1295;FC639;DESARROLLO (Dodorico);203255;19;942.0;949.0;19;EXP SOJA
29840;26/8/2026;01:13:40;3000.0;00:42:08;24;Barca, Fabian;1;1296;FC727;TERMINACION 1 (Dodorico);203258;19;720.0;714.0;19;EXP SOJA
29844;26/8/2026;02:05:55;30000.0;05:04:20;24;Barca, Fabian;1;1120;05-113;RECRIA 16  AL 15%  A.A....;203270;19;900.0;939.0;19;EXP SOJA
29846;26/8/2026;07:13:58;30000.0;01:27:30;24;Barca, Fabian;1;1120;05-113;RECRIA 16  AL 15%  A.A....;203280;19;30.0;40.0;19;EXP SOJA
29847;26/8/2026;08:42:22;7000.0;00:09:16;7;Aranda Marcelo Edgardo;0;1120;05-113;RECRIA 16  AL 15%  A.A....;203295;19;30.0;28.0;19;EXP SOJA
29848;26/8/2026;08:53:09;6000.0;00:34:31;7;Aranda Marcelo Edgardo;0;1120;05-113;RECRIA 16  AL 15%  A.A....;203307;19;180.0;181.0;19;EXP SOJA
29849;26/8/2026;09:30:09;12000.0;01:36:04;7;Aranda Marcelo Edgardo;0;1120;05-113;RECRIA 16  AL 15%  A.A....;203322;19;360.0;383.0;19;EXP SOJA
29850;26/8/2026;11:13:33;5000.0;00:28:07;7;Aranda Marcelo Edgardo;0;1120;05-113;RECRIA 16  AL 15%  A.A....;203335;19;150.0;156.0;19;EXP SOJA
29852;26/8/2026;13:05:58;25000.0;03:21:57;7;Aranda Marcelo Edgardo;0;1259;09-142;CREC. MELAZA 12 % A.A...;203351;19;570.0;620.0;19;EXP SOJA
29853;26/8/2026;23:16:07;20000.0;00:12:38;24;Barca, Fabian;1;1259;09-142;CREC. MELAZA 12 % A.A...;203362;19;30.0;20.0;19;EXP SOJA
29854;26/8/2026;23:30:39;24000.0;01:49:07;24;Barca, Fabian;1;1259;09-142;CREC. MELAZA 12 % A.A...;203375;19;300.0;346.0;19;EXP SOJA
29844;26/8/2026;02:05:55;30000.0;05:04:20;24;Barca, Fabian;1;1120;05-113;RECRIA 16  AL 15%  A.A....;203271;73;2100.0;2092.0;73;PELLET CASCARA DE SOJA
29846;26/8/2026;07:13:58;30000.0;01:27:30;24;Barca, Fabian;1;1120;05-113;RECRIA 16  AL 15%  A.A....;203281;73;70.0;71.0;73;PELLET CASCARA DE SOJA
29847;26/8/2026;08:42:22;7000.0;00:09:16;7;Aranda Marcelo Edgardo;0;1120;05-113;RECRIA 16  AL 15%  A.A....;203296;73;70.0;71.0;73;PELLET CASCARA DE SOJA
29848;26/8/2026;08:53:09;6000.0;00:34:31;7;Aranda Marcelo Edgardo;0;1120;05-113;RECRIA 16  AL 15%  A.A....;203308;73;420.0;427.0;73;PELLET CASCARA DE SOJA
29849;26/8/2026;09:30:09;12000.0;01:36:04;7;Aranda Marcelo Edgardo;0;1120;05-113;RECRIA 16  AL 15%  A.A....;203323;73;840.0;872.0;73;PELLET CASCARA DE SOJA
29850;26/8/2026;11:13:33;5000.0;00:28:07;7;Aranda Marcelo Edgardo;0;1120;05-113;RECRIA 16  AL 15%  A.A....;203336;73;350.0;365.0;73;PELLET CASCARA DE SOJA
29852;26/8/2026;13:05:58;25000.0;03:21:57;7;Aranda Marcelo Edgardo;0;1259;09-142;CREC. MELAZA 12 % A.A...;203353;73;1330.0;1351.0;73;PELLET CASCARA DE SOJA
29853;26/8/2026;23:16:07;20000.0;00:12:38;24;Barca, Fabian;1;1259;09-142;CREC. MELAZA 12 % A.A...;203365;73;70.0;70.0;73;PELLET CASCARA DE SOJA
29854;26/8/2026;23:30:39;24000.0;01:49:07;24;Barca, Fabian;1;1259;09-142;CREC. MELAZA 12 % A.A...;203377;73;700.0;716.0;73;PELLET CASCARA DE SOJA
29844;26/8/2026;02:05:55;30000.0;05:04:20;24;Barca, Fabian;1;1120;05-113;RECRIA 16  AL 15%  A.A....;203267;84;900.0;901.6;84;BENTONITA
29846;26/8/2026;07:13:58;30000.0;01:27:30;24;Barca, Fabian;1;1120;05-113;RECRIA 16  AL 15%  A.A....;203284;84;30.0;29.7;84;BENTONITA
29847;26/8/2026;08:42:22;7000.0;00:09:16;7;Aranda Marcelo Edgardo;0;1120;05-113;RECRIA 16  AL 15%  A.A....;203293;84;30.0;40.0;84;BENTONITA
29848;26/8/2026;08:53:09;6000.0;00:34:31;7;Aranda Marcelo Edgardo;0;1120;05-113;RECRIA 16  AL 15%  A.A....;203303;84;180.0;180.5;84;BENTONITA
29849;26/8/2026;09:30:09;12000.0;01:36:04;7;Aranda Marcelo Edgardo;0;1120;05-113;RECRIA 16  AL 15%  A.A....;203318;84;360.0;358.3;84;BENTONITA
29850;26/8/2026;11:13:33;5000.0;00:28:07;7;Aranda Marcelo Edgardo;0;1120;05-113;RECRIA 16  AL 15%  A.A....;203331;84;150.0;151.1;84;BENTONITA
29852;26/8/2026;13:05:58;25000.0;03:21:57;7;Aranda Marcelo Edgardo;0;1259;09-142;CREC. MELAZA 12 % A.A...;203344;84;570.0;585.9;84;BENTONITA
29853;26/8/2026;23:16:07;20000.0;00:12:38;24;Barca, Fabian;1;1259;09-142;CREC. MELAZA 12 % A.A...;203355;84;30.0;26.1;84;BENTONITA
29854;26/8/2026;23:30:39;24000.0;01:49:07;24;Barca, Fabian;1;1259;09-142;CREC. MELAZA 12 % A.A...;203368;84;300.0;302.8;84;BENTONITA
29851;26/8/2026;12:02:36;6000.0;01:03:04;7;Aranda Marcelo Edgardo;0;529;20-011;SUPLEMENTO 25/35   16% A.A.;203341;135;900.0;889.0;135;CUARTA DE CEBADA (hp2º)
29844;26/8/2026;02:05:55;30000.0;05:04:20;24;Barca, Fabian;1;1120;05-113;RECRIA 16  AL 15%  A.A....;203268;137;4500.0;4477.0;137;AFRECHILLO DE TRIGO 
29846;26/8/2026;07:13:58;30000.0;01:27:30;24;Barca, Fabian;1;1120;05-113;RECRIA 16  AL 15%  A.A....;203278;137;100.0;95.0;137;AFRECHILLO DE TRIGO 
29847;26/8/2026;08:42:22;7000.0;00:09:16;7;Aranda Marcelo Edgardo;0;1120;05-113;RECRIA 16  AL 15%  A.A....;203292;137;100.0;108.0;137;AFRECHILLO DE TRIGO 
29848;26/8/2026;08:53:09;6000.0;00:34:31;7;Aranda Marcelo Edgardo;0;1120;05-113;RECRIA 16  AL 15%  A.A....;203305;137;600.0;615.0;137;AFRECHILLO DE TRIGO 
29849;26/8/2026;09:30:09;12000.0;01:36:04;7;Aranda Marcelo Edgardo;0;1120;05-113;RECRIA 16  AL 15%  A.A....;203320;137;1200.0;1202.0;137;AFRECHILLO DE TRIGO 
29850;26/8/2026;11:13:33;5000.0;00:28:07;7;Aranda Marcelo Edgardo;0;1120;05-113;RECRIA 16  AL 15%  A.A....;203333;137;500.0;520.0;137;AFRECHILLO DE TRIGO 
29851;26/8/2026;12:02:36;6000.0;01:03:04;7;Aranda Marcelo Edgardo;0;529;20-011;SUPLEMENTO 25/35   16% A.A.;203340;137;600.0;627.0;137;AFRECHILLO DE TRIGO 
29844;26/8/2026;02:05:55;30000.0;05:04:20;24;Barca, Fabian;1;1120;05-113;RECRIA 16  AL 15%  A.A....;203259;154;690.0;695.8;154;CARBONATO DE CALCIO
29846;26/8/2026;07:13:58;30000.0;01:27:30;24;Barca, Fabian;1;1120;05-113;RECRIA 16  AL 15%  A.A....;203272;154;23.0;24.3;154;CARBONATO DE CALCIO
29847;26/8/2026;08:42:22;7000.0;00:09:16;7;Aranda Marcelo Edgardo;0;1120;05-113;RECRIA 16  AL 15%  A.A....;203285;154;23.0;20.9;154;CARBONATO DE CALCIO
29848;26/8/2026;08:53:09;6000.0;00:34:31;7;Aranda Marcelo Edgardo;0;1120;05-113;RECRIA 16  AL 15%  A.A....;203298;154;138.0;141.3;154;CARBONATO DE CALCIO
29849;26/8/2026;09:30:09;12000.0;01:36:04;7;Aranda Marcelo Edgardo;0;1120;05-113;RECRIA 16  AL 15%  A.A....;203311;154;276.0;276.9;154;CARBONATO DE CALCIO
29850;26/8/2026;11:13:33;5000.0;00:28:07;7;Aranda Marcelo Edgardo;0;1120;05-113;RECRIA 16  AL 15%  A.A....;203324;154;115.0;118.6;154;CARBONATO DE CALCIO
29852;26/8/2026;13:05:58;25000.0;03:21:57;7;Aranda Marcelo Edgardo;0;1259;09-142;CREC. MELAZA 12 % A.A...;203345;154;437.0;432.4;154;CARBONATO DE CALCIO
29853;26/8/2026;23:16:07;20000.0;00:12:38;24;Barca, Fabian;1;1259;09-142;CREC. MELAZA 12 % A.A...;203357;154;23.0;29.4;154;CARBONATO DE CALCIO
29854;26/8/2026;23:30:39;24000.0;01:49:07;24;Barca, Fabian;1;1259;09-142;CREC. MELAZA 12 % A.A...;203369;154;230.0;231.2;154;CARBONATO DE CALCIO
29837;26/8/2026;00:11:57;2000.0;00:12:37;24;Barca, Fabian;1;1190;FC820;CERDAS GESTACIÓN (LA MALVINA) MAXIMIX.;203247;187;62.0;66.7;187;MAXIMIX CERDAS REP PLUS 3.1
29839;26/8/2026;00:53:29;3000.0;00:17:19;24;Barca, Fabian;1;1295;FC639;DESARROLLO (Dodorico);203253;190;90.0;90.9;190;MAXIMIX CERDOS CREC. Y TERM.
29840;26/8/2026;01:13:40;3000.0;00:42:08;24;Barca, Fabian;1;1296;FC727;TERMINACION 1 (Dodorico);203256;190;75.0;74.8;190;MAXIMIX CERDOS CREC. Y TERM.
29844;26/8/2026;02:05:55;30000.0;05:04:20;24;Barca, Fabian;1;1120;05-113;RECRIA 16  AL 15%  A.A....;203263;263;90.0;91.45;263;SUPLEFEED23
29846;26/8/2026;07:13:58;30000.0;01:27:30;24;Barca, Fabian;1;1120;05-113;RECRIA 16  AL 15%  A.A....;203275;263;3.0;2.75;263;SUPLEFEED23
29847;26/8/2026;08:42:22;7000.0;00:09:16;7;Aranda Marcelo Edgardo;0;1120;05-113;RECRIA 16  AL 15%  A.A....;203289;263;3.0;2.75;263;SUPLEFEED23
29848;26/8/2026;08:53:09;6000.0;00:34:31;7;Aranda Marcelo Edgardo;0;1120;05-113;RECRIA 16  AL 15%  A.A....;203310;263;18.0;18.45;263;SUPLEFEED23
29849;26/8/2026;09:30:09;12000.0;01:36:04;7;Aranda Marcelo Edgardo;0;1120;05-113;RECRIA 16  AL 15%  A.A....;203315;263;36.0;36.0;263;SUPLEFEED23
29850;26/8/2026;11:13:33;5000.0;00:28:07;7;Aranda Marcelo Edgardo;0;1120;05-113;RECRIA 16  AL 15%  A.A....;203328;263;15.0;15.4;263;SUPLEFEED23
29852;26/8/2026;13:05:58;25000.0;03:21:57;7;Aranda Marcelo Edgardo;0;1259;09-142;CREC. MELAZA 12 % A.A...;203342;263;57.0;57.4;263;SUPLEFEED23
29853;26/8/2026;23:16:07;20000.0;00:12:38;24;Barca, Fabian;1;1259;09-142;CREC. MELAZA 12 % A.A...;203354;263;3.0;2.3;263;SUPLEFEED23
29854;26/8/2026;23:30:39;24000.0;01:49:07;24;Barca, Fabian;1;1259;09-142;CREC. MELAZA 12 % A.A...;203366;263;30.0;30.55;263;SUPLEFEED23
29844;26/8/2026;02:05:55;30000.0;05:04:20;24;Barca, Fabian;1;1120;05-113;RECRIA 16  AL 15%  A.A....;203261;281;240.0;239.35;281;NITROPEC
29846;26/8/2026;07:13:58;30000.0;01:27:30;24;Barca, Fabian;1;1120;05-113;RECRIA 16  AL 15%  A.A....;203274;281;8.0;8.55;281;NITROPEC
29847;26/8/2026;08:42:22;7000.0;00:09:16;7;Aranda Marcelo Edgardo;0;1120;05-113;RECRIA 16  AL 15%  A.A....;203287;281;8.0;7.6;281;NITROPEC
29848;26/8/2026;08:53:09;6000.0;00:34:31;7;Aranda Marcelo Edgardo;0;1120;05-113;RECRIA 16  AL 15%  A.A....;203309;281;48.0;49.7;281;NITROPEC
29849;26/8/2026;09:30:09;12000.0;01:36:04;7;Aranda Marcelo Edgardo;0;1120;05-113;RECRIA 16  AL 15%  A.A....;203313;281;96.0;96.75;281;NITROPEC
29850;26/8/2026;11:13:33;5000.0;00:28:07;7;Aranda Marcelo Edgardo;0;1120;05-113;RECRIA 16  AL 15%  A.A....;203327;281;40.0;41.85;281;NITROPEC
29852;26/8/2026;13:05:58;25000.0;03:21:57;7;Aranda Marcelo Edgardo;0;1259;09-142;CREC. MELAZA 12 % A.A...;203346;281;152.0;154.3;281;NITROPEC
29853;26/8/2026;23:16:07;20000.0;00:12:38;24;Barca, Fabian;1;1259;09-142;CREC. MELAZA 12 % A.A...;203358;281;8.0;7.7;281;NITROPEC
29854;26/8/2026;23:30:39;24000.0;01:49:07;24;Barca, Fabian;1;1259;09-142;CREC. MELAZA 12 % A.A...;203370;281;80.0;81.9;281;NITROPEC
29838;26/8/2026;00:37:30;2000.0;00:11:27;24;Barca, Fabian;1;1281;FC426;INICIADOR CERDOS SANCHEZ MAG 100;203252;293;200.0;205.6;293;MAGNUM 100
29856;27/8/2026;01:21:44;14000.0;01:41:49;24;Barca, Fabian;1;1259;09-142;CREC. MELAZA 12 % A.A...;203385;2;5782.0;5795.0;2;PELLET AFRECHILLO DE TRIGO
29857;27/8/2026;03:07:58;21000.0;03:19:57;24;Barca, Fabian;1;1042;10-031;TER MELAZA 12.8%AA...;203396;2;11277.0;11299.0;2;PELLET AFRECHILLO DE TRIGO
29860;27/8/2026;06:32:35;23000.0;01:38:49;24;Barca, Fabian;1;773;25-031;FIBROMIXER PASTOREO 16%A.A. (P Girasol Común);203401;2;4560.0;4576.0;2;PELLET AFRECHILLO DE TRIGO
29861;27/8/2026;08:12:30;13000.0;00:17:16;7;Aranda Marcelo Edgardo;0;773;25-031;FIBROMIXER PASTOREO 16%A.A. (P Girasol Común);203411;2;912.0;913.0;2;PELLET AFRECHILLO DE TRIGO
29862;27/8/2026;08:30:02;11000.0;02:48:48;7;Aranda Marcelo Edgardo;0;773;25-031;FIBROMIXER PASTOREO 16%A.A. (P Girasol Común);203421;2;281.0;276.0;2;PELLET AFRECHILLO DE TRIGO
29863;27/8/2026;11:20:21;40000.0;00:42:06;7;Aranda Marcelo Edgardo;0;1259;09-142;CREC. MELAZA 12 % A.A...;203438;2;1615.0;1652.0;2;PELLET AFRECHILLO DE TRIGO
29864;27/8/2026;12:02:51;35000.0;02:37:14;7;Aranda Marcelo Edgardo;0;1259;09-142;CREC. MELAZA 12 % A.A...;203450;2;6137.0;6143.0;2;PELLET AFRECHILLO DE TRIGO
29865;27/8/2026;14:47:42;10000.0;01:59:17;7;Aranda Marcelo Edgardo;0;773;25-031;FIBROMIXER PASTOREO 16%A.A. (P Girasol Común);203459;2;2810.0;2791.0;2;PELLET AFRECHILLO DE TRIGO
29866;27/8/2026;16:56:14;20000.0;01:54:15;7;Aranda Marcelo Edgardo;0;1259;09-142;CREC. MELAZA 12 % A.A...;203471;2;4199.0;4257.0;2;PELLET AFRECHILLO DE TRIGO
29856;27/8/2026;01:21:44;14000.0;01:41:49;24;Barca, Fabian;1;1259;09-142;CREC. MELAZA 12 % A.A...;203383;5;4480.0;4471.0;5;MAIZ
29857;27/8/2026;03:07:58;21000.0;03:19:57;24;Barca, Fabian;1;1042;10-031;TER MELAZA 12.8%AA...;203394;5;6300.0;6300.0;5;MAIZ
29860;27/8/2026;06:32:35;23000.0;01:38:49;24;Barca, Fabian;1;773;25-031;FIBROMIXER PASTOREO 16%A.A. (P Girasol Común);203399;5;1250.0;1261.0;5;MAIZ
29861;27/8/2026;08:12:30;13000.0;00:17:16;7;Aranda Marcelo Edgardo;0;773;25-031;FIBROMIXER PASTOREO 16%A.A. (P Girasol Común);203409;5;250.0;247.0;5;MAIZ
29862;27/8/2026;08:30:02;11000.0;02:48:48;7;Aranda Marcelo Edgardo;0;773;25-031;FIBROMIXER PASTOREO 16%A.A. (P Girasol Común);203418;5;50.0;48.0;5;MAIZ
29863;27/8/2026;11:20:21;40000.0;00:42:06;7;Aranda Marcelo Edgardo;0;1259;09-142;CREC. MELAZA 12 % A.A...;203435;5;1500.0;1509.0;5;MAIZ
29864;27/8/2026;12:02:51;35000.0;02:37:14;7;Aranda Marcelo Edgardo;0;1259;09-142;CREC. MELAZA 12 % A.A...;203446;5;2850.0;2883.0;5;MAIZ
29866;27/8/2026;16:56:14;20000.0;01:54:15;7;Aranda Marcelo Edgardo;0;1259;09-142;CREC. MELAZA 12 % A.A...;203469;5;1950.0;1962.0;5;MAIZ
29862;27/8/2026;08:30:02;11000.0;02:48:48;7;Aranda Marcelo Edgardo;0;773;25-031;FIBROMIXER PASTOREO 16%A.A. (P Girasol Común);203425;7;100.0;107.0;7;CASCARA ARROZ
29863;27/8/2026;11:20:21;40000.0;00:42:06;7;Aranda Marcelo Edgardo;0;1259;09-142;CREC. MELAZA 12 % A.A...;203441;7;200.0;217.0;7;CASCARA ARROZ
29864;27/8/2026;12:02:51;35000.0;02:37:14;7;Aranda Marcelo Edgardo;0;1259;09-142;CREC. MELAZA 12 % A.A...;203453;7;760.0;784.0;7;CASCARA ARROZ
29865;27/8/2026;14:47:42;10000.0;01:59:17;7;Aranda Marcelo Edgardo;0;773;25-031;FIBROMIXER PASTOREO 16%A.A. (P Girasol Común);203463;7;1000.0;1021.0;7;CASCARA ARROZ
29866;27/8/2026;16:56:14;20000.0;01:54:15;7;Aranda Marcelo Edgardo;0;1259;09-142;CREC. MELAZA 12 % A.A...;203475;7;520.0;517.0;7;CASCARA ARROZ
29856;27/8/2026;01:21:44;14000.0;01:41:49;24;Barca, Fabian;1;1259;09-142;CREC. MELAZA 12 % A.A...;203380;8;980.0;971.1;8;AFRECHO ARROZ
29857;27/8/2026;03:07:58;21000.0;03:19:57;24;Barca, Fabian;1;1042;10-031;TER MELAZA 12.8%AA...;203391;8;1680.0;1725.7;8;AFRECHO ARROZ
29860;27/8/2026;06:32:35;23000.0;01:38:49;24;Barca, Fabian;1;773;25-031;FIBROMIXER PASTOREO 16%A.A. (P Girasol Común);203400;8;1000.0;980.6;8;AFRECHO ARROZ
29861;27/8/2026;08:12:30;13000.0;00:17:16;7;Aranda Marcelo Edgardo;0;773;25-031;FIBROMIXER PASTOREO 16%A.A. (P Girasol Común);203410;8;200.0;209.8;8;AFRECHO ARROZ
29862;27/8/2026;08:30:02;11000.0;02:48:48;7;Aranda Marcelo Edgardo;0;773;25-031;FIBROMIXER PASTOREO 16%A.A. (P Girasol Común);203420;8;120.0;125.1;8;AFRECHO ARROZ
29863;27/8/2026;11:20:21;40000.0;00:42:06;7;Aranda Marcelo Edgardo;0;1259;09-142;CREC. MELAZA 12 % A.A...;203431;8;250.0;243.1;8;AFRECHO ARROZ
29864;27/8/2026;12:02:51;35000.0;02:37:14;7;Aranda Marcelo Edgardo;0;1259;09-142;CREC. MELAZA 12 % A.A...;203444;8;950.0;951.9;8;AFRECHO ARROZ
29865;27/8/2026;14:47:42;10000.0;01:59:17;7;Aranda Marcelo Edgardo;0;773;25-031;FIBROMIXER PASTOREO 16%A.A. (P Girasol Común);203458;8;1000.0;999.8;8;AFRECHO ARROZ
29866;27/8/2026;16:56:14;20000.0;01:54:15;7;Aranda Marcelo Edgardo;0;1259;09-142;CREC. MELAZA 12 % A.A...;203468;8;650.0;640.3;8;AFRECHO ARROZ
29856;27/8/2026;01:21:44;14000.0;01:41:49;24;Barca, Fabian;1;1259;09-142;CREC. MELAZA 12 % A.A...;203384;10;98.0;98.9;10;UREA
29857;27/8/2026;03:07:58;21000.0;03:19:57;24;Barca, Fabian;1;1042;10-031;TER MELAZA 12.8%AA...;203393;10;105.0;108.9;10;UREA
29860;27/8/2026;06:32:35;23000.0;01:38:49;24;Barca, Fabian;1;773;25-031;FIBROMIXER PASTOREO 16%A.A. (P Girasol Común);203406;10;190.0;194.9;10;UREA
29861;27/8/2026;08:12:30;13000.0;00:17:16;7;Aranda Marcelo Edgardo;0;773;25-031;FIBROMIXER PASTOREO 16%A.A. (P Girasol Común);203416;10;38.0;36.9;10;UREA
29862;27/8/2026;08:30:02;11000.0;02:48:48;7;Aranda Marcelo Edgardo;0;773;25-031;FIBROMIXER PASTOREO 16%A.A. (P Girasol Común);203423;10;19.0;21.7;10;UREA
29863;27/8/2026;11:20:21;40000.0;00:42:06;7;Aranda Marcelo Edgardo;0;1259;09-142;CREC. MELAZA 12 % A.A...;203436;10;35.0;36.8;10;UREA
29864;27/8/2026;12:02:51;35000.0;02:37:14;7;Aranda Marcelo Edgardo;0;1259;09-142;CREC. MELAZA 12 % A.A...;203449;10;133.0;135.1;10;UREA
29865;27/8/2026;14:47:42;10000.0;01:59:17;7;Aranda Marcelo Edgardo;0;773;25-031;FIBROMIXER PASTOREO 16%A.A. (P Girasol Común);203461;10;190.0;192.9;10;UREA
29866;27/8/2026;16:56:14;20000.0;01:54:15;7;Aranda Marcelo Edgardo;0;1259;09-142;CREC. MELAZA 12 % A.A...;203477;10;91.0;95.5;10;UREA
29856;27/8/2026;01:21:44;14000.0;01:41:49;24;Barca, Fabian;1;1259;09-142;CREC. MELAZA 12 % A.A...;203386;11;224.0;236.9;11;SAL
29857;27/8/2026;03:07:58;21000.0;03:19:57;24;Barca, Fabian;1;1042;10-031;TER MELAZA 12.8%AA...;203392;11;273.0;288.8;11;SAL
29860;27/8/2026;06:32:35;23000.0;01:38:49;24;Barca, Fabian;1;773;25-031;FIBROMIXER PASTOREO 16%A.A. (P Girasol Común);203402;11;290.0;294.7;11;SAL
29861;27/8/2026;08:12:30;13000.0;00:17:16;7;Aranda Marcelo Edgardo;0;773;25-031;FIBROMIXER PASTOREO 16%A.A. (P Girasol Común);203415;11;58.0;57.6;11;SAL
29862;27/8/2026;08:30:02;11000.0;02:48:48;7;Aranda Marcelo Edgardo;0;773;25-031;FIBROMIXER PASTOREO 16%A.A. (P Girasol Común);203422;11;29.0;26.1;11;SAL
29863;27/8/2026;11:20:21;40000.0;00:42:06;7;Aranda Marcelo Edgardo;0;1259;09-142;CREC. MELAZA 12 % A.A...;203437;11;80.0;80.7;11;SAL
29864;27/8/2026;12:02:51;35000.0;02:37:14;7;Aranda Marcelo Edgardo;0;1259;09-142;CREC. MELAZA 12 % A.A...;203456;11;304.0;320.9;11;SAL
29865;27/8/2026;14:47:42;10000.0;01:59:17;7;Aranda Marcelo Edgardo;0;773;25-031;FIBROMIXER PASTOREO 16%A.A. (P Girasol Común);203460;11;290.0;295.9;11;SAL
29866;27/8/2026;16:56:14;20000.0;01:54:15;7;Aranda Marcelo Edgardo;0;1259;09-142;CREC. MELAZA 12 % A.A...;203479;11;208.0;209.5;11;SAL
29856;27/8/2026;01:21:44;14000.0;01:41:49;24;Barca, Fabian;1;1259;09-142;CREC. MELAZA 12 % A.A...;203387;19;420.0;400.0;19;EXP SOJA
29860;27/8/2026;06:32:35;23000.0;01:38:49;24;Barca, Fabian;1;773;25-031;FIBROMIXER PASTOREO 16%A.A. (P Girasol Común);203403;19;1150.0;1185.0;19;EXP SOJA
29861;27/8/2026;08:12:30;13000.0;00:17:16;7;Aranda Marcelo Edgardo;0;773;25-031;FIBROMIXER PASTOREO 16%A.A. (P Girasol Común);203412;19;230.0;241.0;19;EXP SOJA
29862;27/8/2026;08:30:02;11000.0;02:48:48;7;Aranda Marcelo Edgardo;0;773;25-031;FIBROMIXER PASTOREO 16%A.A. (P Girasol Común);203426;19;115.0;123.0;19;EXP SOJA
29863;27/8/2026;11:20:21;40000.0;00:42:06;7;Aranda Marcelo Edgardo;0;1259;09-142;CREC. MELAZA 12 % A.A...;203439;19;150.0;161.0;19;EXP SOJA
29864;27/8/2026;12:02:51;35000.0;02:37:14;7;Aranda Marcelo Edgardo;0;1259;09-142;CREC. MELAZA 12 % A.A...;203451;19;570.0;603.0;19;EXP SOJA
29865;27/8/2026;14:47:42;10000.0;01:59:17;7;Aranda Marcelo Edgardo;0;773;25-031;FIBROMIXER PASTOREO 16%A.A. (P Girasol Común);203464;19;1150.0;1188.0;19;EXP SOJA
29866;27/8/2026;16:56:14;20000.0;01:54:15;7;Aranda Marcelo Edgardo;0;1259;09-142;CREC. MELAZA 12 % A.A...;203472;19;390.0;416.0;19;EXP SOJA
29867;27/8/2026;23:18:30;300.0;00:02:55;24;Barca, Fabian;1;1249;LCES;LIMPIEZA CIRCUITO EXPELLER SOJA;203481;19;300.0;294.0;19;EXP SOJA
29868;27/8/2026;23:24:50;3000.0;00:35:14;24;Barca, Fabian;1;986;ES;EXPELER DE SOJA MOLIDO;203482;19;3000.0;3010.0;19;EXP SOJA
29856;27/8/2026;01:21:44;14000.0;01:41:49;24;Barca, Fabian;1;1259;09-142;CREC. MELAZA 12 % A.A...;203388;73;1120.0;1141.0;73;PELLET CASCARA DE SOJA
29857;27/8/2026;03:07:58;21000.0;03:19:57;24;Barca, Fabian;1;1042;10-031;TER MELAZA 12.8%AA...;203397;73;420.0;455.0;73;PELLET CASCARA DE SOJA
29860;27/8/2026;06:32:35;23000.0;01:38:49;24;Barca, Fabian;1;773;25-031;FIBROMIXER PASTOREO 16%A.A. (P Girasol Común);203404;73;600.0;619.0;73;PELLET CASCARA DE SOJA
29861;27/8/2026;08:12:30;13000.0;00:17:16;7;Aranda Marcelo Edgardo;0;773;25-031;FIBROMIXER PASTOREO 16%A.A. (P Girasol Común);203413;73;120.0;107.0;73;PELLET CASCARA DE SOJA
29862;27/8/2026;08:30:02;11000.0;02:48:48;7;Aranda Marcelo Edgardo;0;773;25-031;FIBROMIXER PASTOREO 16%A.A. (P Girasol Común);203427;73;40.0;41.0;73;PELLET CASCARA DE SOJA
29863;27/8/2026;11:20:21;40000.0;00:42:06;7;Aranda Marcelo Edgardo;0;1259;09-142;CREC. MELAZA 12 % A.A...;203442;73;350.0;394.0;73;PELLET CASCARA DE SOJA
29864;27/8/2026;12:02:51;35000.0;02:37:14;7;Aranda Marcelo Edgardo;0;1259;09-142;CREC. MELAZA 12 % A.A...;203454;73;1330.0;1340.0;73;PELLET CASCARA DE SOJA
29866;27/8/2026;16:56:14;20000.0;01:54:15;7;Aranda Marcelo Edgardo;0;1259;09-142;CREC. MELAZA 12 % A.A...;203478;73;910.0;904.0;73;PELLET CASCARA DE SOJA
29856;27/8/2026;01:21:44;14000.0;01:41:49;24;Barca, Fabian;1;1259;09-142;CREC. MELAZA 12 % A.A...;203379;84;420.0;422.4;84;BENTONITA
29857;27/8/2026;03:07:58;21000.0;03:19:57;24;Barca, Fabian;1;1042;10-031;TER MELAZA 12.8%AA...;203395;84;420.0;432.0;84;BENTONITA
29863;27/8/2026;11:20:21;40000.0;00:42:06;7;Aranda Marcelo Edgardo;0;1259;09-142;CREC. MELAZA 12 % A.A...;203432;84;150.0;153.2;84;BENTONITA
29864;27/8/2026;12:02:51;35000.0;02:37:14;7;Aranda Marcelo Edgardo;0;1259;09-142;CREC. MELAZA 12 % A.A...;203445;84;570.0;577.4;84;BENTONITA
29866;27/8/2026;16:56:14;20000.0;01:54:15;7;Aranda Marcelo Edgardo;0;1259;09-142;CREC. MELAZA 12 % A.A...;203474;84;390.0;394.8;84;BENTONITA
29860;27/8/2026;06:32:35;23000.0;01:38:49;24;Barca, Fabian;1;773;25-031;FIBROMIXER PASTOREO 16%A.A. (P Girasol Común);203407;121;300.0;302.9;121;BIONUCLEO BOVINO 1%
29861;27/8/2026;08:12:30;13000.0;00:17:16;7;Aranda Marcelo Edgardo;0;773;25-031;FIBROMIXER PASTOREO 16%A.A. (P Girasol Común);203417;121;60.0;59.5;121;BIONUCLEO BOVINO 1%
29862;27/8/2026;08:30:02;11000.0;02:48:48;7;Aranda Marcelo Edgardo;0;773;25-031;FIBROMIXER PASTOREO 16%A.A. (P Girasol Común);203424;121;30.0;30.4;121;BIONUCLEO BOVINO 1%
29865;27/8/2026;14:47:42;10000.0;01:59:17;7;Aranda Marcelo Edgardo;0;773;25-031;FIBROMIXER PASTOREO 16%A.A. (P Girasol Común);203462;121;300.0;297.3;121;BIONUCLEO BOVINO 1%
29860;27/8/2026;06:32:35;23000.0;01:38:49;24;Barca, Fabian;1;773;25-031;FIBROMIXER PASTOREO 16%A.A. (P Girasol Común);203405;135;400.0;443.0;135;CUARTA DE CEBADA (hp2º)
29861;27/8/2026;08:12:30;13000.0;00:17:16;7;Aranda Marcelo Edgardo;0;773;25-031;FIBROMIXER PASTOREO 16%A.A. (P Girasol Común);203414;135;80.0;89.0;135;CUARTA DE CEBADA (hp2º)
29862;27/8/2026;08:30:02;11000.0;02:48:48;7;Aranda Marcelo Edgardo;0;773;25-031;FIBROMIXER PASTOREO 16%A.A. (P Girasol Común);203428;135;40.0;59.0;135;CUARTA DE CEBADA (hp2º)
29864;27/8/2026;12:02:51;35000.0;02:37:14;7;Aranda Marcelo Edgardo;0;1259;09-142;CREC. MELAZA 12 % A.A...;203455;135;2850.0;2876.0;135;CUARTA DE CEBADA (hp2º)
29865;27/8/2026;14:47:42;10000.0;01:59:17;7;Aranda Marcelo Edgardo;0;773;25-031;FIBROMIXER PASTOREO 16%A.A. (P Girasol Común);203465;135;1600.0;1598.0;135;CUARTA DE CEBADA (hp2º)
29866;27/8/2026;16:56:14;20000.0;01:54:15;7;Aranda Marcelo Edgardo;0;1259;09-142;CREC. MELAZA 12 % A.A...;203480;135;1950.0;1953.0;135;CUARTA DE CEBADA (hp2º)
29862;27/8/2026;08:30:02;11000.0;02:48:48;7;Aranda Marcelo Edgardo;0;773;25-031;FIBROMIXER PASTOREO 16%A.A. (P Girasol Común);203429;137;150.0;168.0;137;AFRECHILLO DE TRIGO 
29863;27/8/2026;11:20:21;40000.0;00:42:06;7;Aranda Marcelo Edgardo;0;1259;09-142;CREC. MELAZA 12 % A.A...;203440;137;500.0;499.0;137;AFRECHILLO DE TRIGO 
29864;27/8/2026;12:02:51;35000.0;02:37:14;7;Aranda Marcelo Edgardo;0;1259;09-142;CREC. MELAZA 12 % A.A...;203452;137;1900.0;1931.0;137;AFRECHILLO DE TRIGO 
29865;27/8/2026;14:47:42;10000.0;01:59:17;7;Aranda Marcelo Edgardo;0;773;25-031;FIBROMIXER PASTOREO 16%A.A. (P Girasol Común);203466;137;1400.0;1423.0;137;AFRECHILLO DE TRIGO 
29866;27/8/2026;16:56:14;20000.0;01:54:15;7;Aranda Marcelo Edgardo;0;1259;09-142;CREC. MELAZA 12 % A.A...;203473;137;1300.0;1311.0;137;AFRECHILLO DE TRIGO 
29856;27/8/2026;01:21:44;14000.0;01:41:49;24;Barca, Fabian;1;1259;09-142;CREC. MELAZA 12 % A.A...;203381;154;322.0;327.2;154;CARBONATO DE CALCIO
29857;27/8/2026;03:07:58;21000.0;03:19:57;24;Barca, Fabian;1;1042;10-031;TER MELAZA 12.8%AA...;203389;154;462.0;470.4;154;CARBONATO DE CALCIO
29860;27/8/2026;06:32:35;23000.0;01:38:49;24;Barca, Fabian;1;773;25-031;FIBROMIXER PASTOREO 16%A.A. (P Girasol Común);203398;154;260.0;258.0;154;CARBONATO DE CALCIO
29861;27/8/2026;08:12:30;13000.0;00:17:16;7;Aranda Marcelo Edgardo;0;773;25-031;FIBROMIXER PASTOREO 16%A.A. (P Girasol Común);203408;154;52.0;53.0;154;CARBONATO DE CALCIO
29862;27/8/2026;08:30:02;11000.0;02:48:48;7;Aranda Marcelo Edgardo;0;773;25-031;FIBROMIXER PASTOREO 16%A.A. (P Girasol Común);203419;154;26.0;29.0;154;CARBONATO DE CALCIO
29863;27/8/2026;11:20:21;40000.0;00:42:06;7;Aranda Marcelo Edgardo;0;1259;09-142;CREC. MELAZA 12 % A.A...;203434;154;115.0;116.6;154;CARBONATO DE CALCIO
29864;27/8/2026;12:02:51;35000.0;02:37:14;7;Aranda Marcelo Edgardo;0;1259;09-142;CREC. MELAZA 12 % A.A...;203447;154;437.0;436.2;154;CARBONATO DE CALCIO
29865;27/8/2026;14:47:42;10000.0;01:59:17;7;Aranda Marcelo Edgardo;0;773;25-031;FIBROMIXER PASTOREO 16%A.A. (P Girasol Común);203457;154;260.0;253.7;154;CARBONATO DE CALCIO
29866;27/8/2026;16:56:14;20000.0;01:54:15;7;Aranda Marcelo Edgardo;0;1259;09-142;CREC. MELAZA 12 % A.A...;203476;154;299.0;299.6;154;CARBONATO DE CALCIO
29856;27/8/2026;01:21:44;14000.0;01:41:49;24;Barca, Fabian;1;1259;09-142;CREC. MELAZA 12 % A.A...;203378;263;42.0;43.75;263;SUPLEFEED23
29857;27/8/2026;03:07:58;21000.0;03:19:57;24;Barca, Fabian;1;1042;10-031;TER MELAZA 12.8%AA...;203390;263;63.0;63.7;263;SUPLEFEED23
29863;27/8/2026;11:20:21;40000.0;00:42:06;7;Aranda Marcelo Edgardo;0;1259;09-142;CREC. MELAZA 12 % A.A...;203430;263;15.0;14.95;263;SUPLEFEED23
29864;27/8/2026;12:02:51;35000.0;02:37:14;7;Aranda Marcelo Edgardo;0;1259;09-142;CREC. MELAZA 12 % A.A...;203443;263;57.0;57.75;263;SUPLEFEED23
29866;27/8/2026;16:56:14;20000.0;01:54:15;7;Aranda Marcelo Edgardo;0;1259;09-142;CREC. MELAZA 12 % A.A...;203467;263;39.0;42.1;263;SUPLEFEED23
29856;27/8/2026;01:21:44;14000.0;01:41:49;24;Barca, Fabian;1;1259;09-142;CREC. MELAZA 12 % A.A...;203382;281;112.0;113.6;281;NITROPEC
29863;27/8/2026;11:20:21;40000.0;00:42:06;7;Aranda Marcelo Edgardo;0;1259;09-142;CREC. MELAZA 12 % A.A...;203433;281;40.0;41.15;281;NITROPEC
29864;27/8/2026;12:02:51;35000.0;02:37:14;7;Aranda Marcelo Edgardo;0;1259;09-142;CREC. MELAZA 12 % A.A...;203448;281;152.0;151.6;281;NITROPEC
29866;27/8/2026;16:56:14;20000.0;01:54:15;7;Aranda Marcelo Edgardo;0;1259;09-142;CREC. MELAZA 12 % A.A...;203470;281;104.0;107.0;281;NITROPEC
29871;28/8/2026;00:03:23;28000.0;03:57:47;24;Barca, Fabian;1;1253;99-010;TERMINADOR MELAZA PARAGUAY;203490;2;6580.0;6592.0;2;PELLET AFRECHILLO DE TRIGO
29872;28/8/2026;04:01:45;30000.0;04:18:14;24;Barca, Fabian;1;1202;22-036;FIBROMIXER 300 16% AA Girasol;203499;2;8998.0;9026.0;2;PELLET AFRECHILLO DE TRIGO
29873;28/8/2026;08:20:48;10000.0;01:30:29;7;Aranda Marcelo Edgardo;0;1202;22-036;FIBROMIXER 300 16% AA Girasol;203511;2;4090.0;4104.0;2;PELLET AFRECHILLO DE TRIGO
29874;28/8/2026;09:55:42;8000.0;01:22:55;7;Aranda Marcelo Edgardo;0;1202;22-036;FIBROMIXER 300 16% AA Girasol;203522;2;3272.0;3278.0;2;PELLET AFRECHILLO DE TRIGO
29875;28/8/2026;11:24:40;5000.0;00:52:11;7;Aranda Marcelo Edgardo;0;1120;05-113;RECRIA 16  AL 15%  A.A....;203534;2;1615.0;1631.0;2;PELLET AFRECHILLO DE TRIGO
29876;28/8/2026;12:23:55;8000.0;01:04:24;7;Aranda Marcelo Edgardo;0;1259;09-142;CREC. MELAZA 12 % A.A...;203546;2;2584.0;2603.0;2;PELLET AFRECHILLO DE TRIGO
29877;28/8/2026;13:34:01;8000.0;01:16:02;7;Aranda Marcelo Edgardo;0;1206;99-008;CREC. MELAZA PARAGUAY;203563;2;2280.0;2278.0;2;PELLET AFRECHILLO DE TRIGO
29878;28/8/2026;15:08:03;18000.0;02:38:46;7;Aranda Marcelo Edgardo;0;1093;01-026;TORO SERVICIOS.;203569;2;6534.0;6551.0;2;PELLET AFRECHILLO DE TRIGO
29879;28/8/2026;17:51:49;6000.0;01:07:33;7;Aranda Marcelo Edgardo;0;1279;19-032;ENGORDE BOVINO 12% A.A. .;203581;2;2472.0;2498.0;2;PELLET AFRECHILLO DE TRIGO
29880;28/8/2026;19:11:11;32000.0;04:06:49;7;Aranda Marcelo Edgardo;0;1290;FP0041;TERNERO DESTETE  COMAGRO;203590;2;8960.0;9060.0;2;PELLET AFRECHILLO DE TRIGO
29881;28/8/2026;23:19:03;30000.0;05:53:18;13;Romero Gabriel;0;1259;09-142;CREC. MELAZA 12 % A.A...;203599;2;9690.0;9709.0;2;PELLET AFRECHILLO DE TRIGO
29871;28/8/2026;00:03:23;28000.0;03:57:47;24;Barca, Fabian;1;1253;99-010;TERMINADOR MELAZA PARAGUAY;203487;5;9940.0;9981.0;5;MAIZ
29872;28/8/2026;04:01:45;30000.0;04:18:14;24;Barca, Fabian;1;1202;22-036;FIBROMIXER 300 16% AA Girasol;203496;5;1100.0;1141.0;5;MAIZ
29873;28/8/2026;08:20:48;10000.0;01:30:29;7;Aranda Marcelo Edgardo;0;1202;22-036;FIBROMIXER 300 16% AA Girasol;203508;5;500.0;521.0;5;MAIZ
29874;28/8/2026;09:55:42;8000.0;01:22:55;7;Aranda Marcelo Edgardo;0;1202;22-036;FIBROMIXER 300 16% AA Girasol;203519;5;400.0;420.0;5;MAIZ
29875;28/8/2026;11:24:40;5000.0;00:52:11;7;Aranda Marcelo Edgardo;0;1120;05-113;RECRIA 16  AL 15%  A.A....;203531;5;1500.0;1501.0;5;MAIZ
29876;28/8/2026;12:23:55;8000.0;01:04:24;7;Aranda Marcelo Edgardo;0;1259;09-142;CREC. MELAZA 12 % A.A...;203542;5;1200.0;1226.0;5;MAIZ
29877;28/8/2026;13:34:01;8000.0;01:16:02;7;Aranda Marcelo Edgardo;0;1206;99-008;CREC. MELAZA PARAGUAY;203559;5;2456.0;2458.0;5;MAIZ
29878;28/8/2026;15:08:03;18000.0;02:38:46;7;Aranda Marcelo Edgardo;0;1093;01-026;TORO SERVICIOS.;203571;5;3870.0;3935.0;5;MAIZ
29879;28/8/2026;17:51:49;6000.0;01:07:33;7;Aranda Marcelo Edgardo;0;1279;19-032;ENGORDE BOVINO 12% A.A. .;203584;5;1800.0;1815.0;5;MAIZ
29880;28/8/2026;19:11:11;32000.0;04:06:49;7;Aranda Marcelo Edgardo;0;1290;FP0041;TERNERO DESTETE  COMAGRO;203589;5;10880.0;10949.0;5;MAIZ
29881;28/8/2026;23:19:03;30000.0;05:53:18;13;Romero Gabriel;0;1259;09-142;CREC. MELAZA 12 % A.A...;203594;5;4500.0;4519.0;5;MAIZ
29871;28/8/2026;00:03:23;28000.0;03:57:47;24;Barca, Fabian;1;1253;99-010;TERMINADOR MELAZA PARAGUAY;203488;7;1400.0;1421.0;7;CASCARA ARROZ
29872;28/8/2026;04:01:45;30000.0;04:18:14;24;Barca, Fabian;1;1202;22-036;FIBROMIXER 300 16% AA Girasol;203497;7;2200.0;2204.0;7;CASCARA ARROZ
29873;28/8/2026;08:20:48;10000.0;01:30:29;7;Aranda Marcelo Edgardo;0;1202;22-036;FIBROMIXER 300 16% AA Girasol;203509;7;1000.0;1012.0;7;CASCARA ARROZ
29874;28/8/2026;09:55:42;8000.0;01:22:55;7;Aranda Marcelo Edgardo;0;1202;22-036;FIBROMIXER 300 16% AA Girasol;203520;7;800.0;816.0;7;CASCARA ARROZ
29875;28/8/2026;11:24:40;5000.0;00:52:11;7;Aranda Marcelo Edgardo;0;1120;05-113;RECRIA 16  AL 15%  A.A....;203536;7;200.0;218.0;7;CASCARA ARROZ
29876;28/8/2026;12:23:55;8000.0;01:04:24;7;Aranda Marcelo Edgardo;0;1259;09-142;CREC. MELAZA 12 % A.A...;203550;7;320.0;337.0;7;CASCARA ARROZ
29877;28/8/2026;13:34:01;8000.0;01:16:02;7;Aranda Marcelo Edgardo;0;1206;99-008;CREC. MELAZA PARAGUAY;203562;7;400.0;419.0;7;CASCARA ARROZ
29878;28/8/2026;15:08:03;18000.0;02:38:46;7;Aranda Marcelo Edgardo;0;1093;01-026;TORO SERVICIOS.;203570;7;450.0;479.0;7;CASCARA ARROZ
29879;28/8/2026;17:51:49;6000.0;01:07:33;7;Aranda Marcelo Edgardo;0;1279;19-032;ENGORDE BOVINO 12% A.A. .;203582;7;120.0;119.0;7;CASCARA ARROZ
29881;28/8/2026;23:19:03;30000.0;05:53:18;13;Romero Gabriel;0;1259;09-142;CREC. MELAZA 12 % A.A...;203602;7;1200.0;1233.0;7;CASCARA ARROZ
29871;28/8/2026;00:03:23;28000.0;03:57:47;24;Barca, Fabian;1;1253;99-010;TERMINADOR MELAZA PARAGUAY;203485;8;1400.0;1391.8;8;AFRECHO ARROZ
29872;28/8/2026;04:01:45;30000.0;04:18:14;24;Barca, Fabian;1;1202;22-036;FIBROMIXER 300 16% AA Girasol;203495;8;1540.0;1518.6;8;AFRECHO ARROZ
29873;28/8/2026;08:20:48;10000.0;01:30:29;7;Aranda Marcelo Edgardo;0;1202;22-036;FIBROMIXER 300 16% AA Girasol;203506;8;700.0;713.1;8;AFRECHO ARROZ
29874;28/8/2026;09:55:42;8000.0;01:22:55;7;Aranda Marcelo Edgardo;0;1202;22-036;FIBROMIXER 300 16% AA Girasol;203517;8;560.0;578.2;8;AFRECHO ARROZ
29875;28/8/2026;11:24:40;5000.0;00:52:11;7;Aranda Marcelo Edgardo;0;1120;05-113;RECRIA 16  AL 15%  A.A....;203527;8;250.0;259.1;8;AFRECHO ARROZ
29876;28/8/2026;12:23:55;8000.0;01:04:24;7;Aranda Marcelo Edgardo;0;1259;09-142;CREC. MELAZA 12 % A.A...;203540;8;400.0;415.6;8;AFRECHO ARROZ
29877;28/8/2026;13:34:01;8000.0;01:16:02;7;Aranda Marcelo Edgardo;0;1206;99-008;CREC. MELAZA PARAGUAY;203555;8;400.0;400.0;8;AFRECHO ARROZ
29878;28/8/2026;15:08:03;18000.0;02:38:46;7;Aranda Marcelo Edgardo;0;1093;01-026;TORO SERVICIOS.;203568;8;1260.0;1264.4;8;AFRECHO ARROZ
29879;28/8/2026;17:51:49;6000.0;01:07:33;7;Aranda Marcelo Edgardo;0;1279;19-032;ENGORDE BOVINO 12% A.A. .;203578;8;300.0;308.7;8;AFRECHO ARROZ
29881;28/8/2026;23:19:03;30000.0;05:53:18;13;Romero Gabriel;0;1259;09-142;CREC. MELAZA 12 % A.A...;203593;8;1500.0;1485.2;8;AFRECHO ARROZ
29871;28/8/2026;00:03:23;28000.0;03:57:47;24;Barca, Fabian;1;1253;99-010;TERMINADOR MELAZA PARAGUAY;203486;10;224.0;229.1;10;UREA
29872;28/8/2026;04:01:45;30000.0;04:18:14;24;Barca, Fabian;1;1202;22-036;FIBROMIXER 300 16% AA Girasol;203503;10;264.0;270.6;10;UREA
29873;28/8/2026;08:20:48;10000.0;01:30:29;7;Aranda Marcelo Edgardo;0;1202;22-036;FIBROMIXER 300 16% AA Girasol;203512;10;120.0;122.5;10;UREA
29874;28/8/2026;09:55:42;8000.0;01:22:55;7;Aranda Marcelo Edgardo;0;1202;22-036;FIBROMIXER 300 16% AA Girasol;203523;10;96.0;100.6;10;UREA
29875;28/8/2026;11:24:40;5000.0;00:52:11;7;Aranda Marcelo Edgardo;0;1120;05-113;RECRIA 16  AL 15%  A.A....;203532;10;35.0;42.0;10;UREA
29876;28/8/2026;12:23:55;8000.0;01:04:24;7;Aranda Marcelo Edgardo;0;1259;09-142;CREC. MELAZA 12 % A.A...;203545;10;56.0;60.1;10;UREA
29877;28/8/2026;13:34:01;8000.0;01:16:02;7;Aranda Marcelo Edgardo;0;1206;99-008;CREC. MELAZA PARAGUAY;203556;10;64.0;64.0;10;UREA
29879;28/8/2026;17:51:49;6000.0;01:07:33;7;Aranda Marcelo Edgardo;0;1279;19-032;ENGORDE BOVINO 12% A.A. .;203579;10;18.0;18.3;10;UREA
29881;28/8/2026;23:19:03;30000.0;05:53:18;13;Romero Gabriel;0;1259;09-142;CREC. MELAZA 12 % A.A...;203598;10;210.0;218.3;10;UREA
29871;28/8/2026;00:03:23;28000.0;03:57:47;24;Barca, Fabian;1;1253;99-010;TERMINADOR MELAZA PARAGUAY;203489;11;448.0;453.3;11;SAL
29872;28/8/2026;04:01:45;30000.0;04:18:14;24;Barca, Fabian;1;1202;22-036;FIBROMIXER 300 16% AA Girasol;203498;11;308.0;307.5;11;SAL
29873;28/8/2026;08:20:48;10000.0;01:30:29;7;Aranda Marcelo Edgardo;0;1202;22-036;FIBROMIXER 300 16% AA Girasol;203507;11;140.0;145.4;11;SAL
29874;28/8/2026;09:55:42;8000.0;01:22:55;7;Aranda Marcelo Edgardo;0;1202;22-036;FIBROMIXER 300 16% AA Girasol;203518;11;112.0;113.4;11;SAL
29875;28/8/2026;11:24:40;5000.0;00:52:11;7;Aranda Marcelo Edgardo;0;1120;05-113;RECRIA 16  AL 15%  A.A....;203528;11;80.0;80.5;11;SAL
29876;28/8/2026;12:23:55;8000.0;01:04:24;7;Aranda Marcelo Edgardo;0;1259;09-142;CREC. MELAZA 12 % A.A...;203549;11;128.0;133.8;11;SAL
29877;28/8/2026;13:34:01;8000.0;01:16:02;7;Aranda Marcelo Edgardo;0;1206;99-008;CREC. MELAZA PARAGUAY;203557;11;128.0;129.8;11;SAL
29878;28/8/2026;15:08:03;18000.0;02:38:46;7;Aranda Marcelo Edgardo;0;1093;01-026;TORO SERVICIOS.;203572;11;144.0;149.0;11;SAL
29879;28/8/2026;17:51:49;6000.0;01:07:33;7;Aranda Marcelo Edgardo;0;1279;19-032;ENGORDE BOVINO 12% A.A. .;203586;11;96.0;92.1;11;SAL
29881;28/8/2026;23:19:03;30000.0;05:53:18;13;Romero Gabriel;0;1259;09-142;CREC. MELAZA 12 % A.A...;203604;11;480.0;485.8;11;SAL
29871;28/8/2026;00:03:23;28000.0;03:57:47;24;Barca, Fabian;1;1253;99-010;TERMINADOR MELAZA PARAGUAY;203491;19;1960.0;2026.0;19;EXP SOJA
29872;28/8/2026;04:01:45;30000.0;04:18:14;24;Barca, Fabian;1;1202;22-036;FIBROMIXER 300 16% AA Girasol;203494;19;2200.0;2214.0;19;EXP SOJA
29873;28/8/2026;08:20:48;10000.0;01:30:29;7;Aranda Marcelo Edgardo;0;1202;22-036;FIBROMIXER 300 16% AA Girasol;203505;19;1000.0;1009.0;19;EXP SOJA
29874;28/8/2026;09:55:42;8000.0;01:22:55;7;Aranda Marcelo Edgardo;0;1202;22-036;FIBROMIXER 300 16% AA Girasol;203516;19;800.0;797.0;19;EXP SOJA
29875;28/8/2026;11:24:40;5000.0;00:52:11;7;Aranda Marcelo Edgardo;0;1120;05-113;RECRIA 16  AL 15%  A.A....;203537;19;150.0;150.0;19;EXP SOJA
29876;28/8/2026;12:23:55;8000.0;01:04:24;7;Aranda Marcelo Edgardo;0;1259;09-142;CREC. MELAZA 12 % A.A...;203547;19;240.0;245.0;19;EXP SOJA
29877;28/8/2026;13:34:01;8000.0;01:16:02;7;Aranda Marcelo Edgardo;0;1206;99-008;CREC. MELAZA PARAGUAY;203564;19;240.0;230.0;19;EXP SOJA
29878;28/8/2026;15:08:03;18000.0;02:38:46;7;Aranda Marcelo Edgardo;0;1093;01-026;TORO SERVICIOS.;203574;19;1134.0;1181.0;19;EXP SOJA
29879;28/8/2026;17:51:49;6000.0;01:07:33;7;Aranda Marcelo Edgardo;0;1279;19-032;ENGORDE BOVINO 12% A.A. .;203585;19;180.0;200.0;19;EXP SOJA
29880;28/8/2026;19:11:11;32000.0;04:06:49;7;Aranda Marcelo Edgardo;0;1290;FP0041;TERNERO DESTETE  COMAGRO;203591;19;11040.0;11091.0;19;EXP SOJA
29881;28/8/2026;23:19:03;30000.0;05:53:18;13;Romero Gabriel;0;1259;09-142;CREC. MELAZA 12 % A.A...;203600;19;900.0;898.0;19;EXP SOJA
29872;28/8/2026;04:01:45;30000.0;04:18:14;24;Barca, Fabian;1;1202;22-036;FIBROMIXER 300 16% AA Girasol;203502;73;1100.0;1162.0;73;PELLET CASCARA DE SOJA
29873;28/8/2026;08:20:48;10000.0;01:30:29;7;Aranda Marcelo Edgardo;0;1202;22-036;FIBROMIXER 300 16% AA Girasol;203514;73;500.0;510.0;73;PELLET CASCARA DE SOJA
29874;28/8/2026;09:55:42;8000.0;01:22:55;7;Aranda Marcelo Edgardo;0;1202;22-036;FIBROMIXER 300 16% AA Girasol;203525;73;400.0;414.0;73;PELLET CASCARA DE SOJA
29875;28/8/2026;11:24:40;5000.0;00:52:11;7;Aranda Marcelo Edgardo;0;1120;05-113;RECRIA 16  AL 15%  A.A....;203538;73;350.0;375.0;73;PELLET CASCARA DE SOJA
29876;28/8/2026;12:23:55;8000.0;01:04:24;7;Aranda Marcelo Edgardo;0;1259;09-142;CREC. MELAZA 12 % A.A...;203551;73;560.0;568.0;73;PELLET CASCARA DE SOJA
29878;28/8/2026;15:08:03;18000.0;02:38:46;7;Aranda Marcelo Edgardo;0;1093;01-026;TORO SERVICIOS.;203573;73;2232.0;2291.0;73;PELLET CASCARA DE SOJA
29881;28/8/2026;23:19:03;30000.0;05:53:18;13;Romero Gabriel;0;1259;09-142;CREC. MELAZA 12 % A.A...;203603;73;2100.0;2158.0;73;PELLET CASCARA DE SOJA
29875;28/8/2026;11:24:40;5000.0;00:52:11;7;Aranda Marcelo Edgardo;0;1120;05-113;RECRIA 16  AL 15%  A.A....;203533;84;150.0;155.1;84;BENTONITA
29876;28/8/2026;12:23:55;8000.0;01:04:24;7;Aranda Marcelo Edgardo;0;1259;09-142;CREC. MELAZA 12 % A.A...;203541;84;240.0;238.8;84;BENTONITA
29877;28/8/2026;13:34:01;8000.0;01:16:02;7;Aranda Marcelo Edgardo;0;1206;99-008;CREC. MELAZA PARAGUAY;203560;84;240.0;241.7;84;BENTONITA
29879;28/8/2026;17:51:49;6000.0;01:07:33;7;Aranda Marcelo Edgardo;0;1279;19-032;ENGORDE BOVINO 12% A.A. .;203587;84;90.0;90.6;84;BENTONITA
29881;28/8/2026;23:19:03;30000.0;05:53:18;13;Romero Gabriel;0;1259;09-142;CREC. MELAZA 12 % A.A...;203595;84;900.0;904.0;84;BENTONITA
29872;28/8/2026;04:01:45;30000.0;04:18:14;24;Barca, Fabian;1;1202;22-036;FIBROMIXER 300 16% AA Girasol;203500;121;528.0;534.5;121;BIONUCLEO BOVINO 1%
29873;28/8/2026;08:20:48;10000.0;01:30:29;7;Aranda Marcelo Edgardo;0;1202;22-036;FIBROMIXER 300 16% AA Girasol;203510;121;240.0;240.1;121;BIONUCLEO BOVINO 1%
29874;28/8/2026;09:55:42;8000.0;01:22:55;7;Aranda Marcelo Edgardo;0;1202;22-036;FIBROMIXER 300 16% AA Girasol;203521;121;192.0;198.8;121;BIONUCLEO BOVINO 1%
29876;28/8/2026;12:23:55;8000.0;01:04:24;7;Aranda Marcelo Edgardo;0;1259;09-142;CREC. MELAZA 12 % A.A...;203552;135;1200.0;1210.0;135;CUARTA DE CEBADA (hp2º)
29877;28/8/2026;13:34:01;8000.0;01:16:02;7;Aranda Marcelo Edgardo;0;1206;99-008;CREC. MELAZA PARAGUAY;203561;135;800.0;826.0;135;CUARTA DE CEBADA (hp2º)
29878;28/8/2026;15:08:03;18000.0;02:38:46;7;Aranda Marcelo Edgardo;0;1093;01-026;TORO SERVICIOS.;203575;135;1800.0;1805.0;135;CUARTA DE CEBADA (hp2º)
29879;28/8/2026;17:51:49;6000.0;01:07:33;7;Aranda Marcelo Edgardo;0;1279;19-032;ENGORDE BOVINO 12% A.A. .;203583;135;840.0;860.0;135;CUARTA DE CEBADA (hp2º)
29881;28/8/2026;23:19:03;30000.0;05:53:18;13;Romero Gabriel;0;1259;09-142;CREC. MELAZA 12 % A.A...;203605;135;4500.0;4545.0;135;CUARTA DE CEBADA (hp2º)
29871;28/8/2026;00:03:23;28000.0;03:57:47;24;Barca, Fabian;1;1253;99-010;TERMINADOR MELAZA PARAGUAY;203492;137;5600.0;5638.0;137;AFRECHILLO DE TRIGO 
29872;28/8/2026;04:01:45;30000.0;04:18:14;24;Barca, Fabian;1;1202;22-036;FIBROMIXER 300 16% AA Girasol;203501;137;3300.0;3355.0;137;AFRECHILLO DE TRIGO 
29873;28/8/2026;08:20:48;10000.0;01:30:29;7;Aranda Marcelo Edgardo;0;1202;22-036;FIBROMIXER 300 16% AA Girasol;203513;137;1500.0;1517.0;137;AFRECHILLO DE TRIGO 
29874;28/8/2026;09:55:42;8000.0;01:22:55;7;Aranda Marcelo Edgardo;0;1202;22-036;FIBROMIXER 300 16% AA Girasol;203524;137;1200.0;1204.0;137;AFRECHILLO DE TRIGO 
29875;28/8/2026;11:24:40;5000.0;00:52:11;7;Aranda Marcelo Edgardo;0;1120;05-113;RECRIA 16  AL 15%  A.A....;203535;137;500.0;513.0;137;AFRECHILLO DE TRIGO 
29876;28/8/2026;12:23:55;8000.0;01:04:24;7;Aranda Marcelo Edgardo;0;1259;09-142;CREC. MELAZA 12 % A.A...;203548;137;800.0;802.0;137;AFRECHILLO DE TRIGO 
29877;28/8/2026;13:34:01;8000.0;01:16:02;7;Aranda Marcelo Edgardo;0;1206;99-008;CREC. MELAZA PARAGUAY;203565;137;800.0;789.0;137;AFRECHILLO DE TRIGO 
29881;28/8/2026;23:19:03;30000.0;05:53:18;13;Romero Gabriel;0;1259;09-142;CREC. MELAZA 12 % A.A...;203601;137;3000.0;2978.0;137;AFRECHILLO DE TRIGO 
29871;28/8/2026;00:03:23;28000.0;03:57:47;24;Barca, Fabian;1;1253;99-010;TERMINADOR MELAZA PARAGUAY;203483;154;336.0;348.4;154;CARBONATO DE CALCIO
29872;28/8/2026;04:01:45;30000.0;04:18:14;24;Barca, Fabian;1;1202;22-036;FIBROMIXER 300 16% AA Girasol;203493;154;462.0;463.2;154;CARBONATO DE CALCIO
29873;28/8/2026;08:20:48;10000.0;01:30:29;7;Aranda Marcelo Edgardo;0;1202;22-036;FIBROMIXER 300 16% AA Girasol;203504;154;210.0;210.1;154;CARBONATO DE CALCIO
29874;28/8/2026;09:55:42;8000.0;01:22:55;7;Aranda Marcelo Edgardo;0;1202;22-036;FIBROMIXER 300 16% AA Girasol;203515;154;168.0;169.7;154;CARBONATO DE CALCIO
29875;28/8/2026;11:24:40;5000.0;00:52:11;7;Aranda Marcelo Edgardo;0;1120;05-113;RECRIA 16  AL 15%  A.A....;203526;154;115.0;112.0;154;CARBONATO DE CALCIO
29876;28/8/2026;12:23:55;8000.0;01:04:24;7;Aranda Marcelo Edgardo;0;1259;09-142;CREC. MELAZA 12 % A.A...;203543;154;184.0;187.0;154;CARBONATO DE CALCIO
29877;28/8/2026;13:34:01;8000.0;01:16:02;7;Aranda Marcelo Edgardo;0;1206;99-008;CREC. MELAZA PARAGUAY;203553;154;104.0;109.2;154;CARBONATO DE CALCIO
29878;28/8/2026;15:08:03;18000.0;02:38:46;7;Aranda Marcelo Edgardo;0;1093;01-026;TORO SERVICIOS.;203566;154;522.0;517.0;154;CARBONATO DE CALCIO
29879;28/8/2026;17:51:49;6000.0;01:07:33;7;Aranda Marcelo Edgardo;0;1279;19-032;ENGORDE BOVINO 12% A.A. .;203576;154;54.0;58.8;154;CARBONATO DE CALCIO
29881;28/8/2026;23:19:03;30000.0;05:53:18;13;Romero Gabriel;0;1259;09-142;CREC. MELAZA 12 % A.A...;203597;154;690.0;689.7;154;CARBONATO DE CALCIO
29880;28/8/2026;19:11:11;32000.0;04:06:49;7;Aranda Marcelo Edgardo;0;1290;FP0041;TERNERO DESTETE  COMAGRO;203588;184;1120.0;1126.8;184;PREMIX TERNERO PROFEED
29871;28/8/2026;00:03:23;28000.0;03:57:47;24;Barca, Fabian;1;1253;99-010;TERMINADOR MELAZA PARAGUAY;203484;263;112.0;114.35;263;SUPLEFEED23
29875;28/8/2026;11:24:40;5000.0;00:52:11;7;Aranda Marcelo Edgardo;0;1120;05-113;RECRIA 16  AL 15%  A.A....;203530;263;15.0;15.9;263;SUPLEFEED23
29876;28/8/2026;12:23:55;8000.0;01:04:24;7;Aranda Marcelo Edgardo;0;1259;09-142;CREC. MELAZA 12 % A.A...;203539;263;24.0;25.0;263;SUPLEFEED23
29877;28/8/2026;13:34:01;8000.0;01:16:02;7;Aranda Marcelo Edgardo;0;1206;99-008;CREC. MELAZA PARAGUAY;203554;263;24.0;24.55;263;SUPLEFEED23
29878;28/8/2026;15:08:03;18000.0;02:38:46;7;Aranda Marcelo Edgardo;0;1093;01-026;TORO SERVICIOS.;203567;263;54.0;55.75;263;SUPLEFEED23
29879;28/8/2026;17:51:49;6000.0;01:07:33;7;Aranda Marcelo Edgardo;0;1279;19-032;ENGORDE BOVINO 12% A.A. .;203577;263;12.0;12.45;263;SUPLEFEED23
29881;28/8/2026;23:19:03;30000.0;05:53:18;13;Romero Gabriel;0;1259;09-142;CREC. MELAZA 12 % A.A...;203592;263;90.0;91.05;263;SUPLEFEED23
29875;28/8/2026;11:24:40;5000.0;00:52:11;7;Aranda Marcelo Edgardo;0;1120;05-113;RECRIA 16  AL 15%  A.A....;203529;281;40.0;40.2;281;NITROPEC
29876;28/8/2026;12:23:55;8000.0;01:04:24;7;Aranda Marcelo Edgardo;0;1259;09-142;CREC. MELAZA 12 % A.A...;203544;281;64.0;65.05;281;NITROPEC
29877;28/8/2026;13:34:01;8000.0;01:16:02;7;Aranda Marcelo Edgardo;0;1206;99-008;CREC. MELAZA PARAGUAY;203558;281;64.0;63.35;281;NITROPEC
29879;28/8/2026;17:51:49;6000.0;01:07:33;7;Aranda Marcelo Edgardo;0;1279;19-032;ENGORDE BOVINO 12% A.A. .;203580;281;18.0;17.1;281;NITROPEC
29881;28/8/2026;23:19:03;30000.0;05:53:18;13;Romero Gabriel;0;1259;09-142;CREC. MELAZA 12 % A.A...;203596;281;240.0;240.25;281;NITROPEC
29882;29/8/2026;05:12:45;10000.0;01:06:13;13;Romero Gabriel;0;1244;R14-001;RECRIA 14 CON MAIZ (quebradora);203612;2;4350.0;4358.0;2;PELLET AFRECHILLO DE TRIGO
29882;29/8/2026;05:12:45;10000.0;01:06:13;13;Romero Gabriel;0;1244;R14-001;RECRIA 14 CON MAIZ (quebradora);203609;5;2500.0;2489.0;5;MAIZ
29882;29/8/2026;05:12:45;10000.0;01:06:13;13;Romero Gabriel;0;1244;R14-001;RECRIA 14 CON MAIZ (quebradora);203608;8;2000.0;2016.5;8;AFRECHO ARROZ
29882;29/8/2026;05:12:45;10000.0;01:06:13;13;Romero Gabriel;0;1244;R14-001;RECRIA 14 CON MAIZ (quebradora);203610;11;200.0;204.8;11;SAL
29882;29/8/2026;05:12:45;10000.0;01:06:13;13;Romero Gabriel;0;1244;R14-001;RECRIA 14 CON MAIZ (quebradora);203606;154;150.0;161.4;154;CARBONATO DE CALCIO
29882;29/8/2026;05:12:45;10000.0;01:06:13;13;Romero Gabriel;0;1244;R14-001;RECRIA 14 CON MAIZ (quebradora);203611;240;750.0;746.0;240;PELLET DE ALFALFA
29882;29/8/2026;05:12:45;10000.0;01:06:13;13;Romero Gabriel;0;1244;R14-001;RECRIA 14 CON MAIZ (quebradora);203607;281;50.0;50.35;281;NITROPEC
29885;30/8/2026;23:10:30;270.0;00:02:35;7;Aranda Marcelo Edgardo;0;139;Limpieza;LIMPIEZA CIRCUITO;203614;5;250.0;247.0;5;MAIZ
29886;30/8/2026;23:35:29;6000.0;00:28:15;7;Aranda Marcelo Edgardo;0;1087;FC625;DESARROLLO CERDOS SANCHEZ;203616;5;3900.0;3895.0;5;MAIZ
29886;30/8/2026;23:35:29;6000.0;00:28:15;7;Aranda Marcelo Edgardo;0;1087;FC625;DESARROLLO CERDOS SANCHEZ;203617;19;1950.0;1949.0;19;EXP SOJA
29885;30/8/2026;23:10:30;270.0;00:02:35;7;Aranda Marcelo Edgardo;0;139;Limpieza;LIMPIEZA CIRCUITO;203613;154;20.0;20.1;154;CARBONATO DE CALCIO
29886;30/8/2026;23:35:29;6000.0;00:28:15;7;Aranda Marcelo Edgardo;0;1087;FC625;DESARROLLO CERDOS SANCHEZ;203615;197;150.0;156.4;197;tK DESARROLLO 2,5%
29887;31/8/2026;00:12:53;5000.0;00:33:10;7;Aranda Marcelo Edgardo;0;1085;FP0017;DESARROLLO TERNEROS CON SAL SORGO (LA MALVINA);203621;2;1000.0;998.0;2;PELLET AFRECHILLO DE TRIGO
29888;31/8/2026;00:51:16;32000.0;02:53:28;7;Aranda Marcelo Edgardo;0;1290;FP0041;TERNERO DESTETE  COMAGRO;203627;2;5320.0;5332.0;2;PELLET AFRECHILLO DE TRIGO
29889;31/8/2026;03:45:21;13000.0;02:09:09;7;Aranda Marcelo Edgardo;0;1290;FP0041;TERNERO DESTETE  COMAGRO;203632;2;3757.0;3790.0;2;PELLET AFRECHILLO DE TRIGO
29890;31/8/2026;06:00:51;6000.0;01:16:05;7;Aranda Marcelo Edgardo;0;1288;FP0039;TERNERO PREMIUM - DEST. DES. 21 (La Malvina);203638;2;1554.0;1545.0;2;PELLET AFRECHILLO DE TRIGO
29891;31/8/2026;07:20:44;10000.0;03:54:54;7;Aranda Marcelo Edgardo;0;1042;10-031;TER MELAZA 12.8%AA...;203643;2;1461.0;1477.0;2;PELLET AFRECHILLO DE TRIGO
29896;31/8/2026;12:19:52;45000.0;04:21:19;13;Romero Gabriel;0;1120;05-113;RECRIA 16  AL 15%  A.A....;203663;2;7644.0;7650.0;2;PELLET AFRECHILLO DE TRIGO
29897;31/8/2026;23:19:17;22000.0;02:53:19;7;Aranda Marcelo Edgardo;0;1120;05-113;RECRIA 16  AL 15%  A.A....;203675;2;9306.0;9337.0;2;PELLET AFRECHILLO DE TRIGO
29887;31/8/2026;00:12:53;5000.0;00:33:10;7;Aranda Marcelo Edgardo;0;1085;FP0017;DESARROLLO TERNEROS CON SAL SORGO (LA MALVINA);203619;5;1750.0;1731.0;5;MAIZ
29888;31/8/2026;00:51:16;32000.0;02:53:28;7;Aranda Marcelo Edgardo;0;1290;FP0041;TERNERO DESTETE  COMAGRO;203626;5;6460.0;6482.0;5;MAIZ
29889;31/8/2026;03:45:21;13000.0;02:09:09;7;Aranda Marcelo Edgardo;0;1290;FP0041;TERNERO DESTETE  COMAGRO;203631;5;4420.0;4434.0;5;MAIZ
29890;31/8/2026;06:00:51;6000.0;01:16:05;7;Aranda Marcelo Edgardo;0;1288;FP0039;TERNERO PREMIUM - DEST. DES. 21 (La Malvina);203635;5;1740.0;1741.0;5;MAIZ
29891;31/8/2026;07:20:44;10000.0;03:54:54;7;Aranda Marcelo Edgardo;0;1042;10-031;TER MELAZA 12.8%AA...;203642;5;900.0;892.0;5;MAIZ
29893;31/8/2026;11:17:25;270.0;00:02:15;13;Romero Gabriel;0;139;Limpieza;LIMPIEZA CIRCUITO;203650;5;250.0;242.0;5;MAIZ
29894;31/8/2026;11:22:23;2002.0;00:15:46;13;Romero Gabriel;0;1293;FC824;CERDAS GESTACION  (Sanchez) ;203652;5;1540.0;1552.0;5;MAIZ
29895;31/8/2026;11:38:34;2000.0;00:27:14;13;Romero Gabriel;0;1281;FC426;INICIADOR CERDOS SANCHEZ MAG 100;203656;5;1200.0;1208.0;5;MAIZ
29896;31/8/2026;12:19:52;45000.0;04:21:19;13;Romero Gabriel;0;1120;05-113;RECRIA 16  AL 15%  A.A....;203661;5;7000.0;7006.0;5;MAIZ
29897;31/8/2026;23:19:17;22000.0;02:53:19;7;Aranda Marcelo Edgardo;0;1120;05-113;RECRIA 16  AL 15%  A.A....;203674;5;5500.0;5533.0;5;MAIZ
29896;31/8/2026;12:19:52;45000.0;04:21:19;13;Romero Gabriel;0;1120;05-113;RECRIA 16  AL 15%  A.A....;203667;7;1120.0;1306.0;7;CASCARA ARROZ
29897;31/8/2026;23:19:17;22000.0;02:53:19;7;Aranda Marcelo Edgardo;0;1120;05-113;RECRIA 16  AL 15%  A.A....;203678;7;880.0;887.0;7;CASCARA ARROZ
29887;31/8/2026;00:12:53;5000.0;00:33:10;7;Aranda Marcelo Edgardo;0;1085;FP0017;DESARROLLO TERNEROS CON SAL SORGO (LA MALVINA);203624;8;1000.0;1002.3;8;AFRECHO ARROZ
29890;31/8/2026;06:00:51;6000.0;01:16:05;7;Aranda Marcelo Edgardo;0;1288;FP0039;TERNERO PREMIUM - DEST. DES. 21 (La Malvina);203634;8;600.0;622.9;8;AFRECHO ARROZ
29891;31/8/2026;07:20:44;10000.0;03:54:54;7;Aranda Marcelo Edgardo;0;1042;10-031;TER MELAZA 12.8%AA...;203641;8;240.0;254.2;8;AFRECHO ARROZ
29896;31/8/2026;12:19:52;45000.0;04:21:19;13;Romero Gabriel;0;1120;05-113;RECRIA 16  AL 15%  A.A....;203660;8;1400.0;1402.5;8;AFRECHO ARROZ
29897;31/8/2026;23:19:17;22000.0;02:53:19;7;Aranda Marcelo Edgardo;0;1120;05-113;RECRIA 16  AL 15%  A.A....;203672;8;1100.0;1079.5;8;AFRECHO ARROZ
29887;31/8/2026;00:12:53;5000.0;00:33:10;7;Aranda Marcelo Edgardo;0;1085;FP0017;DESARROLLO TERNEROS CON SAL SORGO (LA MALVINA);203620;10;50.0;48.3;10;UREA
29891;31/8/2026;07:20:44;10000.0;03:54:54;7;Aranda Marcelo Edgardo;0;1042;10-031;TER MELAZA 12.8%AA...;203647;10;15.0;10.5;10;UREA
29896;31/8/2026;12:19:52;45000.0;04:21:19;13;Romero Gabriel;0;1120;05-113;RECRIA 16  AL 15%  A.A....;203666;10;196.0;198.0;10;UREA
29897;31/8/2026;23:19:17;22000.0;02:53:19;7;Aranda Marcelo Edgardo;0;1120;05-113;RECRIA 16  AL 15%  A.A....;203683;10;154.0;163.7;10;UREA
29887;31/8/2026;00:12:53;5000.0;00:33:10;7;Aranda Marcelo Edgardo;0;1085;FP0017;DESARROLLO TERNEROS CON SAL SORGO (LA MALVINA);203623;11;100.0;97.8;11;SAL
29891;31/8/2026;07:20:44;10000.0;03:54:54;7;Aranda Marcelo Edgardo;0;1042;10-031;TER MELAZA 12.8%AA...;203646;11;39.0;46.5;11;SAL
29896;31/8/2026;12:19:52;45000.0;04:21:19;13;Romero Gabriel;0;1120;05-113;RECRIA 16  AL 15%  A.A....;203664;11;448.0;442.0;11;SAL
29897;31/8/2026;23:19:17;22000.0;02:53:19;7;Aranda Marcelo Edgardo;0;1120;05-113;RECRIA 16  AL 15%  A.A....;203682;11;352.0;351.2;11;SAL
29887;31/8/2026;00:12:53;5000.0;00:33:10;7;Aranda Marcelo Edgardo;0;1085;FP0017;DESARROLLO TERNEROS CON SAL SORGO (LA MALVINA);203622;19;850.0;855.0;19;EXP SOJA
29888;31/8/2026;00:51:16;32000.0;02:53:28;7;Aranda Marcelo Edgardo;0;1290;FP0041;TERNERO DESTETE  COMAGRO;203628;19;6555.0;6564.0;19;EXP SOJA
29889;31/8/2026;03:45:21;13000.0;02:09:09;7;Aranda Marcelo Edgardo;0;1290;FP0041;TERNERO DESTETE  COMAGRO;203633;19;4485.0;4509.0;19;EXP SOJA
29890;31/8/2026;06:00:51;6000.0;01:16:05;7;Aranda Marcelo Edgardo;0;1288;FP0039;TERNERO PREMIUM - DEST. DES. 21 (La Malvina);203636;19;1920.0;1928.0;19;EXP SOJA
29894;31/8/2026;11:22:23;2002.0;00:15:46;13;Romero Gabriel;0;1293;FC824;CERDAS GESTACION  (Sanchez) ;203654;19;360.0;353.0;19;EXP SOJA
29895;31/8/2026;11:38:34;2000.0;00:27:14;13;Romero Gabriel;0;1281;FC426;INICIADOR CERDOS SANCHEZ MAG 100;203657;19;600.0;589.0;19;EXP SOJA
29896;31/8/2026;12:19:52;45000.0;04:21:19;13;Romero Gabriel;0;1120;05-113;RECRIA 16  AL 15%  A.A....;203669;19;840.0;894.0;19;EXP SOJA
29897;31/8/2026;23:19:17;22000.0;02:53:19;7;Aranda Marcelo Edgardo;0;1120;05-113;RECRIA 16  AL 15%  A.A....;203679;19;660.0;682.0;19;EXP SOJA
29891;31/8/2026;07:20:44;10000.0;03:54:54;7;Aranda Marcelo Edgardo;0;1042;10-031;TER MELAZA 12.8%AA...;203644;34;150.0;160.0;34;REPROCESO 
29896;31/8/2026;12:19:52;45000.0;04:21:19;13;Romero Gabriel;0;1120;05-113;RECRIA 16  AL 15%  A.A....;203670;34;1400.0;1433.0;34;REPROCESO 
29897;31/8/2026;23:19:17;22000.0;02:53:19;7;Aranda Marcelo Edgardo;0;1120;05-113;RECRIA 16  AL 15%  A.A....;203680;34;1100.0;1112.0;34;REPROCESO 
29891;31/8/2026;07:20:44;10000.0;03:54:54;7;Aranda Marcelo Edgardo;0;1042;10-031;TER MELAZA 12.8%AA...;203645;73;60.0;61.0;73;PELLET CASCARA DE SOJA
29896;31/8/2026;12:19:52;45000.0;04:21:19;13;Romero Gabriel;0;1120;05-113;RECRIA 16  AL 15%  A.A....;203671;73;1960.0;2009.0;73;PELLET CASCARA DE SOJA
29897;31/8/2026;23:19:17;22000.0;02:53:19;7;Aranda Marcelo Edgardo;0;1120;05-113;RECRIA 16  AL 15%  A.A....;203681;73;1540.0;1551.0;73;PELLET CASCARA DE SOJA
29891;31/8/2026;07:20:44;10000.0;03:54:54;7;Aranda Marcelo Edgardo;0;1042;10-031;TER MELAZA 12.8%AA...;203648;84;60.0;63.5;84;BENTONITA
29896;31/8/2026;12:19:52;45000.0;04:21:19;13;Romero Gabriel;0;1120;05-113;RECRIA 16  AL 15%  A.A....;203668;84;840.0;821.4;84;BENTONITA
29897;31/8/2026;23:19:17;22000.0;02:53:19;7;Aranda Marcelo Edgardo;0;1120;05-113;RECRIA 16  AL 15%  A.A....;203684;84;660.0;669.9;84;BENTONITA
29896;31/8/2026;12:19:52;45000.0;04:21:19;13;Romero Gabriel;0;1120;05-113;RECRIA 16  AL 15%  A.A....;203665;137;4200.0;4241.0;137;AFRECHILLO DE TRIGO 
29889;31/8/2026;03:45:21;13000.0;02:09:09;7;Aranda Marcelo Edgardo;0;1290;FP0041;TERNERO DESTETE  COMAGRO;203629;154;299.0;307.8;154;CARBONATO DE CALCIO
29891;31/8/2026;07:20:44;10000.0;03:54:54;7;Aranda Marcelo Edgardo;0;1042;10-031;TER MELAZA 12.8%AA...;203639;154;66.0;62.7;154;CARBONATO DE CALCIO
29893;31/8/2026;11:17:25;270.0;00:02:15;13;Romero Gabriel;0;139;Limpieza;LIMPIEZA CIRCUITO;203649;154;20.0;23.5;154;CARBONATO DE CALCIO
29896;31/8/2026;12:19:52;45000.0;04:21:19;13;Romero Gabriel;0;1120;05-113;RECRIA 16  AL 15%  A.A....;203658;154;644.0;640.4;154;CARBONATO DE CALCIO
29897;31/8/2026;23:19:17;22000.0;02:53:19;7;Aranda Marcelo Edgardo;0;1120;05-113;RECRIA 16  AL 15%  A.A....;203673;154;506.0;510.8;154;CARBONATO DE CALCIO
29887;31/8/2026;00:12:53;5000.0;00:33:10;7;Aranda Marcelo Edgardo;0;1085;FP0017;DESARROLLO TERNEROS CON SAL SORGO (LA MALVINA);203618;171;250.0;254.3;171;PREMIX DESARROLLO PROFEED
29888;31/8/2026;00:51:16;32000.0;02:53:28;7;Aranda Marcelo Edgardo;0;1290;FP0041;TERNERO DESTETE  COMAGRO;203625;184;665.0;665.8;184;PREMIX TERNERO PROFEED
29890;31/8/2026;06:00:51;6000.0;01:16:05;7;Aranda Marcelo Edgardo;0;1288;FP0039;TERNERO PREMIUM - DEST. DES. 21 (La Malvina);203637;184;186.0;185.3;184;PREMIX TERNERO PROFEED
29895;31/8/2026;11:38:34;2000.0;00:27:14;13;Romero Gabriel;0;1281;FC426;INICIADOR CERDOS SANCHEZ MAG 100;203655;241;200.0;195.3;241;MAGNUN 100
29889;31/8/2026;03:45:21;13000.0;02:09:09;7;Aranda Marcelo Edgardo;0;1290;FP0041;TERNERO DESTETE  COMAGRO;203630;263;39.0;40.35;263;SUPLEFEED23
29891;31/8/2026;07:20:44;10000.0;03:54:54;7;Aranda Marcelo Edgardo;0;1042;10-031;TER MELAZA 12.8%AA...;203640;263;9.0;10.0;263;SUPLEFEED23
29896;31/8/2026;12:19:52;45000.0;04:21:19;13;Romero Gabriel;0;1120;05-113;RECRIA 16  AL 15%  A.A....;203662;263;84.0;81.25;263;SUPLEFEED23
29897;31/8/2026;23:19:17;22000.0;02:53:19;7;Aranda Marcelo Edgardo;0;1120;05-113;RECRIA 16  AL 15%  A.A....;203677;263;66.0;67.6;263;SUPLEFEED23
29896;31/8/2026;12:19:52;45000.0;04:21:19;13;Romero Gabriel;0;1120;05-113;RECRIA 16  AL 15%  A.A....;203659;281;224.0;225.2;281;NITROPEC
29897;31/8/2026;23:19:17;22000.0;02:53:19;7;Aranda Marcelo Edgardo;0;1120;05-113;RECRIA 16  AL 15%  A.A....;203676;281;176.0;178.4;281;NITROPEC
29894;31/8/2026;11:22:23;2002.0;00:15:46;13;Romero Gabriel;0;1293;FC824;CERDAS GESTACION  (Sanchez) ;203651;306;100.0;110.2;306;MAGNUM VITAL GESTACION 5%
29894;31/8/2026;11:22:23;2002.0;00:15:46;13;Romero Gabriel;0;1293;FC824;CERDAS GESTACION  (Sanchez) ;203653;317;2.0;2.0;317;SECUESTRANTE SANCHEZ
